id_pedido,data,categoria,preco_unitario,quantidade,regiao,forma_pagamento,valor_total
503,2024-01-01,Eletrônicos,1165.8,1,Sul,Cartão de Crédito,1165.8
2969,2024-01-01,Eletrônicos,3111.94,2,Centro-Oeste,Cartão de Crédito,6223.88
3726,2024-01-01,Moda,204.63,1,Sudeste,Cartão de Crédito,204.63
2548,2024-01-01,Eletrônicos,2420.09,1,Sudeste,Boleto,2420.09
515,2024-01-01,Esporte e Lazer,43.87,3,Sul,Cartão de Crédito,131.61
4962,2024-01-01,Moda,109.42,2,Sudeste,Cartão de Débito,218.84
2805,2024-01-01,Eletrônicos,2098.27,3,Nordeste,Pix,6294.81
3049,2024-01-01,Esporte e Lazer,261.95,4,Norte,Cartão de Crédito,1047.8
300,2024-01-01,Beleza,149.15,4,Sudeste,Cartão de Débito,596.6
52,2024-01-02,Livros,23.72,1,Sudeste,Cartão de Crédito,23.72
3656,2024-01-02,Livros,24.43,2,Centro-Oeste,Cartão de Crédito,48.86
2443,2024-01-02,Esporte e Lazer,53.78,3,Nordeste,Pix,161.34
2275,2024-01-02,Beleza,52.79,4,Sudeste,Cartão de Crédito,211.16
377,2024-01-02,Moda,130.06,2,Nordeste,Cartão de Crédito,260.12
2136,2024-01-02,Esporte e Lazer,251.08,1,Sudeste,Pix,251.08
3320,2024-01-03,Casa e Decoração,308.14,1,Sudeste,Cartão de Crédito,308.14
125,2024-01-03,Esporte e Lazer,182.94,3,Sudeste,Cartão de Crédito,548.82
3692,2024-01-03,Livros,29.96,2,Sudeste,Pix,59.92
201,2024-01-03,Esporte e Lazer,157.34,2,Sudeste,Cartão de Crédito,314.68
67,2024-01-03,Eletrônicos,2734.6,2,Sudeste,Cartão de Crédito,5469.2
1678,2024-01-04,Casa e Decoração,259.36,2,Sul,Cartão de Débito,518.72
155,2024-01-04,Livros,57.25,1,Sudeste,Pix,57.25
598,2024-01-05,Moda,101.32,2,Nordeste,Pix,202.64
3896,2024-01-05,Eletrônicos,2673.92,2,Sudeste,Cartão de Crédito,5347.84
4495,2024-01-05,Beleza,24.42,2,Nordeste,Pix,48.84
2646,2024-01-05,Beleza,205.3,1,Nordeste,Cartão de Crédito,205.3
2753,2024-01-05,Casa e Decoração,649.56,1,Nordeste,Cartão de Crédito,649.56
617,2024-01-06,Esporte e Lazer,252.38,3,Nordeste,Cartão de Crédito,757.14
42,2024-01-07,Livros,25.04,3,Centro-Oeste,Cartão de Crédito,75.12
656,2024-01-07,Livros,46.79,3,Norte,Cartão de Crédito,140.37
1953,2024-01-07,Moda,297.7,2,Sul,Cartão de Débito,595.4
2727,2024-01-07,Casa e Decoração,125.99,3,Sudeste,Cartão de Crédito,377.97
3329,2024-01-07,Eletrônicos,244.0,2,Sudeste,Cartão de Crédito,488.0
1833,2024-01-07,Beleza,17.08,2,Sudeste,Cartão de Crédito,34.16
4132,2024-01-07,Esporte e Lazer,462.22,3,Sul,Cartão de Crédito,1386.66
3146,2024-01-08,Eletrônicos,1916.04,3,Sudeste,Pix,5748.12
4993,2024-01-08,Esporte e Lazer,172.61,2,Sudeste,Cartão de Crédito,345.22
3618,2024-01-08,Livros,32.97,2,Sudeste,Cartão de Crédito,65.94
375,2024-01-08,Casa e Decoração,279.24,4,Sudeste,Boleto,1116.96
3427,2024-01-08,Casa e Decoração,590.98,2,Norte,Cartão de Débito,1181.96
3937,2024-01-08,Casa e Decoração,320.56,1,Sul,Cartão de Crédito,320.56
1193,2024-01-08,Moda,45.13,1,Centro-Oeste,Cartão de Crédito,45.13
2434,2024-01-09,Livros,56.66,2,Sul,Cartão de Crédito,113.32
2992,2024-01-09,Eletrônicos,1865.4,1,Nordeste,Cartão de Crédito,1865.4
905,2024-01-09,Esporte e Lazer,51.39,1,Sudeste,Boleto,51.39
108,2024-01-10,Casa e Decoração,484.19,1,Sudeste,Cartão de Crédito,484.19
4724,2024-01-10,Beleza,80.1,2,Norte,Cartão de Crédito,160.2
3881,2024-01-10,Esporte e Lazer,37.1,2,Sudeste,Pix,74.2
893,2024-01-10,Livros,62.52,4,Nordeste,Pix,250.08
203,2024-01-10,Livros,28.06,2,Centro-Oeste,Pix,56.12
1136,2024-01-10,Esporte e Lazer,483.65,1,Sul,Cartão de Débito,483.65
3851,2024-01-10,Casa e Decoração,326.23,4,Sudeste,Pix,1304.92
4833,2024-01-11,Esporte e Lazer,369.33,1,Sudeste,Cartão de Crédito,369.33
110,2024-01-11,Casa e Decoração,474.64,1,Sudeste,Pix,474.64
3576,2024-01-11,Livros,61.04,1,Sudeste,Cartão de Crédito,61.04
3509,2024-01-11,Moda,279.55,2,Nordeste,Cartão de Crédito,559.1
1462,2024-01-12,Casa e Decoração,89.06,3,Sudeste,Cartão de Crédito,267.18
2459,2024-01-12,Casa e Decoração,102.69,2,Sudeste,Cartão de Crédito,205.38
519,2024-01-12,Beleza,30.48,1,Sudeste,Cartão de Crédito,30.48
3390,2024-01-12,Moda,225.86,1,Sul,Pix,225.86
3974,2024-01-12,Esporte e Lazer,72.6,1,Nordeste,Cartão de Débito,72.6
4550,2024-01-12,Casa e Decoração,331.62,4,Sul,Pix,1326.48
4442,2024-01-12,Casa e Decoração,168.3,2,Norte,Pix,336.6
164,2024-01-12,Eletrônicos,2592.06,4,Sul,Cartão de Crédito,10368.24
3000,2024-01-12,Beleza,82.17,1,Sudeste,Pix,82.17
3653,2024-01-12,Moda,245.28,1,Sudeste,Pix,245.28
4451,2024-01-12,Livros,24.14,2,Nordeste,Pix,48.28
1993,2024-01-13,Eletrônicos,1600.85,4,Nordeste,Cartão de Crédito,6403.4
388,2024-01-13,Esporte e Lazer,532.85,3,Sudeste,Cartão de Crédito,1598.55
4646,2024-01-13,Eletrônicos,241.61,1,Sudeste,Cartão de Crédito,241.61
217,2024-01-13,Livros,83.41,1,Sudeste,Cartão de Crédito,83.41
1640,2024-01-13,Eletrônicos,463.77,1,Norte,Pix,463.77
3054,2024-01-13,Beleza,34.9,1,Sul,Cartão de Crédito,34.9
1710,2024-01-13,Moda,251.44,3,Sul,Cartão de Crédito,754.32
128,2024-01-14,Casa e Decoração,243.96,2,Nordeste,Cartão de Crédito,487.92
1956,2024-01-14,Esporte e Lazer,72.82,1,Nordeste,Pix,72.82
348,2024-01-14,Livros,43.97,1,Sudeste,Cartão de Crédito,43.97
1476,2024-01-14,Esporte e Lazer,225.29,2,Sudeste,Pix,450.58
3759,2024-01-14,Esporte e Lazer,80.03,1,Sudeste,Cartão de Crédito,80.03
4871,2024-01-15,Casa e Decoração,216.86,3,Sudeste,Cartão de Crédito,650.58
574,2024-01-15,Moda,112.39,1,Norte,Pix,112.39
4000,2024-01-15,Eletrônicos,517.7,1,Nordeste,Pix,517.7
343,2024-01-15,Moda,240.52,2,Sudeste,Cartão de Crédito,481.04
570,2024-01-15,Moda,134.27,3,Nordeste,Cartão de Crédito,402.81
4728,2024-01-16,Moda,192.85,3,Sudeste,Cartão de Crédito,578.55
3801,2024-01-16,Eletrônicos,2397.97,1,Sudeste,Cartão de Crédito,2397.97
3732,2024-01-16,Livros,72.58,3,Sudeste,Cartão de Crédito,217.74
41,2024-01-16,Esporte e Lazer,303.56,1,Sudeste,Pix,303.56
3464,2024-01-16,Eletrônicos,2636.34,2,Nordeste,Boleto,5272.68
2993,2024-01-17,Beleza,28.91,1,Sul,Pix,28.91
2971,2024-01-17,Esporte e Lazer,203.49,2,Sudeste,Pix,406.98
4730,2024-01-17,Beleza,173.67,4,Nordeste,Cartão de Crédito,694.68
2591,2024-01-17,Casa e Decoração,107.32,1,Nordeste,Cartão de Crédito,107.32
4409,2024-01-17,Casa e Decoração,83.33,1,Sudeste,Cartão de Crédito,83.33
2749,2024-01-17,Beleza,27.92,2,Sul,Cartão de Crédito,55.84
601,2024-01-17,Beleza,135.43,1,Sudeste,Pix,135.43
2574,2024-01-17,Casa e Decoração,282.2,2,Sudeste,Cartão de Crédito,564.4
812,2024-01-18,Beleza,188.67,1,Sudeste,Boleto,188.67
3841,2024-01-18,Esporte e Lazer,157.57,3,Nordeste,Pix,472.71
268,2024-01-19,Beleza,119.55,1,Sul,Pix,119.55
2974,2024-01-19,Casa e Decoração,298.96,2,Sudeste,Pix,597.92
2398,2024-01-19,Beleza,77.31,2,Sudeste,Cartão de Crédito,154.62
4281,2024-01-19,Esporte e Lazer,56.05,1,Sudeste,Pix,56.05
4303,2024-01-19,Moda,243.59,1,Sudeste,Cartão de Crédito,243.59
240,2024-01-19,Eletrônicos,956.54,3,Nordeste,Cartão de Crédito,2869.62
825,2024-01-19,Beleza,93.5,4,Sudeste,Pix,374.0
4112,2024-01-20,Livros,81.6,2,Nordeste,Cartão de Crédito,163.2
3666,2024-01-20,Esporte e Lazer,306.52,1,Sudeste,Cartão de Crédito,306.52
4985,2024-01-20,Beleza,189.37,2,Sudeste,Pix,378.74
3023,2024-01-20,Casa e Decoração,127.77,1,Nordeste,Cartão de Débito,127.77
4797,2024-01-20,Livros,72.94,4,Sudeste,Cartão de Crédito,291.76
3152,2024-01-20,Eletrônicos,1217.77,1,Sudeste,Cartão de Crédito,1217.77
4714,2024-01-20,Moda,161.22,3,Sul,Cartão de Crédito,483.66
4852,2024-01-21,Casa e Decoração,492.7,1,Sudeste,Cartão de Crédito,492.7
694,2024-01-21,Casa e Decoração,193.73,1,Sudeste,Boleto,193.73
1675,2024-01-21,Esporte e Lazer,204.01,1,Centro-Oeste,Pix,204.01
3101,2024-01-21,Casa e Decoração,203.24,2,Sudeste,Boleto,406.48
1583,2024-01-21,Esporte e Lazer,265.26,1,Sul,Cartão de Crédito,265.26
836,2024-01-21,Beleza,105.06,2,Nordeste,Cartão de Crédito,210.12
12,2024-01-21,Casa e Decoração,447.57,1,Sudeste,Pix,447.57
2886,2024-01-22,Casa e Decoração,415.65,1,Sudeste,Cartão de Crédito,415.65
1810,2024-01-22,Casa e Decoração,123.14,3,Nordeste,Boleto,369.42
1079,2024-01-22,Beleza,222.1,4,Nordeste,Cartão de Crédito,888.4
4690,2024-01-22,Livros,57.87,4,Sul,Cartão de Crédito,231.48
894,2024-01-22,Moda,51.05,2,Sudeste,Cartão de Débito,102.1
1548,2024-01-22,Moda,164.88,2,Sudeste,Boleto,329.76
64,2024-01-22,Esporte e Lazer,239.67,1,Sul,Pix,239.67
1062,2024-01-22,Eletrônicos,1630.15,3,Sul,Cartão de Crédito,4890.45
4153,2024-01-23,Esporte e Lazer,105.48,4,Sudeste,Cartão de Crédito,421.92
2339,2024-01-23,Livros,46.29,1,Nordeste,Cartão de Débito,46.29
4753,2024-01-23,Casa e Decoração,136.63,2,Sudeste,Cartão de Crédito,273.26
4341,2024-01-23,Beleza,114.37,2,Nordeste,Pix,228.74
414,2024-01-23,Eletrônicos,1328.92,2,Nordeste,Cartão de Débito,2657.84
1894,2024-01-23,Casa e Decoração,695.8,1,Nordeste,Pix,695.8
4059,2024-01-23,Livros,66.78,3,Sul,Pix,200.34
963,2024-01-23,Livros,47.63,4,Sudeste,Boleto,190.52
1203,2024-01-24,Casa e Decoração,101.91,1,Nordeste,Cartão de Crédito,101.91
3670,2024-01-25,Esporte e Lazer,439.47,2,Centro-Oeste,Cartão de Crédito,878.94
443,2024-01-25,Livros,40.93,2,Centro-Oeste,Cartão de Débito,81.86
224,2024-01-25,Livros,59.44,1,Sudeste,Cartão de Crédito,59.44
4814,2024-01-25,Casa e Decoração,67.15,2,Sul,Pix,134.3
1294,2024-01-25,Moda,177.71,1,Nordeste,Boleto,177.71
3292,2024-01-25,Esporte e Lazer,163.7,3,Sudeste,Cartão de Débito,491.1
4592,2024-01-26,Casa e Decoração,54.42,1,Sul,Cartão de Débito,54.42
1765,2024-01-26,Casa e Decoração,313.04,1,Nordeste,Cartão de Crédito,313.04
2412,2024-01-26,Esporte e Lazer,184.62,3,Sudeste,Cartão de Débito,553.86
4599,2024-01-26,Casa e Decoração,396.92,1,Centro-Oeste,Cartão de Crédito,396.92
932,2024-01-26,Casa e Decoração,66.56,1,Sudeste,Cartão de Crédito,66.56
2619,2024-01-27,Moda,105.83,2,Sudeste,Pix,211.66
3014,2024-01-27,Esporte e Lazer,470.85,2,Sul,Pix,941.7
1761,2024-01-27,Beleza,39.38,3,Centro-Oeste,Cartão de Crédito,118.14
2777,2024-01-27,Casa e Decoração,78.77,2,Centro-Oeste,Pix,157.54
309,2024-01-28,Casa e Decoração,152.31,1,Nordeste,Pix,152.31
4586,2024-01-28,Esporte e Lazer,461.75,3,Sudeste,Cartão de Crédito,1385.25
4106,2024-01-28,Casa e Decoração,228.69,2,Sudeste,Cartão de Crédito,457.38
3972,2024-01-28,Casa e Decoração,36.82,2,Nordeste,Cartão de Crédito,73.64
3691,2024-01-28,Eletrônicos,807.15,1,Nordeste,Boleto,807.15
2189,2024-01-28,Casa e Decoração,465.31,1,Sul,Pix,465.31
2744,2024-01-28,Livros,91.85,1,Nordeste,Cartão de Crédito,91.85
4809,2024-01-29,Beleza,32.64,4,Sudeste,Cartão de Crédito,130.56
2714,2024-01-29,Eletrônicos,2868.26,3,Norte,Pix,8604.78
1680,2024-01-29,Casa e Decoração,309.0,2,Sudeste,Pix,618.0
2504,2024-01-29,Eletrônicos,772.53,4,Sudeste,Pix,3090.12
3205,2024-01-29,Esporte e Lazer,62.41,1,Nordeste,Pix,62.41
2515,2024-01-29,Beleza,101.42,1,Sudeste,Pix,101.42
532,2024-01-29,Beleza,115.6,4,Sudeste,Cartão de Crédito,462.4
3294,2024-01-30,Esporte e Lazer,206.25,1,Nordeste,Cartão de Crédito,206.25
4308,2024-01-30,Beleza,89.97,2,Centro-Oeste,,179.94
2725,2024-01-30,Livros,40.77,1,Sudeste,Boleto,40.77
1442,2024-01-31,Casa e Decoração,443.79,1,Sudeste,Boleto,443.79
2948,2024-01-31,Beleza,80.28,1,Centro-Oeste,Cartão de Crédito,80.28
4316,2024-01-31,Eletrônicos,439.78,3,Sudeste,Cartão de Crédito,1319.34
4142,2024-01-31,Livros,92.62,2,Nordeste,Pix,185.24
854,2024-02-01,Eletrônicos,1866.28,2,Nordeste,Pix,3732.56
3123,2024-02-01,Casa e Decoração,537.98,2,Nordeste,Pix,1075.96
3569,2024-02-02,Casa e Decoração,33.21,1,Sudeste,Boleto,33.21
567,2024-02-02,Esporte e Lazer,125.34,1,Nordeste,Cartão de Crédito,125.34
3538,2024-02-02,Moda,138.84,3,Sudeste,Cartão de Crédito,416.52
1475,2024-02-03,Eletrônicos,2122.18,1,Sul,Cartão de Crédito,2122.18
1280,2024-02-03,Casa e Decoração,58.07,1,Sudeste,Cartão de Crédito,58.07
2354,2024-02-03,Moda,120.89,3,Sul,Pix,362.67
1254,2024-02-04,Moda,195.26,4,Sudeste,Cartão de Crédito,781.04
2093,2024-02-04,Eletrônicos,1001.75,2,Sul,Boleto,2003.5
4322,2024-02-04,Esporte e Lazer,78.63,3,Nordeste,Pix,235.89
4961,2024-02-04,Beleza,73.99,1,Sudeste,Cartão de Crédito,73.99
16,2024-02-04,Casa e Decoração,675.44,2,Sudeste,Pix,1350.88
4447,2024-02-04,Casa e Decoração,285.58,2,Sudeste,Cartão de Crédito,571.16
2932,2024-02-04,Esporte e Lazer,221.9,2,Sudeste,Cartão de Crédito,443.8
92,2024-02-05,Esporte e Lazer,144.13,1,Sudeste,Cartão de Crédito,144.13
1163,2024-02-05,Livros,28.08,1,Nordeste,Cartão de Crédito,28.08
46,2024-02-05,Casa e Decoração,398.57,2,Sul,Cartão de Crédito,797.14
1168,2024-02-05,Casa e Decoração,771.32,1,Norte,Pix,771.32
4910,2024-02-06,Eletrônicos,1418.22,2,Sudeste,Cartão de Crédito,2836.44
1636,2024-02-06,Livros,99.13,4,Nordeste,Boleto,396.52
4145,2024-02-06,Eletrônicos,2020.22,1,Norte,Cartão de Crédito,2020.22
1451,2024-02-06,Beleza,127.2,1,Sudeste,Cartão de Crédito,127.2
3291,2024-02-06,Esporte e Lazer,116.94,2,Centro-Oeste,Cartão de Crédito,233.88
718,2024-02-07,Eletrônicos,334.55,2,Nordeste,Cartão de Crédito,669.1
3550,2024-02-07,Esporte e Lazer,460.48,3,Sudeste,Cartão de Crédito,1381.44
2708,2024-02-07,Esporte e Lazer,113.07,1,Sudeste,Cartão de Crédito,113.07
4053,2024-02-08,Casa e Decoração,68.09,2,Sudeste,Cartão de Crédito,136.18
1955,2024-02-08,Esporte e Lazer,371.75,1,Nordeste,Cartão de Crédito,371.75
3223,2024-02-08,Esporte e Lazer,205.92,1,Sudeste,Cartão de Crédito,205.92
3212,2024-02-08,Beleza,221.91,2,Nordeste,Pix,443.82
2101,2024-02-08,Moda,188.89,2,Sul,Pix,377.78
686,2024-02-08,Esporte e Lazer,56.1,1,Nordeste,Cartão de Crédito,56.1
741,2024-02-08,Esporte e Lazer,39.66,3,Sudeste,Boleto,118.98
1011,2024-02-08,Casa e Decoração,78.82,2,Sudeste,Cartão de Crédito,157.64
227,2024-02-08,Beleza,153.73,2,Nordeste,Pix,307.46
1371,2024-02-08,Livros,33.37,2,Nordeste,Cartão de Crédito,66.74
2604,2024-02-08,Moda,59.08,1,Centro-Oeste,Pix,59.08
2678,2024-02-08,Eletrônicos,834.08,1,Norte,Cartão de Crédito,834.08
18,2024-02-09,Livros,30.61,1,Norte,Pix,30.61
228,2024-02-09,Casa e Decoração,354.96,1,Centro-Oeste,Pix,354.96
2017,2024-02-09,Moda,268.64,1,Nordeste,Pix,268.64
1720,2024-02-09,Esporte e Lazer,354.31,2,Sudeste,Cartão de Crédito,708.62
3148,2024-02-09,Eletrônicos,236.67,4,Sul,Cartão de Crédito,946.68
2147,2024-02-09,Esporte e Lazer,30.59,3,Sudeste,Cartão de Débito,91.77
4324,2024-02-10,Esporte e Lazer,181.52,2,Sudeste,Pix,363.04
4516,2024-02-10,Livros,55.02,2,Sul,Cartão de Crédito,110.04
4760,2024-02-10,Beleza,68.44,3,Sudeste,Pix,205.32
2439,2024-02-10,Eletrônicos,239.47,1,Centro-Oeste,Cartão de Crédito,239.47
3729,2024-02-10,Eletrônicos,805.2,2,Sudeste,Boleto,1610.4
1869,2024-02-10,Eletrônicos,245.58,2,Sudeste,Pix,491.16
101,2024-02-10,Esporte e Lazer,237.65,3,Norte,Cartão de Crédito,712.95
4464,2024-02-10,Beleza,19.57,1,Sudeste,Cartão de Crédito,19.57
4793,2024-02-10,Eletrônicos,1501.71,2,Nordeste,Cartão de Crédito,3003.42
3720,2024-02-11,Beleza,42.94,4,Norte,Pix,171.76
1427,2024-02-11,Beleza,47.88,4,Sudeste,Cartão de Crédito,191.52
2225,2024-02-11,Esporte e Lazer,279.87,2,Sudeste,Cartão de Crédito,559.74
370,2024-02-11,Livros,26.26,2,Sudeste,Cartão de Crédito,52.52
1739,2024-02-11,Casa e Decoração,299.38,3,Norte,,898.14
3397,2024-02-12,Livros,54.69,1,Sudeste,Boleto,54.69
212,2024-02-12,Casa e Decoração,404.39,3,Norte,Cartão de Crédito,1213.17
3874,2024-02-12,Esporte e Lazer,257.42,1,Sul,Cartão de Débito,257.42
1365,2024-02-12,Livros,29.85,1,Sudeste,Cartão de Crédito,29.85
806,2024-02-12,Esporte e Lazer,65.31,1,Sudeste,Cartão de Crédito,65.31
935,2024-02-12,Beleza,105.41,4,Sudeste,Cartão de Débito,421.64
3583,2024-02-13,Casa e Decoração,249.21,1,Sudeste,Cartão de Crédito,249.21
1490,2024-02-13,Eletrônicos,1118.97,2,Sudeste,Cartão de Crédito,2237.94
2429,2024-02-13,Eletrônicos,2209.22,2,Sudeste,Cartão de Crédito,4418.44
4416,2024-02-14,Moda,181.5,3,Centro-Oeste,Pix,544.5
1138,2024-02-15,Moda,200.64,4,Sul,Cartão de Crédito,802.56
4615,2024-02-15,Casa e Decoração,663.5,1,Nordeste,Cartão de Crédito,663.5
2494,2024-02-15,Moda,370.0,3,Sul,Cartão de Crédito,1110.0
713,2024-02-15,Livros,48.29,1,Sudeste,Cartão de Crédito,48.29
403,2024-02-16,Livros,59.35,1,Norte,Boleto,59.35
3081,2024-02-16,Moda,91.54,1,Sudeste,Cartão de Crédito,91.54
2931,2024-02-16,Beleza,61.95,1,Nordeste,Cartão de Crédito,61.95
3018,2024-02-16,Esporte e Lazer,196.13,1,Sul,Pix,196.13
831,2024-02-16,Esporte e Lazer,92.61,2,Sul,Pix,185.22
3820,2024-02-16,Eletrônicos,1433.84,1,Nordeste,Cartão de Crédito,1433.84
1859,2024-02-16,Beleza,89.7,3,Centro-Oeste,Cartão de Crédito,269.1
451,2024-02-16,Livros,41.57,1,Sul,Cartão de Crédito,41.57
1702,2024-02-16,Moda,130.62,4,Nordeste,Cartão de Crédito,522.48
1771,2024-02-17,Beleza,117.39,1,Centro-Oeste,Pix,117.39
2680,2024-02-17,Eletrônicos,291.49,1,Nordeste,Cartão de Crédito,291.49
4243,2024-02-17,Livros,77.71,4,Sudeste,Cartão de Crédito,310.84
3704,2024-02-18,Eletrônicos,2391.62,1,Sul,Cartão de Crédito,2391.62
2579,2024-02-18,Casa e Decoração,95.92,2,Sudeste,Pix,191.84
993,2024-02-18,Eletrônicos,366.96,2,Norte,Pix,733.92
3596,2024-02-18,Livros,58.21,4,Sul,Cartão de Débito,232.84
3241,2024-02-18,Casa e Decoração,66.21,1,Sudeste,Cartão de Crédito,66.21
438,2024-02-18,Casa e Decoração,165.4,1,Sudeste,Pix,165.4
1418,2024-02-19,Moda,59.0,2,Sul,Cartão de Crédito,118.0
2778,2024-02-19,Livros,46.1,1,Nordeste,Cartão de Crédito,46.1
3266,2024-02-20,Eletrônicos,2804.09,1,Centro-Oeste,Pix,2804.09
2524,2024-02-20,Esporte e Lazer,159.56,1,Centro-Oeste,Cartão de Crédito,159.56
2966,2024-02-20,Eletrônicos,618.16,1,Centro-Oeste,Cartão de Crédito,618.16
4932,2024-02-20,Beleza,34.27,1,Sudeste,Cartão de Crédito,34.27
1527,2024-02-20,Eletrônicos,1103.69,3,Sul,Cartão de Crédito,3311.07
3051,2024-02-20,Livros,32.28,2,Sul,Cartão de Crédito,64.56
1630,2024-02-22,Eletrônicos,1275.29,1,Nordeste,Cartão de Crédito,1275.29
277,2024-02-22,Eletrônicos,1647.28,1,Centro-Oeste,Cartão de Crédito,1647.28
358,2024-02-22,Moda,290.08,1,Nordeste,Cartão de Crédito,290.08
432,2024-02-22,Eletrônicos,2738.34,1,Sul,Pix,2738.34
2809,2024-02-22,Moda,334.69,4,Sul,Pix,1338.76
2493,2024-02-22,Casa e Decoração,185.7,1,Norte,Boleto,185.7
3407,2024-02-22,Moda,355.58,1,Norte,Cartão de Crédito,355.58
842,2024-02-22,Beleza,105.87,2,Sudeste,Boleto,211.74
4179,2024-02-23,Esporte e Lazer,517.44,3,Centro-Oeste,Cartão de Crédito,1552.32
4287,2024-02-23,Esporte e Lazer,237.06,3,Sul,Boleto,711.18
3699,2024-02-23,Livros,30.61,3,Centro-Oeste,Cartão de Crédito,91.83
344,2024-02-23,Beleza,87.91,3,Sudeste,Cartão de Crédito,263.73
4832,2024-02-23,Esporte e Lazer,318.28,4,Sudeste,Cartão de Crédito,1273.12
2235,2024-02-24,Casa e Decoração,412.54,1,Sudeste,Cartão de Crédito,412.54
945,2024-02-24,Eletrônicos,453.3,4,Sudeste,Cartão de Crédito,1813.2
3664,2024-02-24,Casa e Decoração,494.76,1,Nordeste,Cartão de Crédito,494.76
1543,2024-02-24,Beleza,199.23,3,Sudeste,Boleto,597.69
4874,2024-02-24,Esporte e Lazer,409.45,4,Sul,Boleto,1637.8
3866,2024-02-25,Moda,56.32,1,Sul,Pix,56.32
2045,2024-02-25,Casa e Decoração,447.99,1,Sul,Cartão de Débito,447.99
689,2024-02-25,Eletrônicos,394.49,2,Nordeste,Pix,788.98
74,2024-02-26,Esporte e Lazer,173.51,1,Nordeste,Cartão de Crédito,173.51
4263,2024-02-26,Eletrônicos,319.76,4,Sudeste,Cartão de Crédito,1279.04
3736,2024-02-26,Eletrônicos,1582.05,2,Centro-Oeste,Boleto,3164.1
4575,2024-02-27,Beleza,95.75,1,Norte,Cartão de Crédito,95.75
4002,2024-02-27,Eletrônicos,1506.87,3,Sul,Cartão de Crédito,4520.61
4161,2024-02-27,Moda,105.43,3,Sudeste,Cartão de Crédito,316.29
4974,2024-02-27,Moda,72.48,1,Sudeste,Cartão de Débito,72.48
2588,2024-02-27,Beleza,32.68,4,Sudeste,Cartão de Crédito,130.72
3696,2024-02-27,Esporte e Lazer,177.17,1,Sul,Pix,177.17
1511,2024-02-28,Esporte e Lazer,244.77,1,Sudeste,Cartão de Crédito,244.77
359,2024-02-28,Eletrônicos,597.29,1,Centro-Oeste,Cartão de Crédito,597.29
1217,2024-02-28,Livros,59.1,1,Sudeste,Cartão de Crédito,59.1
1963,2024-02-28,Eletrônicos,1060.6,2,Sudeste,Pix,2121.2
775,2024-02-28,Livros,56.07,2,Norte,Pix,112.14
28,2024-02-28,Eletrônicos,642.45,1,Nordeste,Pix,642.45
2842,2024-02-29,Esporte e Lazer,284.32,2,Nordeste,Cartão de Crédito,568.64
271,2024-02-29,Moda,58.57,3,Sul,Pix,175.71
1906,2024-02-29,Beleza,182.1,2,Sudeste,Pix,364.2
968,2024-02-29,Livros,26.77,3,Sul,Cartão de Crédito,80.31
4689,2024-03-01,Livros,37.38,1,Sudeste,Pix,37.38
3027,2024-03-01,Eletrônicos,1315.45,2,Sudeste,Pix,2630.9
1258,2024-03-01,Casa e Decoração,187.01,2,Norte,Pix,374.02
198,2024-03-02,Livros,31.9,1,Sudeste,Cartão de Crédito,31.9
4576,2024-03-02,Casa e Decoração,154.5,4,Norte,Cartão de Crédito,618.0
1649,2024-03-02,Eletrônicos,659.94,1,Nordeste,Pix,659.94
82,2024-03-02,Casa e Decoração,108.98,2,Nordeste,Pix,217.96
1696,2024-03-03,Moda,279.69,4,Centro-Oeste,Cartão de Crédito,1118.76
2529,2024-03-03,Moda,47.69,2,Sudeste,Cartão de Débito,95.38
3798,2024-03-03,Esporte e Lazer,394.3,1,Norte,Boleto,394.3
3501,2024-03-03,Beleza,91.67,2,Sul,Pix,183.34
4954,2024-03-03,Esporte e Lazer,455.99,3,Sudeste,Pix,1367.97
4918,2024-03-03,Moda,55.08,4,Nordeste,Pix,220.32
1221,2024-03-03,Esporte e Lazer,132.53,4,Sudeste,Cartão de Crédito,530.12
4353,2024-03-04,Beleza,43.14,3,Sudeste,Pix,129.42
2137,2024-03-04,Eletrônicos,475.52,1,Sudeste,Cartão de Crédito,475.52
308,2024-03-05,Livros,45.79,1,Sudeste,Cartão de Crédito,45.79
3342,2024-03-05,Beleza,82.94,2,Sul,Cartão de Crédito,165.88
2707,2024-03-05,Eletrônicos,818.83,1,Sudeste,Pix,818.83
3857,2024-03-05,Esporte e Lazer,72.44,1,Nordeste,Cartão de Crédito,72.44
1486,2024-03-05,Moda,301.9,1,Centro-Oeste,Pix,301.9
2870,2024-03-05,Moda,189.41,4,Centro-Oeste,Pix,757.64
2771,2024-03-05,Moda,86.75,4,Sul,Pix,347.0
3557,2024-03-06,Eletrônicos,2930.71,2,Sul,Cartão de Crédito,5861.42
959,2024-03-06,Livros,52.06,3,Centro-Oeste,Pix,156.18
3226,2024-03-06,Eletrônicos,641.83,1,Sudeste,Cartão de Crédito,641.83
2810,2024-03-06,Esporte e Lazer,201.9,4,Nordeste,Pix,807.6
2629,2024-03-06,Beleza,79.96,4,Nordeste,Pix,319.84
4338,2024-03-06,Casa e Decoração,392.96,1,Sul,Pix,392.96
1920,2024-03-07,Moda,122.95,1,Sul,Cartão de Crédito,122.95
1958,2024-03-07,Casa e Decoração,406.7,2,Sudeste,Cartão de Débito,813.4
3057,2024-03-07,Livros,35.41,4,Nordeste,Cartão de Crédito,141.64
3777,2024-03-08,Livros,42.82,2,Nordeste,Cartão de Débito,85.64
554,2024-03-08,Casa e Decoração,446.93,1,Nordeste,Cartão de Crédito,446.93
2384,2024-03-08,Casa e Decoração,468.84,1,Sudeste,Pix,468.84
2280,2024-03-09,Beleza,68.77,1,Sudeste,Cartão de Crédito,68.77
4785,2024-03-09,Casa e Decoração,522.62,2,Sul,Cartão de Crédito,1045.24
3562,2024-03-09,Esporte e Lazer,234.27,1,Centro-Oeste,Cartão de Crédito,234.27
9,2024-03-09,Livros,39.03,1,Sudeste,Cartão de Crédito,39.03
2836,2024-03-09,Beleza,19.59,1,Sul,Cartão de Crédito,19.59
1698,2024-03-09,Casa e Decoração,254.87,3,Sudeste,Pix,764.61
4318,2024-03-09,Moda,274.31,2,Sul,Cartão de Crédito,548.62
1517,2024-03-10,Moda,116.66,1,Nordeste,Cartão de Crédito,116.66
958,2024-03-10,Beleza,105.94,1,Sul,Cartão de Crédito,105.94
1922,2024-03-10,Esporte e Lazer,95.29,2,Nordeste,Cartão de Crédito,190.58
3046,2024-03-10,Eletrônicos,1150.06,2,Sul,Cartão de Crédito,2300.12
4737,2024-03-12,Livros,53.67,4,Sul,Cartão de Crédito,214.68
3968,2024-03-12,Eletrônicos,2281.24,4,Sul,Cartão de Crédito,9124.96
3193,2024-03-12,Esporte e Lazer,157.58,1,Sudeste,Boleto,157.58
263,2024-03-12,Casa e Decoração,371.91,2,Sul,Cartão de Crédito,743.82
2256,2024-03-13,Moda,110.85,3,Sudeste,Cartão de Crédito,332.55
2451,2024-03-13,Esporte e Lazer,195.83,1,Sudeste,Boleto,195.83
396,2024-03-13,Livros,23.15,1,Nordeste,Boleto,23.15
2808,2024-03-13,Casa e Decoração,485.37,1,Sudeste,Pix,485.37
4449,2024-03-13,Beleza,31.58,1,Sudeste,Pix,31.58
376,2024-03-13,Moda,113.08,1,Sudeste,Cartão de Crédito,113.08
3578,2024-03-13,Livros,48.23,3,Sudeste,Boleto,144.69
4804,2024-03-14,Livros,42.07,4,Sul,Cartão de Crédito,168.28
1713,2024-03-14,Beleza,46.72,1,Nordeste,Pix,46.72
4528,2024-03-14,Casa e Decoração,78.45,2,Nordeste,Cartão de Crédito,156.9
1218,2024-03-15,Beleza,123.7,1,Centro-Oeste,Cartão de Crédito,123.7
3375,2024-03-15,Eletrônicos,670.07,2,Sul,Cartão de Crédito,1340.14
3293,2024-03-15,Livros,42.05,3,Norte,Cartão de Crédito,126.15
2671,2024-03-15,Beleza,34.57,1,Norte,Cartão de Crédito,34.57
4024,2024-03-15,Casa e Decoração,233.57,3,Centro-Oeste,Cartão de Crédito,700.71
805,2024-03-15,Beleza,75.38,4,Nordeste,Pix,301.52
2503,2024-03-15,Moda,169.19,1,Sudeste,Cartão de Crédito,169.19
2020,2024-03-15,Esporte e Lazer,80.35,2,Sul,Cartão de Crédito,160.7
2478,2024-03-15,Moda,112.5,1,Nordeste,Cartão de Crédito,112.5
4552,2024-03-15,Moda,133.94,4,Sudeste,Pix,535.76
2827,2024-03-15,Eletrônicos,1300.33,2,Sudeste,Pix,2600.66
180,2024-03-15,Moda,349.22,1,Sul,Cartão de Crédito,349.22
878,2024-03-16,Beleza,105.29,2,Sudeste,Cartão de Crédito,210.58
1436,2024-03-16,Beleza,118.91,1,Sudeste,Pix,118.91
4312,2024-03-16,Eletrônicos,651.61,2,Norte,Cartão de Crédito,1303.22
1177,2024-03-16,Beleza,111.51,4,Nordeste,Cartão de Crédito,446.04
693,2024-03-16,Esporte e Lazer,361.89,1,Centro-Oeste,Pix,361.89
174,2024-03-17,Eletrônicos,343.7,2,Sudeste,Cartão de Crédito,687.4
4443,2024-03-17,Esporte e Lazer,204.39,1,Norte,Pix,204.39
3724,2024-03-18,Livros,54.57,3,Sul,Cartão de Crédito,163.71
411,2024-03-18,Eletrônicos,1993.96,1,Sul,Cartão de Crédito,1993.96
1918,2024-03-18,Moda,157.89,4,Sudeste,Cartão de Crédito,631.56
2217,2024-03-18,Moda,135.71,3,Sudeste,Cartão de Crédito,407.13
1272,2024-03-18,Esporte e Lazer,33.4,1,Centro-Oeste,Boleto,33.4
40,2024-03-18,Livros,55.24,1,Sudeste,Cartão de Crédito,55.24
3780,2024-03-19,Beleza,22.11,1,Sul,Cartão de Crédito,22.11
4824,2024-03-19,Esporte e Lazer,110.23,1,Sul,Cartão de Crédito,110.23
3680,2024-03-19,Moda,165.56,3,Sudeste,Pix,496.68
2994,2024-03-19,Beleza,21.99,2,Sudeste,Cartão de Crédito,43.98
2333,2024-03-20,Livros,23.58,4,Sudeste,Pix,94.32
4225,2024-03-20,Eletrônicos,1259.24,1,Sudeste,Pix,1259.24
3346,2024-03-21,Livros,44.68,1,Sudeste,Cartão de Crédito,44.68
4064,2024-03-21,Esporte e Lazer,34.98,1,Nordeste,Cartão de Crédito,34.98
1546,2024-03-21,Esporte e Lazer,273.86,1,Nordeste,Pix,273.86
1627,2024-03-21,Beleza,42.52,1,Nordeste,Cartão de Crédito,42.52
3186,2024-03-21,Moda,192.17,1,Sul,Pix,192.17
808,2024-03-22,Beleza,199.17,1,Sudeste,Cartão de Crédito,199.17
3250,2024-03-22,Esporte e Lazer,43.16,1,Sudeste,Pix,43.16
2391,2024-03-22,Esporte e Lazer,220.0,2,Sudeste,Cartão de Crédito,440.0
1817,2024-03-22,Beleza,117.2,2,Sudeste,Cartão de Crédito,234.4
587,2024-03-23,Casa e Decoração,112.77,3,Sudeste,Cartão de Crédito,338.31
3031,2024-03-23,Moda,195.94,1,Sudeste,Pix,195.94
1157,2024-03-23,Casa e Decoração,775.29,2,Nordeste,Cartão de Crédito,1550.58
1821,2024-03-23,Beleza,92.88,2,Sudeste,Cartão de Crédito,185.76
1667,2024-03-23,Beleza,86.5,1,Nordeste,Cartão de Crédito,86.5
4020,2024-03-24,Eletrônicos,842.53,1,Sudeste,Cartão de Crédito,842.53
4644,2024-03-24,Casa e Decoração,410.61,1,Nordeste,Cartão de Crédito,410.61
4235,2024-03-24,Casa e Decoração,68.62,1,Sudeste,Cartão de Crédito,68.62
3748,2024-03-24,Eletrônicos,1146.38,1,Nordeste,Pix,1146.38
3521,2024-03-24,Casa e Decoração,296.76,1,Nordeste,Cartão de Crédito,296.76
492,2024-03-24,Moda,247.37,1,Nordeste,Pix,247.37
4232,2024-03-24,Beleza,127.35,1,Sul,Pix,127.35
4907,2024-03-24,Livros,33.17,1,Sudeste,Cartão de Crédito,33.17
2869,2024-03-24,Esporte e Lazer,147.04,1,Nordeste,Pix,147.04
123,2024-03-24,Moda,137.53,2,Sudeste,Cartão de Crédito,275.06
2740,2024-03-25,Moda,81.32,3,Centro-Oeste,Cartão de Crédito,243.96
4028,2024-03-25,Livros,95.5,1,Sudeste,Cartão de Débito,95.5
122,2024-03-25,Eletrônicos,2544.41,1,Nordeste,Pix,2544.41
2571,2024-03-26,Livros,44.72,1,Sudeste,Pix,44.72
2148,2024-03-26,Moda,361.34,4,Nordeste,Pix,1445.36
2622,2024-03-26,Moda,126.32,2,Centro-Oeste,Pix,252.64
2055,2024-03-26,Beleza,187.23,1,Sudeste,Cartão de Crédito,187.23
116,2024-03-26,Casa e Decoração,201.94,1,Norte,Cartão de Débito,201.94
1682,2024-03-26,Livros,63.3,1,Sul,Cartão de Crédito,63.3
39,2024-03-26,Eletrônicos,751.98,2,Sudeste,Cartão de Crédito,1503.96
816,2024-03-27,Livros,84.17,2,Sudeste,Cartão de Crédito,168.34
2516,2024-03-27,Beleza,135.69,1,Sudeste,Cartão de Crédito,135.69
3885,2024-03-27,Esporte e Lazer,113.17,1,Sudeste,Cartão de Crédito,113.17
4333,2024-03-27,Moda,101.52,1,Sudeste,Cartão de Crédito,101.52
3523,2024-03-27,Livros,70.43,2,Sul,Cartão de Crédito,140.86
4206,2024-03-27,Beleza,118.25,2,Sul,Pix,236.5
3537,2024-03-28,Beleza,186.72,1,Sudeste,Pix,186.72
4778,2024-03-28,Casa e Decoração,263.89,2,Centro-Oeste,Pix,527.78
760,2024-03-28,Beleza,171.39,1,Sul,Cartão de Crédito,171.39
4503,2024-03-28,Livros,80.85,2,Sul,Pix,161.7
1120,2024-03-28,Eletrônicos,858.95,1,Nordeste,Cartão de Débito,858.95
1347,2024-03-29,Esporte e Lazer,220.08,2,Nordeste,Cartão de Crédito,440.16
4246,2024-03-29,Eletrônicos,270.62,2,Nordeste,Pix,541.24
695,2024-03-29,Casa e Decoração,161.77,1,Norte,Cartão de Crédito,161.77
951,2024-03-29,Beleza,136.62,2,Sudeste,Cartão de Débito,273.24
4154,2024-03-29,Eletrônicos,1783.49,3,Nordeste,Cartão de Crédito,5350.47
422,2024-03-30,Eletrônicos,234.53,1,Sudeste,Cartão de Crédito,234.53
1849,2024-03-30,Moda,104.17,2,Nordeste,Cartão de Crédito,208.34
2872,2024-03-30,Moda,197.83,2,Sudeste,Cartão de Débito,395.66
1063,2024-03-30,Eletrônicos,552.92,4,Nordeste,Cartão de Débito,2211.68
1072,2024-03-30,Casa e Decoração,126.36,4,Sudeste,Pix,505.44
50,2024-03-31,Beleza,93.61,2,Sudeste,Cartão de Crédito,187.22
1639,2024-03-31,Beleza,88.36,1,Nordeste,Pix,88.36
4555,2024-04-01,Livros,78.99,4,Sudeste,Boleto,315.96
3398,2024-04-01,Eletrônicos,558.36,2,Centro-Oeste,Cartão de Crédito,1116.72
2267,2024-04-01,Moda,97.55,1,Sudeste,Cartão de Crédito,97.55
2567,2024-04-01,Esporte e Lazer,64.53,1,Nordeste,Cartão de Débito,64.53
2421,2024-04-01,Moda,101.03,1,Nordeste,Boleto,101.03
4197,2024-04-01,Esporte e Lazer,142.62,1,Sudeste,Cartão de Crédito,142.62
298,2024-04-02,Moda,79.54,1,Sul,Pix,79.54
2659,2024-04-02,Livros,30.05,1,Nordeste,Cartão de Crédito,30.05
4664,2024-04-02,Eletrônicos,643.11,3,Sudeste,,1929.33
1198,2024-04-03,Livros,85.98,1,Sudeste,Cartão de Crédito,85.98
264,2024-04-04,Moda,120.32,2,Sudeste,Pix,240.64
3302,2024-04-04,Eletrônicos,631.86,1,Nordeste,Cartão de Crédito,631.86
2580,2024-04-04,Casa e Decoração,416.26,3,Sudeste,Pix,1248.78
1570,2024-04-04,Esporte e Lazer,71.69,2,Sudeste,Pix,143.38
4349,2024-04-04,Esporte e Lazer,495.63,2,Sul,Cartão de Crédito,991.26
926,2024-04-05,Beleza,82.94,3,Sudeste,Pix,248.82
3136,2024-04-05,Beleza,64.69,2,Sudeste,Boleto,129.38
3639,2024-04-05,Livros,49.28,1,Nordeste,Cartão de Crédito,49.28
3832,2024-04-05,Moda,92.44,1,Sul,Cartão de Crédito,92.44
4417,2024-04-05,Eletrônicos,266.04,2,Centro-Oeste,Pix,532.08
29,2024-04-06,Eletrônicos,609.37,3,Sudeste,Cartão de Crédito,1828.11
4221,2024-04-06,Livros,26.48,1,Sul,Cartão de Débito,26.48
4279,2024-04-06,Casa e Decoração,392.27,4,Centro-Oeste,Pix,1569.08
3105,2024-04-07,Livros,40.57,3,Nordeste,Cartão de Crédito,121.71
3169,2024-04-07,Moda,159.51,4,Centro-Oeste,Cartão de Crédito,638.04
1689,2024-04-07,Livros,64.59,4,Sul,Cartão de Crédito,258.36
2782,2024-04-07,Moda,169.08,1,Sul,Pix,169.08
625,2024-04-08,Casa e Decoração,244.67,4,Nordeste,Cartão de Crédito,978.68
2290,2024-04-08,Esporte e Lazer,44.01,2,Sudeste,Cartão de Crédito,88.02
2970,2024-04-08,Moda,135.49,1,Sudeste,Cartão de Crédito,135.49
3869,2024-04-08,Livros,24.63,1,Sul,Cartão de Crédito,24.63
3225,2024-04-08,Casa e Decoração,758.79,1,Sul,Cartão de Crédito,758.79
20,2024-04-08,Casa e Decoração,328.11,1,Nordeste,Pix,328.11
3185,2024-04-08,Eletrônicos,1014.67,1,Sudeste,Pix,1014.67
4169,2024-04-08,Livros,65.71,1,Sudeste,Pix,65.71
2923,2024-04-08,Livros,85.9,1,Sul,Cartão de Débito,85.9
135,2024-04-08,Casa e Decoração,530.3,1,Sul,Cartão de Crédito,530.3
3926,2024-04-08,Beleza,89.38,2,Sudeste,Pix,178.76
1139,2024-04-08,Eletrônicos,2689.84,3,Nordeste,Cartão de Crédito,8069.52
408,2024-04-09,Beleza,162.41,2,Nordeste,Cartão de Crédito,324.82
1944,2024-04-09,Eletrônicos,3289.32,2,Sudeste,Cartão de Crédito,6578.64
4684,2024-04-09,Beleza,65.4,4,Nordeste,Boleto,261.6
4727,2024-04-09,Moda,75.44,1,Nordeste,Cartão de Crédito,75.44
89,2024-04-09,Esporte e Lazer,79.54,1,Sul,Cartão de Débito,79.54
187,2024-04-10,Moda,236.19,3,Sul,Pix,708.57
2904,2024-04-10,Beleza,169.57,4,Sul,Pix,678.28
1574,2024-04-10,Beleza,137.07,3,Sudeste,Cartão de Débito,411.21
2201,2024-04-10,Casa e Decoração,112.44,2,Sudeste,Cartão de Crédito,224.88
402,2024-04-10,Moda,282.45,2,Centro-Oeste,Pix,564.9
2318,2024-04-10,Moda,72.76,1,Nordeste,Pix,72.76
4845,2024-04-11,Esporte e Lazer,154.08,1,Centro-Oeste,Pix,154.08
4652,2024-04-11,Moda,82.59,4,Sudeste,Cartão de Crédito,330.36
1113,2024-04-11,Casa e Decoração,103.31,1,Sul,Cartão de Crédito,103.31
4585,2024-04-11,Esporte e Lazer,194.25,1,Sudeste,Cartão de Crédito,194.25
2221,2024-04-11,Esporte e Lazer,133.76,2,Norte,Cartão de Crédito,267.52
3702,2024-04-11,Livros,58.02,1,Sudeste,Cartão de Crédito,58.02
109,2024-04-11,Esporte e Lazer,168.29,1,Nordeste,Boleto,168.29
1267,2024-04-12,Beleza,103.55,1,Sul,Cartão de Crédito,103.55
1031,2024-04-12,Moda,129.94,2,Sudeste,Cartão de Crédito,259.88
1448,2024-04-12,Esporte e Lazer,191.35,2,Nordeste,Boleto,382.7
4905,2024-04-12,Moda,58.15,1,Nordeste,Cartão de Débito,58.15
648,2024-04-12,Esporte e Lazer,47.65,4,Nordeste,Cartão de Crédito,190.6
751,2024-04-13,Casa e Decoração,488.26,3,Sudeste,Pix,1464.78
4080,2024-04-13,Eletrônicos,1359.73,1,Nordeste,Cartão de Crédito,1359.73
3079,2024-04-13,Casa e Decoração,93.79,2,Centro-Oeste,Cartão de Crédito,187.58
2584,2024-04-13,Casa e Decoração,733.47,2,Sudeste,Pix,1466.94
3024,2024-04-13,Moda,80.87,4,Sudeste,Pix,323.48
1417,2024-04-13,Livros,28.18,3,Sudeste,Cartão de Crédito,84.54
1151,2024-04-13,Casa e Decoração,159.92,1,Sudeste,Pix,159.92
4385,2024-04-13,Esporte e Lazer,56.9,4,Sul,Boleto,227.6
551,2024-04-14,Eletrônicos,3225.02,1,Nordeste,Cartão de Débito,3225.02
85,2024-04-14,Casa e Decoração,115.42,4,Sul,Pix,461.68
1140,2024-04-14,Beleza,114.98,2,Sudeste,Cartão de Crédito,229.96
2896,2024-04-15,Livros,30.13,1,Sudeste,Cartão de Crédito,30.13
2848,2024-04-15,Casa e Decoração,425.46,4,Centro-Oeste,Cartão de Crédito,1701.84
1647,2024-04-15,Beleza,18.41,2,Sudeste,Cartão de Débito,36.82
4547,2024-04-15,Casa e Decoração,89.13,2,Nordeste,Pix,178.26
818,2024-04-15,Casa e Decoração,266.23,1,Sul,Cartão de Débito,266.23
1153,2024-04-15,Livros,26.59,2,Nordeste,Cartão de Crédito,53.18
1555,2024-04-16,Livros,40.27,2,Sul,Cartão de Crédito,80.54
4367,2024-04-16,Livros,47.14,1,Centro-Oeste,Pix,47.14
747,2024-04-16,Casa e Decoração,184.7,3,Sudeste,Cartão de Crédito,554.1
626,2024-04-16,Casa e Decoração,377.05,2,Nordeste,Cartão de Crédito,754.1
479,2024-04-16,Moda,85.17,2,Sudeste,Cartão de Crédito,170.34
2344,2024-04-17,Beleza,94.75,2,Sudeste,Cartão de Débito,189.5
3634,2024-04-17,Eletrônicos,1004.12,1,Centro-Oeste,Cartão de Crédito,1004.12
2977,2024-04-17,Livros,27.9,1,Nordeste,Cartão de Crédito,27.9
3645,2024-04-17,Eletrônicos,450.6,1,Sul,Cartão de Crédito,450.6
4986,2024-04-17,Beleza,77.76,1,Nordeste,Cartão de Débito,77.76
635,2024-04-18,Casa e Decoração,174.78,2,Sudeste,Cartão de Crédito,349.56
4022,2024-04-18,Esporte e Lazer,148.46,1,Sudeste,Pix,148.46
4424,2024-04-18,Moda,104.95,1,Nordeste,Cartão de Crédito,104.95
1149,2024-04-18,Esporte e Lazer,207.57,1,Nordeste,Cartão de Crédito,207.57
1717,2024-04-18,Livros,35.35,4,Centro-Oeste,Pix,141.4
2232,2024-04-18,Casa e Decoração,494.91,2,Sudeste,Cartão de Crédito,989.82
616,2024-04-18,Esporte e Lazer,251.94,4,Sudeste,Cartão de Crédito,1007.76
4357,2024-04-18,Livros,55.15,1,Sudeste,Cartão de Crédito,55.15
4022,2024-04-18,Esporte e Lazer,148.46,1,Sudeste,Pix,148.46
1283,2024-04-19,Eletrônicos,1344.04,1,Centro-Oeste,Pix,1344.04
4163,2024-04-20,Casa e Decoração,469.82,3,Nordeste,Pix,1409.46
645,2024-04-20,Eletrônicos,2425.49,1,Norte,Pix,2425.49
4975,2024-04-20,Casa e Decoração,630.46,1,Sul,Cartão de Crédito,630.46
667,2024-04-20,Livros,81.49,1,Sudeste,Cartão de Crédito,81.49
745,2024-04-20,Eletrônicos,730.68,1,Sudeste,Boleto,730.68
4653,2024-04-20,Eletrônicos,397.5,1,Sudeste,Cartão de Crédito,397.5
193,2024-04-20,Livros,80.22,1,Sudeste,Pix,80.22
3363,2024-04-21,Casa e Decoração,606.79,2,Sudeste,Pix,1213.58
2166,2024-04-21,Casa e Decoração,598.93,2,Sudeste,Cartão de Crédito,1197.86
4428,2024-04-21,Esporte e Lazer,357.66,4,Centro-Oeste,Pix,1430.64
742,2024-04-22,Livros,105.5,1,Sudeste,Cartão de Crédito,105.5
1653,2024-04-22,Eletrônicos,1385.66,1,Sul,Cartão de Crédito,1385.66
3305,2024-04-22,Esporte e Lazer,209.77,1,Sul,Pix,209.77
3711,2024-04-22,Casa e Decoração,80.65,4,Nordeste,Cartão de Crédito,322.6
1611,2024-04-22,Livros,44.94,1,Sudeste,Cartão de Crédito,44.94
659,2024-04-22,Esporte e Lazer,240.21,1,Sudeste,Pix,240.21
1714,2024-04-22,Esporte e Lazer,167.25,4,Sudeste,Cartão de Crédito,669.0
2559,2024-04-22,Livros,22.35,2,Sudeste,Cartão de Crédito,44.7
2360,2024-04-22,Eletrônicos,768.41,2,Centro-Oeste,Cartão de Crédito,1536.82
4405,2024-04-22,Beleza,219.8,2,Sudeste,Cartão de Crédito,439.6
4620,2024-04-22,Esporte e Lazer,262.73,3,Nordeste,Cartão de Crédito,788.19
1440,2024-04-22,Eletrônicos,1182.59,1,Sul,Cartão de Crédito,1182.59
2133,2024-04-23,Casa e Decoração,180.35,1,Sudeste,Cartão de Crédito,180.35
1625,2024-04-23,Livros,63.99,1,Norte,Cartão de Crédito,63.99
4978,2024-04-23,Esporte e Lazer,73.95,1,Sudeste,Cartão de Crédito,73.95
761,2024-04-23,Beleza,159.15,2,Sudeste,Pix,318.3
4116,2024-04-23,Beleza,17.06,1,Sudeste,Cartão de Crédito,17.06
1773,2024-04-24,Beleza,16.93,4,Centro-Oeste,Cartão de Crédito,67.72
4891,2024-04-24,Eletrônicos,2873.77,2,Nordeste,Cartão de Crédito,5747.54
4167,2024-04-24,Livros,42.18,2,Nordeste,Pix,84.36
127,2024-04-24,Beleza,41.75,1,Sudeste,Cartão de Crédito,41.75
4581,2024-04-25,Esporte e Lazer,66.47,3,Sudeste,Cartão de Crédito,199.41
3019,2024-04-25,Esporte e Lazer,165.84,1,Sul,Cartão de Crédito,165.84
2156,2024-04-25,Eletrônicos,494.49,1,Sudeste,Boleto,494.49
1917,2024-04-25,Esporte e Lazer,283.39,2,Nordeste,Cartão de Crédito,566.78
4302,2024-04-26,Moda,114.39,1,Sul,Cartão de Crédito,114.39
2919,2024-04-26,Eletrônicos,223.58,1,Sudeste,Cartão de Crédito,223.58
257,2024-04-26,Casa e Decoração,194.33,1,Sul,Pix,194.33
3804,2024-04-26,Eletrônicos,414.34,1,Sudeste,Cartão de Débito,414.34
3589,2024-04-26,Esporte e Lazer,142.69,1,Sul,Cartão de Crédito,142.69
2261,2024-04-26,Moda,216.27,2,Nordeste,Pix,432.54
3215,2024-04-26,Beleza,178.63,4,Nordeste,Cartão de Crédito,714.52
301,2024-04-26,Casa e Decoração,409.74,2,Sudeste,Cartão de Débito,819.48
2981,2024-04-26,Moda,285.15,2,Nordeste,Pix,570.3
3796,2024-04-27,Esporte e Lazer,141.26,2,Nordeste,Pix,282.52
1238,2024-04-27,Beleza,147.07,2,Sudeste,Pix,294.14
4563,2024-04-27,Casa e Decoração,410.16,2,Sudeste,Cartão de Crédito,820.32
3498,2024-04-27,Eletrônicos,607.12,4,Sul,Pix,2428.48
1802,2024-04-27,Eletrônicos,243.66,2,Nordeste,Pix,487.32
2485,2024-04-27,Casa e Decoração,540.92,2,Nordeste,Boleto,1081.84
2860,2024-04-27,Moda,80.84,1,Norte,Cartão de Crédito,80.84
525,2024-04-27,Eletrônicos,1256.92,3,Sudeste,Cartão de Crédito,3770.76
4563,2024-04-27,Casa e Decoração,410.16,2,Sudeste,Cartão de Crédito,820.32
1158,2024-04-27,Esporte e Lazer,264.44,2,Centro-Oeste,Pix,528.88
3532,2024-04-28,Esporte e Lazer,174.29,1,Sudeste,Cartão de Crédito,174.29
674,2024-04-28,Casa e Decoração,35.68,4,Nordeste,Cartão de Crédito,142.72
4811,2024-04-28,Casa e Decoração,166.39,2,Nordeste,Cartão de Crédito,332.78
4923,2024-04-28,Esporte e Lazer,116.02,4,Sudeste,Cartão de Crédito,464.08
3546,2024-04-28,Eletrônicos,936.37,2,Nordeste,Cartão de Crédito,1872.74
3254,2024-04-28,Casa e Decoração,606.86,3,Sudeste,Pix,1820.58
3894,2024-04-29,Eletrônicos,1708.57,4,Sudeste,Cartão de Crédito,6834.28
2717,2024-04-29,Moda,154.88,1,Sudeste,Boleto,154.88
4465,2024-04-29,Beleza,135.46,1,Sudeste,Cartão de Crédito,135.46
1187,2024-04-29,Esporte e Lazer,103.47,2,Nordeste,Pix,206.94
624,2024-04-29,Casa e Decoração,515.98,1,Nordeste,Cartão de Crédito,515.98
3338,2024-04-29,Esporte e Lazer,305.31,2,Sul,Pix,610.62
3792,2024-04-29,Beleza,126.18,2,Sudeste,Cartão de Crédito,252.36
931,2024-04-30,Beleza,71.75,2,Nordeste,Cartão de Crédito,143.5
1316,2024-04-30,Eletrônicos,1347.46,3,Sul,Cartão de Débito,4042.38
869,2024-05-01,Esporte e Lazer,177.85,4,Sul,Boleto,711.4
4044,2024-05-01,Esporte e Lazer,419.7,1,Nordeste,Cartão de Débito,419.7
1197,2024-05-01,Casa e Decoração,180.24,4,Nordeste,Boleto,720.96
510,2024-05-01,Livros,56.08,4,Sudeste,Pix,224.32
1366,2024-05-01,Esporte e Lazer,75.11,1,Sudeste,Cartão de Crédito,75.11
4588,2024-05-01,Moda,169.65,1,Norte,Cartão de Crédito,169.65
4627,2024-05-02,Eletrônicos,567.66,2,Sudeste,Cartão de Crédito,1135.32
4035,2024-05-02,Moda,282.97,1,Sudeste,Cartão de Crédito,282.97
4076,2024-05-03,Beleza,214.12,2,Sudeste,Boleto,428.24
1793,2024-05-03,Casa e Decoração,384.12,2,Sudeste,Cartão de Crédito,768.24
2106,2024-05-03,Casa e Decoração,591.12,1,Nordeste,Cartão de Crédito,591.12
4368,2024-05-03,Eletrônicos,983.65,1,Nordeste,Pix,983.65
3273,2024-05-03,Livros,41.7,4,Centro-Oeste,Pix,166.8
2405,2024-05-03,Beleza,68.84,3,Sudeste,Cartão de Crédito,206.52
619,2024-05-03,Livros,44.78,1,Sudeste,Cartão de Débito,44.78
4734,2024-05-03,Casa e Decoração,777.6,4,Nordeste,Cartão de Crédito,3110.4
743,2024-05-04,Livros,21.67,4,Sudeste,Cartão de Crédito,86.68
3924,2024-05-04,Beleza,59.03,2,Sudeste,Boleto,118.06
1413,2024-05-04,Esporte e Lazer,138.24,2,Norte,Cartão de Crédito,276.48
1605,2024-05-05,Beleza,107.39,3,Nordeste,Cartão de Crédito,322.17
56,2024-05-05,Beleza,124.34,1,Nordeste,Cartão de Débito,124.34
785,2024-05-05,Moda,263.42,2,Sudeste,Pix,526.84
2499,2024-05-05,Livros,37.56,1,Sudeste,Pix,37.56
4802,2024-05-05,Livros,81.34,1,Nordeste,Pix,81.34
2386,2024-05-05,Esporte e Lazer,244.57,3,Sul,Cartão de Crédito,733.71
2218,2024-05-05,Moda,74.72,1,Norte,Cartão de Crédito,74.72
490,2024-05-06,Livros,39.32,2,Nordeste,Pix,78.64
4006,2024-05-06,Moda,241.77,1,Sudeste,Cartão de Crédito,241.77
851,2024-05-06,Casa e Decoração,510.28,2,Sul,Pix,1020.56
1498,2024-05-06,Beleza,20.58,4,Sul,Cartão de Crédito,82.32
4898,2024-05-06,Moda,344.97,2,Centro-Oeste,Cartão de Crédito,689.94
3713,2024-05-06,Beleza,139.88,1,Nordeste,Pix,139.88
322,2024-05-06,Livros,74.68,1,Nordeste,Boleto,74.68
3775,2024-05-06,Livros,63.0,1,Sul,Cartão de Crédito,63.0
1655,2024-05-06,Livros,78.09,2,Sudeste,Pix,156.18
1685,2024-05-07,Moda,56.22,4,Sudeste,Boleto,224.88
3567,2024-05-07,Casa e Decoração,301.68,2,Sudeste,Pix,603.36
3689,2024-05-07,Eletrônicos,525.88,1,Sul,Pix,525.88
4477,2024-05-07,Casa e Decoração,134.27,1,Sul,Boleto,134.27
4594,2024-05-07,Eletrônicos,1745.35,1,Sudeste,Pix,1745.35
769,2024-05-07,Beleza,98.62,3,Sudeste,Cartão de Crédito,295.86
3369,2024-05-07,Beleza,61.84,4,Sul,Cartão de Crédito,247.36
3539,2024-05-07,Beleza,64.29,1,Sul,Cartão de Crédito,64.29
4087,2024-05-07,Eletrônicos,302.56,2,Sudeste,Cartão de Débito,605.12
4934,2024-05-07,Esporte e Lazer,126.26,2,Norte,Cartão de Crédito,252.52
254,2024-05-07,Beleza,170.52,2,Sudeste,Cartão de Crédito,341.04
4522,2024-05-08,Esporte e Lazer,518.59,1,Norte,Pix,518.59
1133,2024-05-08,Moda,84.53,2,Sul,Cartão de Crédito,169.06
1576,2024-05-08,Livros,43.38,1,Sudeste,Cartão de Crédito,43.38
2005,2024-05-08,Livros,41.64,1,Centro-Oeste,Pix,41.64
3278,2024-05-08,Livros,53.09,1,Norte,Cartão de Crédito,53.09
3361,2024-05-08,Livros,66.7,1,Sul,Cartão de Crédito,66.7
2867,2024-05-08,Eletrônicos,225.46,1,Norte,Pix,225.46
3446,2024-05-08,Livros,33.48,2,Nordeste,Cartão de Crédito,66.96
2388,2024-05-08,Livros,52.32,3,Norte,Pix,156.96
1598,2024-05-08,Casa e Decoração,138.1,1,Centro-Oeste,Cartão de Crédito,138.1
3104,2024-05-08,Beleza,219.89,1,Nordeste,Pix,219.89
4637,2024-05-08,Moda,308.98,2,Sudeste,Pix,617.96
337,2024-05-08,Moda,199.37,1,Sudeste,Cartão de Crédito,199.37
3426,2024-05-08,Livros,45.22,1,Nordeste,Pix,45.22
317,2024-05-08,Livros,71.95,2,Centro-Oeste,Pix,143.9
2160,2024-05-08,Casa e Decoração,50.75,2,Sul,Cartão de Crédito,101.5
1644,2024-05-08,Beleza,84.41,1,Nordeste,Cartão de Crédito,84.41
81,2024-05-08,Livros,69.6,1,Sul,Cartão de Crédito,69.6
4844,2024-05-08,Eletrônicos,1132.54,1,Centro-Oeste,Boleto,1132.54
4795,2024-05-08,Moda,74.0,4,Sul,Cartão de Crédito,296.0
2883,2024-05-08,Beleza,56.51,3,Nordeste,Pix,169.53
2340,2024-05-08,Beleza,184.33,2,Sudeste,Cartão de Débito,368.66
4042,2024-05-08,Casa e Decoração,189.37,2,Sudeste,Pix,378.74
4215,2024-05-08,Eletrônicos,1475.69,1,Nordeste,Pix,1475.69
4486,2024-05-08,Livros,41.21,3,Sul,Pix,123.63
4759,2024-05-08,Livros,40.94,2,Sul,Cartão de Crédito,81.88
3779,2024-05-08,Casa e Decoração,701.74,1,Norte,Cartão de Crédito,701.74
553,2024-05-08,Esporte e Lazer,62.55,1,Centro-Oeste,Cartão de Crédito,62.55
4414,2024-05-09,Casa e Decoração,315.72,4,Centro-Oeste,Cartão de Crédito,1262.88
4420,2024-05-09,Eletrônicos,519.71,3,Nordeste,Cartão de Crédito,1559.13
4870,2024-05-09,Livros,35.27,2,Sul,Cartão de Crédito,70.54
4872,2024-05-09,Moda,151.41,4,Norte,Pix,605.64
3860,2024-05-09,Moda,289.96,2,Sudeste,Cartão de Crédito,579.92
3224,2024-05-09,Moda,296.7,2,Centro-Oeste,Cartão de Débito,593.4
991,2024-05-09,Eletrônicos,2602.61,3,Nordeste,Cartão de Crédito,7807.83
3460,2024-05-09,Eletrônicos,1269.12,1,Sul,Cartão de Crédito,1269.12
4776,2024-05-09,Beleza,48.91,3,Sul,Pix,146.73
2953,2024-05-09,Moda,188.43,1,Nordeste,Cartão de Crédito,188.43
1966,2024-05-09,Casa e Decoração,553.4,1,Sudeste,Cartão de Débito,553.4
1421,2024-05-09,Moda,55.31,3,Norte,Cartão de Crédito,165.93
3084,2024-05-09,Esporte e Lazer,229.12,4,Sul,Boleto,916.48
4011,2024-05-09,Casa e Decoração,267.54,4,Nordeste,Cartão de Crédito,1070.16
1509,2024-05-09,Livros,60.28,1,Sudeste,Cartão de Crédito,60.28
205,2024-05-09,Casa e Decoração,179.59,1,Sul,Pix,179.59
1357,2024-05-09,Beleza,172.96,1,Sudeste,Cartão de Crédito,172.96
4523,2024-05-09,Casa e Decoração,386.26,2,Nordeste,Boleto,772.52
810,2024-05-09,Livros,57.07,3,Sul,Cartão de Crédito,171.21
4382,2024-05-09,Esporte e Lazer,160.2,3,Sudeste,Cartão de Crédito,480.6
4319,2024-05-09,Eletrônicos,1319.47,4,Sul,Pix,5277.88
3491,2024-05-09,Eletrônicos,982.2,2,Centro-Oeste,Cartão de Crédito,1964.4
2313,2024-05-09,Esporte e Lazer,168.36,1,Sudeste,Cartão de Crédito,168.36
4223,2024-05-09,Moda,60.96,3,Nordeste,Cartão de Crédito,182.88
2330,2024-05-09,Livros,33.51,3,Sudeste,Pix,100.53
2526,2024-05-09,Moda,238.06,3,Sul,Cartão de Crédito,714.18
4671,2024-05-09,Eletrônicos,974.35,2,Sul,Pix,1948.7
2585,2024-05-09,Livros,80.21,2,Centro-Oeste,Pix,160.42
2095,2024-05-09,Eletrônicos,519.37,3,Sudeste,Cartão de Crédito,1558.11
4819,2024-05-09,Esporte e Lazer,226.24,1,Nordeste,Pix,226.24
372,2024-05-09,Eletrônicos,370.73,3,Sudeste,Pix,1112.19
2222,2024-05-09,Beleza,80.76,1,Centro-Oeste,Pix,80.76
3548,2024-05-09,Beleza,206.74,1,Centro-Oeste,Pix,206.74
2582,2024-05-09,Esporte e Lazer,155.92,2,Norte,Cartão de Crédito,311.84
2128,2024-05-09,Casa e Decoração,71.57,1,Sul,Cartão de Débito,71.57
4249,2024-05-09,Moda,202.42,1,Sudeste,Pix,202.42
2345,2024-05-09,Esporte e Lazer,103.14,4,Centro-Oeste,Cartão de Crédito,412.56
47,2024-05-09,Eletrônicos,550.12,1,Sudeste,Cartão de Crédito,550.12
2266,2024-05-09,Beleza,49.43,1,Sul,Cartão de Crédito,49.43
4990,2024-05-09,Beleza,55.66,2,Sul,Cartão de Crédito,111.32
2181,2024-05-09,Moda,154.94,1,Sul,Cartão de Crédito,154.94
4180,2024-05-09,Esporte e Lazer,236.69,1,Nordeste,Cartão de Débito,236.69
1222,2024-05-10,Esporte e Lazer,277.62,3,Sul,Cartão de Crédito,832.86
3905,2024-05-10,Livros,58.72,1,Norte,Cartão de Crédito,58.72
726,2024-05-10,Esporte e Lazer,183.3,1,Sudeste,Cartão de Crédito,183.3
467,2024-05-10,Eletrônicos,738.85,3,Sul,Cartão de Crédito,2216.55
2746,2024-05-10,Casa e Decoração,228.95,1,Sudeste,Cartão de Crédito,228.95
4895,2024-05-10,Livros,66.64,2,Sul,Cartão de Crédito,133.28
4705,2024-05-10,Esporte e Lazer,189.83,3,Sudeste,Pix,569.49
1925,2024-05-10,Beleza,72.63,2,Sudeste,Pix,145.26
3741,2024-05-10,Esporte e Lazer,157.02,1,Sul,Cartão de Crédito,157.02
3906,2024-05-10,Beleza,49.46,2,Nordeste,Pix,98.92
550,2024-05-10,Eletrônicos,866.21,3,Sul,Cartão de Crédito,2598.63
2240,2024-05-10,Eletrônicos,648.37,1,Nordeste,Cartão de Crédito,648.37
2253,2024-05-10,Livros,94.35,2,Sudeste,Cartão de Crédito,188.7
837,2024-05-10,Eletrônicos,1266.04,1,Norte,Cartão de Crédito,1266.04
3192,2024-05-10,Livros,41.76,1,Sul,Pix,41.76
2199,2024-05-10,Moda,175.07,3,Sudeste,Cartão de Crédito,525.21
2823,2024-05-10,Eletrônicos,1482.58,1,Nordeste,Cartão de Crédito,1482.58
2939,2024-05-10,Eletrônicos,275.91,1,Sul,Pix,275.91
4661,2024-05-10,Moda,65.1,3,Centro-Oeste,Cartão de Crédito,195.3
4131,2024-05-10,Eletrônicos,2183.21,2,Nordeste,Cartão de Débito,4366.42
1754,2024-05-10,Casa e Decoração,779.27,1,Sul,Boleto,779.27
335,2024-05-10,Livros,25.17,1,Nordeste,Cartão de Crédito,25.17
1718,2024-05-10,Eletrônicos,1154.86,4,Nordeste,Cartão de Crédito,4619.44
2462,2024-05-10,Casa e Decoração,120.74,1,Sudeste,Cartão de Crédito,120.74
421,2024-05-10,Casa e Decoração,633.93,4,Nordeste,Cartão de Crédito,2535.72
1189,2024-05-10,Beleza,105.48,3,Sudeste,Cartão de Crédito,316.44
1148,2024-05-10,Casa e Decoração,461.87,1,Sudeste,Pix,461.87
886,2024-05-10,Beleza,29.52,1,Sul,Cartão de Crédito,29.52
2734,2024-05-10,Beleza,18.18,2,Nordeste,Pix,36.36
943,2024-05-10,Beleza,77.35,3,Nordeste,Cartão de Crédito,232.05
357,2024-05-10,Casa e Decoração,221.66,1,Sul,Cartão de Crédito,221.66
728,2024-05-10,Moda,72.11,1,Norte,Pix,72.11
2019,2024-05-10,Beleza,59.04,3,Sul,Cartão de Crédito,177.12
459,2024-05-10,Eletrônicos,374.1,1,Sudeste,Boleto,374.1
2698,2024-05-10,Livros,115.35,3,Centro-Oeste,Cartão de Crédito,346.05
2021,2024-05-10,Beleza,103.04,1,Sudeste,Cartão de Crédito,103.04
275,2024-05-10,Moda,257.69,4,Nordeste,Cartão de Crédito,1030.76
265,2024-05-10,Eletrônicos,416.18,1,Sudeste,Pix,416.18
2700,2024-05-10,Casa e Decoração,752.08,1,Sudeste,Cartão de Débito,752.08
522,2024-05-10,Esporte e Lazer,534.36,2,Sul,Cartão de Crédito,1068.72
2037,2024-05-10,Eletrônicos,588.56,1,Sudeste,Pix,588.56
2049,2024-05-10,Moda,86.09,2,Sudeste,Cartão de Crédito,172.18
2296,2024-05-10,Esporte e Lazer,385.77,2,Sul,Cartão de Crédito,771.54
1634,2024-05-10,Livros,41.21,4,Sudeste,Boleto,164.84
4133,2024-05-10,Eletrônicos,1547.16,2,Nordeste,Pix,3094.32
4394,2024-05-10,Esporte e Lazer,350.51,1,Nordeste,Cartão de Crédito,350.51
3510,2024-05-10,Esporte e Lazer,33.75,1,Sudeste,Cartão de Crédito,33.75
2541,2024-05-10,Livros,72.72,1,Sul,Pix,72.72
2420,2024-05-10,Beleza,27.98,2,Sudeste,Pix,55.96
2276,2024-05-10,Livros,54.8,2,Sul,Pix,109.6
3923,2024-05-10,Esporte e Lazer,294.68,3,Sudeste,Cartão de Crédito,884.04
292,2024-05-10,Esporte e Lazer,176.6,4,Sul,Cartão de Crédito,706.4
2729,2024-05-10,Esporte e Lazer,373.45,3,Sul,Pix,1120.35
4733,2024-05-11,Moda,110.58,3,Sul,Cartão de Crédito,331.74
4565,2024-05-11,Eletrônicos,2653.91,4,Nordeste,Cartão de Crédito,10615.64
3082,2024-05-11,Eletrônicos,729.37,2,Nordeste,Boleto,1458.74
681,2024-05-11,Esporte e Lazer,77.27,2,Nordeste,Cartão de Crédito,154.54
3448,2024-05-11,Beleza,232.75,2,Nordeste,Cartão de Crédito,465.5
1762,2024-05-11,Esporte e Lazer,484.34,3,Centro-Oeste,Pix,1453.02
3155,2024-05-11,Livros,59.66,4,Sul,Cartão de Crédito,238.64
2941,2024-05-11,Esporte e Lazer,353.2,1,Sudeste,Cartão de Crédito,353.2
2130,2024-05-11,Esporte e Lazer,304.94,4,Sudeste,Boleto,1219.76
611,2024-05-11,Moda,312.2,2,Sudeste,Cartão de Crédito,624.4
2616,2024-05-11,Eletrônicos,1443.56,3,Sudeste,Cartão de Débito,4330.68
3807,2024-05-11,Livros,47.34,1,Sul,Pix,47.34
1567,2024-05-11,Moda,152.92,2,Nordeste,Pix,305.84
3125,2024-05-11,Eletrônicos,1597.28,1,Sudeste,Cartão de Crédito,1597.28
3604,2024-05-11,Casa e Decoração,290.48,2,Sudeste,Cartão de Crédito,580.96
1868,2024-05-11,Livros,63.04,1,Centro-Oeste,Cartão de Crédito,63.04
2471,2024-05-11,Moda,87.39,1,Nordeste,Boleto,87.39
3194,2024-05-11,Beleza,174.25,2,Sul,Cartão de Crédito,348.5
2768,2024-05-11,Eletrônicos,2086.09,3,Sudeste,Pix,6258.27
3354,2024-05-11,Beleza,140.56,1,Norte,Boleto,140.56
794,2024-05-11,Livros,44.65,3,Sudeste,Cartão de Crédito,133.95
3284,2024-05-11,Livros,59.57,3,Sudeste,Cartão de Crédito,178.71
4018,2024-05-11,Casa e Decoração,32.08,4,Sudeste,Cartão de Crédito,128.32
94,2024-05-11,Beleza,196.07,4,Sudeste,Cartão de Débito,784.28
815,2024-05-11,Casa e Decoração,769.43,4,Sudeste,Cartão de Débito,3077.72
3277,2024-05-11,Esporte e Lazer,177.18,2,Sudeste,Cartão de Crédito,354.36
4763,2024-05-11,Casa e Decoração,316.05,2,Sudeste,Pix,632.1
4286,2024-05-11,Esporte e Lazer,210.39,3,Sudeste,Cartão de Crédito,631.17
2703,2024-05-11,Esporte e Lazer,290.93,2,Sudeste,Cartão de Crédito,581.86
2371,2024-05-11,Beleza,103.2,2,Sudeste,Pix,206.4
2035,2024-05-11,Casa e Decoração,232.12,2,Sul,Cartão de Crédito,464.24
4966,2024-05-11,Beleza,217.58,3,Sudeste,Pix,652.74
3050,2024-05-11,Eletrônicos,315.58,1,Sudeste,Pix,315.58
209,2024-05-11,Eletrônicos,310.51,2,Sudeste,Cartão de Crédito,621.02
3448,2024-05-11,Beleza,232.75,2,Nordeste,Cartão de Crédito,465.5
4355,2024-05-11,Moda,201.62,2,Sul,Cartão de Crédito,403.24
500,2024-05-11,Eletrônicos,1792.77,2,Sudeste,Cartão de Crédito,3585.54
1518,2024-05-11,Esporte e Lazer,296.49,3,Sul,Cartão de Crédito,889.47
354,2024-05-12,Eletrônicos,820.32,2,Sudeste,Pix,1640.64
2304,2024-05-12,Eletrônicos,503.31,2,Sudeste,Pix,1006.62
3438,2024-05-12,Moda,253.81,1,Centro-Oeste,Cartão de Crédito,253.81
1733,2024-05-12,Eletrônicos,2491.47,2,Sul,Pix,4982.94
1629,2024-05-12,Casa e Decoração,516.59,1,Sudeste,Cartão de Crédito,516.59
2887,2024-05-12,Beleza,97.0,2,Sudeste,Boleto,194.0
4228,2024-05-12,Casa e Decoração,356.76,2,Nordeste,Cartão de Crédito,713.52
2498,2024-05-12,Eletrônicos,306.34,1,Sudeste,Pix,306.34
2694,2024-05-12,Casa e Decoração,69.0,4,Sudeste,Cartão de Crédito,276.0
716,2024-05-12,Esporte e Lazer,107.85,1,Sudeste,Cartão de Crédito,107.85
4545,2024-05-12,Eletrônicos,2349.02,2,Centro-Oeste,Pix,4698.04
2724,2024-05-12,Livros,58.66,1,Sudeste,Cartão de Crédito,58.66
1928,2024-05-12,Eletrônicos,331.45,1,Sudeste,Cartão de Crédito,331.45
2735,2024-05-12,Esporte e Lazer,116.59,4,Sudeste,Cartão de Crédito,466.36
3499,2024-05-12,Moda,83.13,1,Nordeste,Boleto,83.13
2796,2024-05-12,Casa e Decoração,642.19,3,Sudeste,Cartão de Crédito,1926.57
2129,2024-05-12,Casa e Decoração,107.1,3,Sul,Cartão de Débito,321.3
2311,2024-05-13,Livros,55.41,1,Sudeste,Cartão de Crédito,55.41
1314,2024-05-13,Esporte e Lazer,300.33,1,Sudeste,Boleto,300.33
2260,2024-05-13,Casa e Decoração,465.16,1,Sudeste,Pix,465.16
4938,2024-05-13,Moda,165.06,4,Nordeste,Cartão de Débito,660.24
1052,2024-05-13,Casa e Decoração,640.95,3,Nordeste,Cartão de Crédito,1922.85
1853,2024-05-13,Moda,186.15,3,Sudeste,Boleto,558.45
4183,2024-05-13,Esporte e Lazer,46.27,2,Norte,Pix,92.54
768,2024-05-14,Esporte e Lazer,157.6,4,Nordeste,Cartão de Crédito,630.4
2185,2024-05-14,Esporte e Lazer,331.18,1,Norte,Pix,331.18
1996,2024-05-14,Casa e Decoração,339.61,1,Sudeste,Boleto,339.61
513,2024-05-15,Beleza,109.21,3,Sul,Cartão de Crédito,327.63
596,2024-05-15,Moda,106.89,1,Nordeste,Cartão de Débito,106.89
528,2024-05-16,Moda,103.04,1,Nordeste,Cartão de Crédito,103.04
119,2024-05-16,Eletrônicos,602.76,2,Sudeste,Cartão de Crédito,1205.52
3324,2024-05-16,Esporte e Lazer,531.31,2,Sudeste,Cartão de Crédito,1062.62
4070,2024-05-16,Esporte e Lazer,43.4,1,Sudeste,Pix,43.4
3106,2024-05-16,Moda,275.58,3,Sudeste,Cartão de Crédito,826.74
4280,2024-05-16,Eletrônicos,2508.7,1,Sudeste,Cartão de Crédito,2508.7
4070,2024-05-16,Esporte e Lazer,43.4,1,Sudeste,Pix,43.4
3815,2024-05-17,Esporte e Lazer,246.82,4,Sul,Cartão de Crédito,987.28
3892,2024-05-17,Esporte e Lazer,286.56,2,Centro-Oeste,Cartão de Crédito,573.12
3455,2024-05-17,Esporte e Lazer,184.78,3,Sul,Cartão de Crédito,554.34
2733,2024-05-18,Moda,121.09,1,Sudeste,Pix,121.09
4596,2024-05-18,Moda,73.64,1,Sudeste,Cartão de Crédito,73.64
1895,2024-05-18,Casa e Decoração,360.02,1,Sul,Cartão de Crédito,360.02
1248,2024-05-18,Livros,77.38,4,Nordeste,Pix,309.52
77,2024-05-19,Moda,50.93,1,Centro-Oeste,Cartão de Crédito,50.93
4469,2024-05-19,Casa e Decoração,65.76,3,Centro-Oeste,Cartão de Crédito,197.28
3009,2024-05-19,Esporte e Lazer,363.31,4,Centro-Oeste,Cartão de Débito,1453.24
2723,2024-05-20,Casa e Decoração,123.6,2,Sul,Cartão de Débito,247.2
4674,2024-05-20,Esporte e Lazer,74.76,1,Nordeste,Pix,74.76
1027,2024-05-20,Eletrônicos,899.42,1,Sul,Pix,899.42
4551,2024-05-20,Casa e Decoração,259.09,1,Sudeste,Cartão de Crédito,259.09
1127,2024-05-20,Moda,288.56,2,Sul,Cartão de Crédito,577.12
3122,2024-05-20,Eletrônicos,2584.13,2,Sudeste,Cartão de Crédito,5168.26
2,2024-05-20,Beleza,59.28,1,Sudeste,Pix,59.28
2355,2024-05-21,Beleza,119.11,1,Sul,Cartão de Crédito,119.11
1111,2024-05-21,Moda,55.05,2,Sul,Pix,110.1
1694,2024-05-21,Livros,53.38,1,Nordeste,Pix,53.38
1523,2024-05-21,Eletrônicos,964.58,1,Norte,Pix,964.58
318,2024-05-22,Moda,98.85,2,Sudeste,Pix,197.7
2518,2024-05-22,Moda,167.42,2,Nordeste,Cartão de Crédito,334.84
1724,2024-05-22,Livros,26.12,1,Norte,Cartão de Crédito,26.12
2625,2024-05-22,Moda,113.75,2,Sul,Pix,227.5
2590,2024-05-22,Moda,99.47,1,Norte,Cartão de Crédito,99.47
2479,2024-05-22,Livros,39.94,2,Sudeste,Boleto,79.88
2816,2024-05-22,Eletrônicos,2007.12,1,Sul,Cartão de Crédito,2007.12
3918,2024-05-23,Casa e Decoração,111.15,3,Sudeste,Cartão de Crédito,333.45
3311,2024-05-23,Moda,253.07,2,Norte,Pix,506.14
176,2024-05-23,Livros,22.16,2,Norte,Pix,44.32
3561,2024-05-23,Beleza,46.99,3,Sul,Cartão de Crédito,140.97
1604,2024-05-23,Esporte e Lazer,344.74,1,Centro-Oeste,Cartão de Crédito,344.74
410,2024-05-23,Moda,184.6,1,Sul,Cartão de Crédito,184.6
4882,2024-05-23,Moda,84.55,2,Nordeste,Cartão de Crédito,169.1
304,2024-05-24,Beleza,163.21,1,Sudeste,Cartão de Crédito,163.21
2082,2024-05-24,Eletrônicos,958.65,2,Sudeste,Cartão de Crédito,1917.3
4478,2024-05-24,Eletrônicos,1866.82,2,Nordeste,Pix,3733.64
4928,2024-05-24,Beleza,161.73,2,Nordeste,Pix,323.46
3730,2024-05-24,Eletrônicos,3175.2,1,Sul,Pix,3175.2
4306,2024-05-24,Livros,92.58,1,Sudeste,Cartão de Crédito,92.58
4104,2024-05-24,Casa e Decoração,351.04,2,Sul,Cartão de Débito,702.08
1129,2024-05-25,Beleza,98.12,4,Sudeste,Cartão de Débito,392.48
4432,2024-05-25,Eletrônicos,1874.83,1,Norte,Pix,1874.83
3022,2024-05-25,Livros,32.9,1,Norte,Pix,32.9
1118,2024-05-25,Livros,25.49,4,Sul,Pix,101.96
655,2024-05-25,Beleza,81.83,1,Sul,Cartão de Crédito,81.83
2951,2024-05-25,Casa e Decoração,524.68,1,Sudeste,Cartão de Crédito,524.68
2112,2024-05-26,Eletrônicos,752.66,3,Norte,Cartão de Crédito,2257.98
819,2024-05-26,Beleza,72.0,1,Sudeste,Cartão de Crédito,72.0
461,2024-05-26,Beleza,71.05,4,Sudeste,Cartão de Crédito,284.2
3778,2024-05-26,Livros,62.27,1,Centro-Oeste,Pix,62.27
521,2024-05-26,Livros,34.44,4,Sudeste,Cartão de Crédito,137.76
3967,2024-05-26,Moda,127.33,1,Sudeste,Cartão de Débito,127.33
2587,2024-05-26,Casa e Decoração,456.56,2,Sudeste,Pix,913.12
2601,2024-05-27,Moda,63.52,2,Centro-Oeste,Cartão de Crédito,127.04
610,2024-05-27,Moda,245.35,1,Sudeste,Cartão de Crédito,245.35
2033,2024-05-27,Livros,99.87,1,Sudeste,Pix,99.87
215,2024-05-27,Moda,201.78,1,Nordeste,Cartão de Crédito,201.78
1883,2024-05-27,Esporte e Lazer,559.82,1,Nordeste,Cartão de Débito,559.82
84,2024-05-27,Esporte e Lazer,126.41,4,Sul,Pix,505.64
2562,2024-05-28,Eletrônicos,1366.91,2,Sul,Pix,2733.82
2182,2024-05-28,Casa e Decoração,224.77,3,Sudeste,Pix,674.31
2024,2024-05-28,Eletrônicos,1242.02,1,Sul,Pix,1242.02
4455,2024-05-28,Livros,25.16,1,Norte,Cartão de Crédito,25.16
1676,2024-05-28,Casa e Decoração,374.96,3,Sudeste,Cartão de Crédito,1124.88
3070,2024-05-28,Livros,60.89,4,Nordeste,,243.56
804,2024-05-28,Eletrônicos,2052.74,2,Sul,Cartão de Crédito,4105.48
1505,2024-05-28,Casa e Decoração,593.49,3,Sudeste,Cartão de Crédito,1780.47
2367,2024-05-29,Beleza,21.2,1,Nordeste,Cartão de Crédito,21.2
3591,2024-05-30,Moda,170.45,2,Sudeste,Cartão de Débito,340.9
640,2024-05-30,Casa e Decoração,89.92,2,Sul,Pix,179.84
1242,2024-05-30,Beleza,26.06,3,Sudeste,Cartão de Crédito,78.18
2077,2024-05-30,Moda,330.03,1,Sudeste,Pix,330.03
3565,2024-05-31,Esporte e Lazer,143.99,1,Norte,Pix,143.99
4389,2024-05-31,Eletrônicos,986.11,1,Norte,Cartão de Crédito,986.11
4456,2024-05-31,Casa e Decoração,345.18,1,Centro-Oeste,Pix,345.18
51,2024-05-31,Eletrônicos,371.61,3,Sudeste,Pix,1114.83
1391,2024-06-01,Beleza,229.09,2,Sudeste,Pix,458.18
1504,2024-06-01,Casa e Decoração,214.85,1,Nordeste,Pix,214.85
2655,2024-06-01,Esporte e Lazer,39.21,1,Norte,Pix,39.21
4823,2024-06-01,Moda,78.72,1,Sudeste,Cartão de Débito,78.72
2670,2024-06-01,Livros,35.84,1,Nordeste,Pix,35.84
80,2024-06-02,Moda,280.79,3,Sul,Cartão de Débito,842.37
2109,2024-06-02,Esporte e Lazer,150.73,1,Nordeste,Pix,150.73
474,2024-06-02,Esporte e Lazer,86.69,2,Sudeste,Cartão de Crédito,173.38
4168,2024-06-02,Livros,40.17,3,Sul,Cartão de Crédito,120.51
2858,2024-06-02,Livros,79.96,4,Nordeste,Cartão de Crédito,319.84
3834,2024-06-02,Moda,244.7,2,Sudeste,Cartão de Crédito,489.4
2865,2024-06-02,Moda,57.44,4,Sudeste,Pix,229.76
3147,2024-06-02,Esporte e Lazer,43.83,4,Nordeste,Cartão de Crédito,175.32
347,2024-06-02,Eletrônicos,1549.06,1,Nordeste,Cartão de Crédito,1549.06
727,2024-06-03,Moda,98.63,3,Nordeste,Boleto,295.89
4584,2024-06-03,Moda,288.96,4,Sul,Cartão de Crédito,1155.84
690,2024-06-03,Moda,91.36,3,Sul,Cartão de Crédito,274.08
2050,2024-06-04,Esporte e Lazer,211.07,4,Nordeste,Cartão de Crédito,844.28
2682,2024-06-04,Esporte e Lazer,246.15,1,Nordeste,Pix,246.15
4612,2024-06-04,Moda,166.21,3,Sudeste,Cartão de Débito,498.63
938,2024-06-04,Moda,174.27,1,Sudeste,Cartão de Crédito,174.27
1099,2024-06-04,Esporte e Lazer,382.42,2,Centro-Oeste,Cartão de Crédito,764.84
4149,2024-06-04,Eletrônicos,437.48,2,Sudeste,Cartão de Crédito,874.96
538,2024-06-04,Casa e Decoração,530.99,1,Nordeste,Pix,530.99
1709,2024-06-05,Livros,24.07,1,Sudeste,Boleto,24.07
827,2024-06-05,Esporte e Lazer,322.62,2,Sudeste,Cartão de Crédito,645.24
559,2024-06-05,Moda,313.93,2,Nordeste,Cartão de Crédito,627.86
165,2024-06-05,Livros,43.39,1,Nordeste,Pix,43.39
2124,2024-06-05,Esporte e Lazer,418.76,1,Nordeste,Cartão de Crédito,418.76
437,2024-06-05,Eletrônicos,1541.31,4,Sudeste,Cartão de Crédito,6165.24
1256,2024-06-06,Casa e Decoração,126.58,2,Sudeste,Pix,253.16
4270,2024-06-06,Casa e Decoração,209.74,2,Nordeste,Cartão de Crédito,419.48
3961,2024-06-06,Casa e Decoração,60.05,3,Nordeste,Cartão de Crédito,180.15
4807,2024-06-07,Beleza,20.13,2,Sudeste,Cartão de Crédito,40.26
1259,2024-06-07,Moda,363.84,3,Sudeste,Pix,1091.52
2750,2024-06-07,Esporte e Lazer,263.01,1,Centro-Oeste,Cartão de Crédito,263.01
3818,2024-06-07,Beleza,189.8,1,Sudeste,Cartão de Crédito,189.8
3904,2024-06-07,Esporte e Lazer,104.46,2,Centro-Oeste,Cartão de Crédito,208.92
3150,2024-06-07,Livros,26.15,2,Sudeste,Boleto,52.3
4822,2024-06-08,Livros,85.85,2,Sudeste,Cartão de Crédito,171.7
2802,2024-06-08,Eletrônicos,567.9,3,Sudeste,Cartão de Crédito,1703.7
3328,2024-06-08,Moda,145.24,2,Sudeste,Pix,290.48
1840,2024-06-08,Eletrônicos,468.28,3,Sudeste,Boleto,1404.84
2542,2024-06-08,Eletrônicos,2330.59,4,Sudeste,Pix,9322.36
4780,2024-06-08,Esporte e Lazer,390.44,3,Centro-Oeste,Cartão de Crédito,1171.32
3762,2024-06-08,Casa e Decoração,584.77,1,Nordeste,Cartão de Crédito,584.77
2899,2024-06-08,Moda,273.8,3,Nordeste,Cartão de Crédito,821.4
4926,2024-06-08,Moda,166.24,2,Sudeste,Cartão de Crédito,332.48
3418,2024-06-08,Beleza,85.19,1,Sudeste,Pix,85.19
4003,2024-06-09,Livros,93.2,1,Sul,Cartão de Crédito,93.2
4328,2024-06-09,Moda,314.95,1,Sudeste,Boleto,314.95
418,2024-06-09,Esporte e Lazer,134.77,1,Sudeste,Boleto,134.77
2912,2024-06-09,Moda,148.81,1,Nordeste,Cartão de Débito,148.81
1112,2024-06-09,Casa e Decoração,358.59,1,Nordeste,Pix,358.59
2486,2024-06-09,Livros,31.33,1,Sudeste,Cartão de Crédito,31.33
552,2024-06-09,Beleza,233.24,3,Centro-Oeste,Cartão de Crédito,699.72
3657,2024-06-09,Eletrônicos,289.97,3,Centro-Oeste,Cartão de Crédito,869.91
2639,2024-06-09,Moda,258.36,2,Sudeste,Cartão de Crédito,516.72
273,2024-06-09,Livros,72.16,3,Sudeste,Cartão de Crédito,216.48
2248,2024-06-09,Esporte e Lazer,97.44,1,Sudeste,Pix,97.44
2528,2024-06-09,Esporte e Lazer,561.77,1,Sudeste,Pix,561.77
3159,2024-06-09,Moda,241.64,2,Sul,Cartão de Crédito,483.28
2236,2024-06-09,Casa e Decoração,144.15,2,Nordeste,Cartão de Débito,288.3
3178,2024-06-10,Esporte e Lazer,563.23,2,Nordeste,Cartão de Crédito,1126.46
3914,2024-06-10,Beleza,22.84,2,Nordeste,Cartão de Crédito,45.68
787,2024-06-10,Livros,33.65,1,Sul,Cartão de Crédito,33.65
2159,2024-06-10,Casa e Decoração,133.17,1,Sudeste,Cartão de Crédito,133.17
4102,2024-06-10,Casa e Decoração,219.25,1,Centro-Oeste,Cartão de Crédito,219.25
944,2024-06-10,Beleza,147.41,3,Centro-Oeste,Pix,442.23
471,2024-06-10,Moda,168.48,2,Nordeste,,336.96
2026,2024-06-10,Livros,46.25,1,Sudeste,Cartão de Crédito,46.25
152,2024-06-10,Livros,81.17,2,Sudeste,Cartão de Crédito,162.34
2834,2024-06-10,Eletrônicos,1828.87,2,Sul,Boleto,3657.74
4667,2024-06-10,Beleza,140.5,1,Nordeste,Cartão de Crédito,140.5
1123,2024-06-10,Moda,223.35,2,Nordeste,Pix,446.7
3422,2024-06-10,Moda,77.68,1,Sul,Pix,77.68
2666,2024-06-10,Livros,93.51,1,Norte,Pix,93.51
1767,2024-06-10,Moda,346.53,2,Sudeste,Cartão de Débito,693.06
2301,2024-06-10,Livros,34.18,1,Centro-Oeste,Pix,34.18
37,2024-06-10,Livros,67.53,1,Sul,Cartão de Crédito,67.53
3347,2024-06-10,Esporte e Lazer,545.56,4,Sudeste,Pix,2182.24
206,2024-06-10,Moda,290.96,1,Nordeste,Cartão de Crédito,290.96
3973,2024-06-10,Moda,54.6,1,Sul,Cartão de Crédito,54.6
4915,2024-06-10,Casa e Decoração,804.3,1,Sudeste,Pix,804.3
2114,2024-06-10,Livros,31.37,1,Centro-Oeste,Pix,31.37
2244,2024-06-10,Eletrônicos,2605.5,2,Nordeste,Cartão de Crédito,5211.0
3112,2024-06-10,Livros,26.79,2,Sul,Cartão de Crédito,53.58
4178,2024-06-10,Eletrônicos,1435.52,1,Sudeste,Cartão de Crédito,1435.52
4356,2024-06-10,Moda,200.08,1,Sudeste,Cartão de Crédito,200.08
2712,2024-06-10,Moda,229.97,1,Nordeste,Cartão de Crédito,229.97
2407,2024-06-10,Livros,26.53,2,Sudeste,Cartão de Crédito,53.06
4499,2024-06-10,Esporte e Lazer,361.62,1,Sudeste,Boleto,361.62
339,2024-06-10,Livros,89.3,2,Sudeste,Cartão de Crédito,178.6
3096,2024-06-10,Beleza,40.06,2,Sudeste,Cartão de Crédito,80.12
3195,2024-06-11,Esporte e Lazer,194.71,2,Sudeste,Cartão de Crédito,389.42
4912,2024-06-11,Esporte e Lazer,165.42,1,Sul,Cartão de Crédito,165.42
1742,2024-06-11,Esporte e Lazer,151.48,1,Sudeste,Cartão de Crédito,151.48
182,2024-06-11,Esporte e Lazer,355.97,3,Sudeste,Pix,1067.91
1803,2024-06-11,Beleza,100.39,4,Nordeste,Cartão de Crédito,401.56
1352,2024-06-11,Livros,78.94,2,Nordeste,Boleto,157.88
2938,2024-06-11,Eletrônicos,966.05,1,Nordeste,Pix,966.05
1454,2024-06-11,Beleza,39.37,2,Sudeste,Pix,78.74
3853,2024-06-11,Casa e Decoração,603.71,2,Sudeste,Cartão de Crédito,1207.42
1809,2024-06-11,Eletrônicos,692.75,1,Nordeste,Cartão de Débito,692.75
1428,2024-06-11,Eletrônicos,1767.25,2,Sudeste,Cartão de Crédito,3534.5
579,2024-06-11,Eletrônicos,2016.44,4,Sudeste,Cartão de Crédito,8065.76
1759,2024-06-11,Eletrônicos,1496.09,1,Sudeste,Cartão de Crédito,1496.09
3466,2024-06-11,Livros,32.74,2,Norte,Cartão de Crédito,65.48
4916,2024-06-11,Beleza,75.77,1,Sudeste,Cartão de Crédito,75.77
560,2024-06-11,Livros,32.95,3,Nordeste,Cartão de Crédito,98.85
3612,2024-06-11,Eletrônicos,1777.33,1,Sudeste,Cartão de Crédito,1777.33
3065,2024-06-11,Moda,54.8,2,Sudeste,Cartão de Crédito,109.6
1161,2024-06-11,Esporte e Lazer,504.49,2,Nordeste,Pix,1008.98
2626,2024-06-11,Casa e Decoração,404.49,3,Norte,Cartão de Crédito,1213.47
2125,2024-06-11,Moda,338.62,2,Nordeste,Pix,677.24
5000,2024-06-11,Eletrônicos,337.88,3,Sul,Cartão de Crédito,1013.64
1288,2024-06-11,Esporte e Lazer,51.7,2,Centro-Oeste,Cartão de Débito,103.4
3308,2024-06-11,Esporte e Lazer,298.53,3,Nordeste,Cartão de Crédito,895.59
662,2024-06-11,Beleza,182.12,2,Sudeste,Pix,364.24
126,2024-06-11,Beleza,45.48,4,Sudeste,Cartão de Crédito,181.92
4786,2024-06-11,Beleza,99.97,4,Nordeste,Pix,399.88
3034,2024-06-11,Livros,26.49,2,Centro-Oeste,Cartão de Crédito,52.98
4796,2024-06-11,Eletrônicos,1310.34,1,Centro-Oeste,Cartão de Crédito,1310.34
4330,2024-06-11,Esporte e Lazer,91.11,3,Sul,Cartão de Débito,273.33
2553,2024-06-11,Livros,29.42,1,Norte,Boleto,29.42
902,2024-06-11,Casa e Decoração,349.98,3,Sudeste,Cartão de Crédito,1049.94
1317,2024-06-11,Beleza,32.94,1,Nordeste,Boleto,32.94
68,2024-06-11,Eletrônicos,1403.22,2,Nordeste,Cartão de Crédito,2806.44
2396,2024-06-11,Esporte e Lazer,204.13,1,Sudeste,Pix,204.13
2031,2024-06-11,Casa e Decoração,143.17,2,Norte,Pix,286.34
98,2024-06-11,Livros,44.45,4,Sudeste,Pix,177.8
2685,2024-06-11,Moda,227.83,3,Nordeste,Pix,683.49
3257,2024-06-12,Moda,184.88,1,Centro-Oeste,Cartão de Crédito,184.88
1255,2024-06-12,Livros,99.79,1,Norte,Cartão de Crédito,99.79
4191,2024-06-12,Moda,175.35,4,Nordeste,Cartão de Crédito,701.4
3312,2024-06-12,Esporte e Lazer,176.83,2,Nordeste,Cartão de Crédito,353.66
406,2024-06-12,Esporte e Lazer,147.26,2,Sudeste,Pix,294.52
2343,2024-06-12,Esporte e Lazer,161.56,1,Centro-Oeste,Cartão de Crédito,161.56
420,2024-06-12,Beleza,46.17,2,Sul,Pix,92.34
1879,2024-06-12,Livros,32.34,1,Centro-Oeste,Cartão de Débito,32.34
1143,2024-06-12,Moda,116.87,2,Sul,Cartão de Crédito,233.74
4889,2024-06-12,Esporte e Lazer,86.65,2,Sudeste,Pix,173.3
1390,2024-06-12,Casa e Decoração,479.54,4,Norte,Cartão de Crédito,1918.16
2523,2024-06-12,Livros,95.8,3,Nordeste,Cartão de Crédito,287.4
4931,2024-06-12,Eletrônicos,677.43,1,Sudeste,Cartão de Crédito,677.43
4828,2024-06-12,Moda,164.34,2,Sul,Cartão de Crédito,328.68
4058,2024-06-12,Livros,112.12,4,Sul,Cartão de Crédito,448.48
2535,2024-06-12,Moda,61.38,1,Norte,Cartão de Crédito,61.38
2841,2024-06-12,Livros,102.9,1,Centro-Oeste,Pix,102.9
1484,2024-06-12,Livros,35.09,1,Nordeste,Cartão de Crédito,35.09
93,2024-06-12,Livros,98.67,4,Nordeste,Cartão de Crédito,394.68
923,2024-06-12,Livros,65.25,4,Sudeste,Cartão de Crédito,261.0
429,2024-06-12,Eletrônicos,593.11,2,Sudeste,Cartão de Crédito,1186.22
4964,2024-06-12,Eletrônicos,398.27,2,Nordeste,Pix,796.54
4352,2024-06-12,Beleza,50.41,3,Sul,Cartão de Crédito,151.23
4396,2024-06-12,Livros,33.02,2,Centro-Oeste,Pix,66.04
1601,2024-06-12,Beleza,90.02,1,Sul,Pix,90.02
106,2024-06-12,Moda,223.43,2,Sul,Boleto,446.86
3439,2024-06-12,Esporte e Lazer,86.14,2,Sul,Cartão de Crédito,172.28
1563,2024-06-12,Esporte e Lazer,58.42,2,Nordeste,Cartão de Crédito,116.84
2419,2024-06-12,Esporte e Lazer,36.23,1,Nordeste,Cartão de Crédito,36.23
4950,2024-06-12,Beleza,45.28,1,Norte,Cartão de Crédito,45.28
4066,2024-06-12,Livros,72.24,2,Sudeste,Cartão de Crédito,144.48
3617,2024-06-12,Moda,130.42,3,Nordeste,Cartão de Crédito,391.26
1414,2024-06-12,Beleza,155.73,1,Nordeste,Pix,155.73
849,2024-06-12,Esporte e Lazer,109.26,4,Sudeste,Cartão de Crédito,437.04
1166,2024-06-12,Livros,74.63,1,Sul,Cartão de Crédito,74.63
3190,2024-06-12,Beleza,34.87,2,Sudeste,Pix,69.74
4314,2024-06-12,Beleza,87.91,4,Nordeste,Pix,351.64
2830,2024-06-13,Casa e Decoração,755.58,1,Sudeste,Pix,755.58
1389,2024-06-13,Moda,199.26,1,Sul,Cartão de Crédito,199.26
4401,2024-06-13,Moda,91.44,1,Norte,Cartão de Crédito,91.44
1216,2024-06-13,Esporte e Lazer,217.37,1,Nordeste,Cartão de Crédito,217.37
1433,2024-06-13,Livros,92.82,3,Sudeste,Cartão de Crédito,278.46
669,2024-06-13,Eletrônicos,581.98,3,Sul,Cartão de Crédito,1745.94
4187,2024-06-13,Moda,49.95,2,Nordeste,Pix,99.9
124,2024-06-13,Beleza,132.31,4,Sul,Cartão de Crédito,529.24
1626,2024-06-13,Moda,161.65,1,Nordeste,Pix,161.65
948,2024-06-13,Eletrônicos,747.05,3,Nordeste,Cartão de Crédito,2241.15
654,2024-06-13,Livros,74.52,2,Sudeste,Boleto,149.04
821,2024-06-13,Eletrônicos,2816.62,3,Norte,Cartão de Crédito,8449.86
2322,2024-06-13,Eletrônicos,1237.93,1,Sudeste,Cartão de Débito,1237.93
4008,2024-06-13,Eletrônicos,1585.51,2,Centro-Oeste,Cartão de Débito,3171.02
4738,2024-06-13,Livros,59.34,2,Sul,Pix,118.68
1593,2024-06-13,Eletrônicos,673.63,1,Norte,Pix,673.63
4374,2024-06-13,Casa e Decoração,358.62,3,Sul,Cartão de Crédito,1075.86
3812,2024-06-13,Esporte e Lazer,58.08,1,Centro-Oeste,Pix,58.08
1020,2024-06-13,Eletrônicos,2619.69,4,Sudeste,Boleto,10478.76
1191,2024-06-13,Eletrônicos,583.93,1,Sul,Pix,583.93
75,2024-06-13,Livros,28.77,1,Sul,Cartão de Crédito,28.77
4554,2024-06-13,Casa e Decoração,97.87,1,Nordeste,Pix,97.87
4543,2024-06-13,Moda,85.5,1,Nordeste,Pix,85.5
1353,2024-06-13,Moda,137.78,1,Sudeste,Cartão de Crédito,137.78
4069,2024-06-13,Esporte e Lazer,312.19,1,Sul,Cartão de Crédito,312.19
173,2024-06-13,Livros,42.74,3,Sudeste,Cartão de Crédito,128.22
1777,2024-06-13,Livros,36.3,2,Sul,Pix,72.6
3103,2024-06-13,Eletrônicos,983.73,2,Nordeste,Pix,1967.46
1994,2024-06-13,Moda,111.6,2,Nordeste,Cartão de Crédito,223.2
4751,2024-06-13,Casa e Decoração,47.28,1,Sul,Pix,47.28
3189,2024-06-13,Casa e Decoração,243.39,1,Sudeste,Cartão de Crédito,243.39
3879,2024-06-13,Esporte e Lazer,529.73,3,Sudeste,Cartão de Crédito,1589.19
1997,2024-06-13,Livros,50.33,2,Sudeste,Cartão de Crédito,100.66
2530,2024-06-13,Eletrônicos,827.96,4,Sudeste,Cartão de Débito,3311.84
218,2024-06-13,Eletrônicos,271.53,2,Sudeste,Cartão de Crédito,543.06
1092,2024-06-13,Livros,49.22,4,Sudeste,Cartão de Crédito,196.88
3176,2024-06-13,Livros,54.72,4,Sudeste,Cartão de Crédito,218.88
3990,2024-06-13,Beleza,81.14,4,Sudeste,Cartão de Crédito,324.56
4688,2024-06-13,Esporte e Lazer,171.02,1,Sul,Pix,171.02
3682,2024-06-13,Livros,26.58,2,Norte,Pix,53.16
704,2024-06-13,Livros,65.02,2,Nordeste,Boleto,130.04
2594,2024-06-13,Casa e Decoração,425.15,3,Centro-Oeste,Cartão de Crédito,1275.45
4678,2024-06-14,Casa e Decoração,51.61,2,Sul,Cartão de Crédito,103.22
2563,2024-06-14,Moda,94.34,1,Sudeste,Cartão de Crédito,94.34
2272,2024-06-14,Beleza,95.32,4,Sul,Pix,381.28
3534,2024-06-14,Casa e Decoração,458.53,1,Sudeste,Boleto,458.53
2193,2024-06-14,Beleza,172.22,1,Nordeste,Pix,172.22
1800,2024-06-14,Esporte e Lazer,580.58,3,Centro-Oeste,Cartão de Crédito,1741.74
641,2024-06-14,Moda,149.52,2,Centro-Oeste,Cartão de Crédito,299.04
984,2024-06-14,Moda,230.92,1,Nordeste,Cartão de Crédito,230.92
3930,2024-06-14,Livros,73.98,2,Sul,Cartão de Crédito,147.96
1677,2024-06-14,Moda,241.98,2,Sudeste,Cartão de Crédito,483.96
924,2024-06-14,Beleza,21.73,4,Sudeste,Cartão de Crédito,86.92
3179,2024-06-14,Eletrônicos,2433.65,1,Sul,Cartão de Crédito,2433.65
162,2024-06-14,Eletrônicos,957.0,2,Sul,Pix,1914.0
1067,2024-06-14,Beleza,209.73,1,Sudeste,Cartão de Crédito,209.73
3425,2024-06-14,Casa e Decoração,480.48,1,Sudeste,Cartão de Crédito,480.48
1277,2024-06-14,Eletrônicos,503.5,1,Sudeste,Cartão de Crédito,503.5
3794,2024-06-14,Esporte e Lazer,71.28,4,Nordeste,Boleto,285.12
1933,2024-06-14,Moda,262.52,3,Sul,Cartão de Crédito,787.56
1124,2024-06-14,Beleza,24.82,1,Norte,Cartão de Crédito,24.82
4487,2024-06-14,Beleza,74.0,1,Sudeste,Cartão de Crédito,74.0
2018,2024-06-14,Livros,31.56,2,Sul,,63.12
2111,2024-06-14,Eletrônicos,863.84,2,Sul,Cartão de Crédito,1727.68
48,2024-06-14,Moda,133.44,2,Sudeste,Pix,266.88
2661,2024-06-14,Casa e Decoração,610.49,1,Norte,Cartão de Crédito,610.49
2096,2024-06-14,Beleza,74.4,4,Nordeste,Cartão de Crédito,297.6
4560,2024-06-14,Livros,59.32,2,Centro-Oeste,Cartão de Crédito,118.64
682,2024-06-14,Livros,44.16,4,Sudeste,Pix,176.64
5,2024-06-15,Livros,43.46,3,Nordeste,Pix,130.38
941,2024-06-15,Casa e Decoração,345.0,2,Sudeste,Cartão de Crédito,690.0
1049,2024-06-15,Eletrônicos,1368.12,3,Sudeste,Cartão de Crédito,4104.36
88,2024-06-15,Livros,44.81,2,Sudeste,Cartão de Crédito,89.62
1057,2024-06-15,Moda,212.6,1,Sul,Cartão de Crédito,212.6
2654,2024-06-15,Moda,301.05,3,Sudeste,Cartão de Crédito,903.15
848,2024-06-15,Beleza,70.76,3,Nordeste,Cartão de Crédito,212.28
389,2024-06-15,Casa e Decoração,533.95,1,Sudeste,Cartão de Crédito,533.95
4200,2024-06-15,Livros,109.67,4,Nordeste,Boleto,438.68
2783,2024-06-15,Esporte e Lazer,325.07,3,Centro-Oeste,Cartão de Crédito,975.21
3658,2024-06-15,Livros,36.46,2,Sul,Cartão de Crédito,72.92
668,2024-06-16,Casa e Decoração,535.91,1,Norte,Cartão de Crédito,535.91
2505,2024-06-16,Esporte e Lazer,357.88,1,Sul,Pix,357.88
2874,2024-06-16,Livros,66.07,1,Sudeste,Boleto,66.07
4186,2024-06-16,Eletrônicos,1679.49,1,Sudeste,Cartão de Crédito,1679.49
2228,2024-06-16,Casa e Decoração,421.76,1,Nordeste,Cartão de Crédito,421.76
4959,2024-06-16,Casa e Decoração,79.61,1,Sudeste,Cartão de Crédito,79.61
3475,2024-06-17,Beleza,88.81,2,Nordeste,Boleto,177.62
3669,2024-06-18,Esporte e Lazer,426.07,4,Centro-Oeste,Cartão de Crédito,1704.28
2506,2024-06-18,Moda,80.26,4,Centro-Oeste,Cartão de Crédito,321.04
4007,2024-06-18,Livros,61.97,1,Centro-Oeste,Pix,61.97
1522,2024-06-18,Livros,49.27,4,Norte,Cartão de Crédito,197.08
307,2024-06-18,Eletrônicos,2205.24,2,Nordeste,Pix,4410.48
4817,2024-06-19,Esporte e Lazer,47.1,3,Sudeste,Cartão de Crédito,141.3
87,2024-06-19,Moda,126.64,2,Nordeste,Cartão de Crédito,253.28
4947,2024-06-20,Esporte e Lazer,322.88,4,Nordeste,Pix,1291.52
781,2024-06-20,Livros,54.52,1,Norte,Cartão de Crédito,54.52
2314,2024-06-20,Casa e Decoração,138.95,3,Nordeste,Pix,416.85
4278,2024-06-20,Moda,61.89,2,Centro-Oeste,Cartão de Débito,123.78
3574,2024-06-20,Beleza,86.7,1,Sul,Cartão de Crédito,86.7
946,2024-06-20,Beleza,54.28,2,Sul,Pix,108.56
4624,2024-06-20,Eletrônicos,464.7,1,Sudeste,Pix,464.7
1674,2024-06-21,Esporte e Lazer,172.73,4,Centro-Oeste,Cartão de Crédito,690.92
506,2024-06-21,Casa e Decoração,639.95,4,Sudeste,Cartão de Crédito,2559.8
4706,2024-06-21,Eletrônicos,1237.77,3,Nordeste,Cartão de Crédito,3713.31
3790,2024-06-21,Casa e Decoração,106.11,3,Sudeste,Cartão de Crédito,318.33
279,2024-06-21,Eletrônicos,314.84,1,Centro-Oeste,Pix,314.84
4452,2024-06-21,Esporte e Lazer,92.61,3,Sudeste,Cartão de Crédito,277.83
249,2024-06-21,Livros,87.05,2,Sul,Cartão de Crédito,174.1
3319,2024-06-21,Esporte e Lazer,461.73,1,Sudeste,Pix,461.73
3115,2024-06-22,Esporte e Lazer,325.81,1,Sudeste,Cartão de Crédito,325.81
2194,2024-06-22,Moda,123.01,4,Sudeste,Cartão de Crédito,492.04
2090,2024-06-22,Casa e Decoração,180.25,1,Sudeste,Boleto,180.25
2090,2024-06-22,Casa e Decoração,180.25,1,Sudeste,Boleto,180.25
929,2024-06-23,Livros,87.89,2,Sudeste,Pix,175.78
3899,2024-06-23,Eletrônicos,2214.76,2,Sul,Cartão de Crédito,4429.52
4549,2024-06-23,Moda,98.92,2,Nordeste,Boleto,197.84
107,2024-06-24,Beleza,100.93,2,Nordeste,Pix,201.86
1585,2024-06-24,Casa e Decoração,229.93,3,Sudeste,Boleto,689.79
4567,2024-06-24,Beleza,40.83,2,Sul,Pix,81.66
2170,2024-06-25,Moda,256.82,3,Sudeste,Cartão de Crédito,770.46
3772,2024-06-25,Casa e Decoração,78.9,2,Sul,Cartão de Crédito,157.8
2121,2024-06-25,Livros,60.17,2,Nordeste,Boleto,120.34
1396,2024-06-25,Casa e Decoração,420.76,1,Nordeste,Cartão de Crédito,420.76
3494,2024-06-25,Moda,139.25,1,Nordeste,Cartão de Crédito,139.25
1753,2024-06-26,Beleza,120.24,2,Centro-Oeste,Boleto,240.48
1201,2024-06-26,Eletrônicos,2076.04,3,Sudeste,Pix,6228.12
2770,2024-06-26,Beleza,62.46,3,Sudeste,Pix,187.38
672,2024-06-26,Eletrônicos,708.18,1,Nordeste,Cartão de Crédito,708.18
3025,2024-06-26,Beleza,83.63,2,Sul,Pix,167.26
1565,2024-06-26,Beleza,204.29,2,Sudeste,,408.58
2863,2024-06-27,Beleza,58.57,2,Centro-Oeste,Cartão de Crédito,117.14
2007,2024-06-27,Beleza,40.07,1,Nordeste,Cartão de Crédito,40.07
236,2024-06-27,Eletrônicos,1873.68,1,Nordeste,Cartão de Crédito,1873.68
1430,2024-06-28,Beleza,69.34,1,Nordeste,Pix,69.34
733,2024-06-28,Moda,173.16,1,Sudeste,Pix,173.16
78,2024-06-28,Casa e Decoração,547.36,4,Norte,Cartão de Crédito,2189.44
3351,2024-06-29,Eletrônicos,660.44,3,Sudeste,Cartão de Crédito,1981.32
898,2024-06-30,Eletrônicos,986.86,3,Nordeste,Cartão de Débito,2960.58
623,2024-06-30,Esporte e Lazer,456.36,1,Sul,Cartão de Débito,456.36
1088,2024-06-30,Casa e Decoração,395.14,4,Nordeste,Cartão de Crédito,1580.56
2414,2024-06-30,Livros,47.69,1,Centro-Oeste,Cartão de Crédito,47.69
2901,2024-06-30,Beleza,37.9,2,Nordeste,Boleto,75.8
2155,2024-06-30,Eletrônicos,2360.93,1,Sudeste,Pix,2360.93
3474,2024-07-01,Livros,57.15,4,Nordeste,Cartão de Crédito,228.6
3694,2024-07-01,Casa e Decoração,56.07,3,Sudeste,Pix,168.21
2964,2024-07-01,Moda,60.59,1,Sudeste,Pix,60.59
4402,2024-07-01,Beleza,128.86,1,Sul,Cartão de Crédito,128.86
3996,2024-07-01,Esporte e Lazer,344.04,2,Sudeste,Cartão de Crédito,688.08
1615,2024-07-01,Beleza,39.08,4,Sul,Cartão de Crédito,156.32
2393,2024-07-01,Esporte e Lazer,244.57,2,Sudeste,Pix,489.14
1818,2024-07-01,Esporte e Lazer,158.9,3,Sudeste,Cartão de Crédito,476.7
4835,2024-07-01,Livros,85.18,2,Sul,Cartão de Crédito,170.36
3674,2024-07-02,Casa e Decoração,680.7,3,Sul,Cartão de Crédito,2042.1
1094,2024-07-02,Beleza,36.17,1,Norte,Pix,36.17
2525,2024-07-02,Beleza,97.16,4,Sul,Cartão de Crédito,388.64
3055,2024-07-02,Livros,32.48,2,Sudeste,Cartão de Crédito,64.96
3797,2024-07-02,Moda,148.64,2,Centro-Oeste,Cartão de Crédito,297.28
1180,2024-07-03,Casa e Decoração,608.46,1,Centro-Oeste,Cartão de Crédito,608.46
4860,2024-07-04,Casa e Decoração,195.76,2,Nordeste,Pix,391.52
2444,2024-07-04,Eletrônicos,2733.01,4,Sul,Cartão de Crédito,10932.04
3202,2024-07-04,Moda,119.59,4,Sudeste,Boleto,478.36
2379,2024-07-05,Moda,68.04,1,Centro-Oeste,Pix,68.04
3374,2024-07-05,Casa e Decoração,193.03,1,Sudeste,Pix,193.03
1912,2024-07-05,Beleza,57.91,3,Sul,Boleto,173.73
4459,2024-07-06,Eletrônicos,2706.73,2,Sudeste,Cartão de Crédito,5413.46
1372,2024-07-06,Beleza,56.64,1,Nordeste,Boleto,56.64
1144,2024-07-06,Moda,176.18,2,Sudeste,Cartão de Crédito,352.36
3644,2024-07-06,Esporte e Lazer,211.47,1,Sudeste,Cartão de Crédito,211.47
3142,2024-07-06,Casa e Decoração,290.51,4,Sul,Cartão de Crédito,1162.04
4992,2024-07-06,Esporte e Lazer,213.65,3,Centro-Oeste,Cartão de Crédito,640.95
156,2024-07-06,Eletrônicos,1161.28,1,Norte,Cartão de Crédito,1161.28
1091,2024-07-06,Livros,63.63,2,Nordeste,Cartão de Crédito,127.26
2487,2024-07-06,Moda,272.96,2,Nordeste,Pix,545.92
2583,2024-07-07,Eletrônicos,1461.18,1,Nordeste,Cartão de Crédito,1461.18
136,2024-07-08,Beleza,226.6,1,Sudeste,Cartão de Crédito,226.6
2069,2024-07-08,Eletrônicos,794.8,2,Norte,Cartão de Crédito,1589.6
4310,2024-07-08,Esporte e Lazer,343.29,1,Sul,Cartão de Crédito,343.29
184,2024-07-08,Livros,51.16,4,Sul,Cartão de Crédito,204.64
4494,2024-07-08,Casa e Decoração,381.41,2,Sudeste,Pix,762.82
4922,2024-07-08,Beleza,237.95,3,Sudeste,Pix,713.85
3945,2024-07-08,Livros,91.38,2,Sul,Cartão de Crédito,182.76
4859,2024-07-08,Moda,89.4,2,Centro-Oeste,Cartão de Crédito,178.8
892,2024-07-08,Eletrônicos,1086.26,1,Sudeste,Boleto,1086.26
1379,2024-07-09,Livros,24.16,1,Sul,Cartão de Crédito,24.16
1941,2024-07-09,Livros,56.34,2,Sudeste,Cartão de Crédito,112.68
2285,2024-07-09,Eletrônicos,2011.73,1,Sul,Cartão de Débito,2011.73
2362,2024-07-09,Casa e Decoração,281.48,1,Sudeste,Cartão de Débito,281.48
171,2024-07-09,Eletrônicos,1219.05,1,Centro-Oeste,Cartão de Crédito,1219.05
3200,2024-07-10,Casa e Decoração,271.83,2,Sudeste,Cartão de Débito,543.66
4902,2024-07-10,Esporte e Lazer,231.79,2,Nordeste,Pix,463.58
2059,2024-07-10,Eletrônicos,1053.92,1,Nordeste,Cartão de Crédito,1053.92
2596,2024-07-10,Casa e Decoração,307.37,4,Norte,Cartão de Crédito,1229.48
4041,2024-07-10,Moda,203.37,2,Sudeste,Boleto,406.74
144,2024-07-10,Casa e Decoração,479.22,3,Nordeste,Pix,1437.66
2387,2024-07-11,Esporte e Lazer,281.07,3,Sul,Cartão de Crédito,843.21
1600,2024-07-11,Livros,85.98,3,Norte,Cartão de Crédito,257.94
4517,2024-07-12,Eletrônicos,619.33,2,Sudeste,Pix,1238.66
1349,2024-07-12,Livros,49.81,3,Nordeste,Cartão de Crédito,149.43
383,2024-07-12,Esporte e Lazer,150.61,2,Nordeste,Cartão de Crédito,301.22
744,2024-07-12,Beleza,167.28,2,Sudeste,Cartão de Crédito,334.56
511,2024-07-12,Beleza,48.27,1,Nordeste,Cartão de Crédito,48.27
284,2024-07-12,Eletrônicos,2481.21,2,Nordeste,Cartão de Débito,4962.42
4135,2024-07-12,Beleza,48.68,2,Nordeste,Boleto,97.36
2628,2024-07-13,Esporte e Lazer,190.3,4,Norte,Pix,761.2
3635,2024-07-13,Moda,59.65,1,Sul,Boleto,59.65
3635,2024-07-13,Moda,59.65,1,Sul,Boleto,59.65
4421,2024-07-13,Moda,249.56,2,Nordeste,Cartão de Crédito,499.12
561,2024-07-13,Livros,31.23,1,Nordeste,Cartão de Crédito,31.23
4056,2024-07-13,Eletrônicos,2212.85,3,Sudeste,Pix,6638.55
1425,2024-07-14,Beleza,136.77,1,Sudeste,Cartão de Crédito,136.77
3180,2024-07-14,Beleza,19.73,3,Sul,Cartão de Débito,59.19
23,2024-07-14,Livros,38.88,3,Norte,Cartão de Crédito,116.64
3556,2024-07-14,Livros,64.47,4,Nordeste,Pix,257.88
1950,2024-07-14,Eletrônicos,1281.63,2,Nordeste,Cartão de Crédito,2563.26
4717,2024-07-14,Eletrônicos,1735.77,3,Centro-Oeste,Cartão de Crédito,5207.31
2206,2024-07-14,Beleza,227.39,1,Centro-Oeste,Pix,227.39
3564,2024-07-14,Esporte e Lazer,175.1,2,Sudeste,Cartão de Crédito,350.2
845,2024-07-16,Esporte e Lazer,396.46,2,Nordeste,Cartão de Crédito,792.92
3594,2024-07-16,Beleza,64.46,4,Centro-Oeste,Pix,257.84
4682,2024-07-16,Livros,45.3,3,Nordeste,Boleto,135.9
2988,2024-07-16,Beleza,147.54,4,Sudeste,Pix,590.16
2417,2024-07-16,Livros,83.93,4,Sudeste,Pix,335.72
3476,2024-07-16,Livros,94.48,3,Sul,Pix,283.44
3568,2024-07-17,Esporte e Lazer,134.26,3,Nordeste,Pix,402.78
636,2024-07-17,Moda,165.32,2,Sudeste,Cartão de Crédito,330.64
4217,2024-07-18,Livros,80.79,1,Sudeste,Cartão de Crédito,80.79
4158,2024-07-18,Esporte e Lazer,313.18,4,Sudeste,Cartão de Crédito,1252.72
2195,2024-07-18,Livros,56.89,2,Nordeste,Cartão de Crédito,113.78
3412,2024-07-19,Livros,29.94,2,Sul,Boleto,59.88
4400,2024-07-19,Esporte e Lazer,328.55,3,Sudeste,Cartão de Crédito,985.65
4566,2024-07-19,Casa e Decoração,63.06,2,Sul,Cartão de Crédito,126.12
3928,2024-07-19,Esporte e Lazer,63.42,4,Sudeste,Cartão de Crédito,253.68
62,2024-07-19,Beleza,195.34,3,Sudeste,Pix,586.02
1403,2024-07-19,Beleza,46.25,1,Sudeste,Cartão de Crédito,46.25
2180,2024-07-19,Eletrônicos,698.24,1,Centro-Oeste,Boleto,698.24
4506,2024-07-19,Livros,28.9,2,Nordeste,Pix,57.8
3385,2024-07-19,Beleza,71.08,1,Sul,Cartão de Crédito,71.08
1830,2024-07-20,Eletrônicos,1109.79,1,Sudeste,Cartão de Crédito,1109.79
4340,2024-07-20,Livros,67.64,3,Nordeste,Cartão de Crédito,202.92
2464,2024-07-20,Moda,164.39,1,Centro-Oeste,Pix,164.39
2701,2024-07-20,Casa e Decoração,500.66,1,Sudeste,Cartão de Crédito,500.66
1261,2024-07-20,Eletrônicos,1185.92,4,Centro-Oeste,Cartão de Débito,4743.68
1641,2024-07-20,Beleza,215.84,1,Sudeste,Cartão de Crédito,215.84
3177,2024-07-21,Casa e Decoração,73.6,2,Centro-Oeste,Pix,147.2
568,2024-07-21,Casa e Decoração,658.49,1,Nordeste,Pix,658.49
3950,2024-07-21,Moda,133.73,4,Sudeste,Cartão de Crédito,534.92
4177,2024-07-21,Eletrônicos,687.29,1,Norte,Cartão de Crédito,687.29
219,2024-07-21,Eletrônicos,552.8,1,Sudeste,Pix,552.8
495,2024-07-22,Beleza,22.29,1,Sudeste,Pix,22.29
3235,2024-07-22,Beleza,155.52,2,Sudeste,Pix,311.04
3032,2024-07-22,Casa e Decoração,257.82,1,Sudeste,Pix,257.82
2321,2024-07-22,Casa e Decoração,304.6,1,Sudeste,Cartão de Crédito,304.6
1441,2024-07-23,Esporte e Lazer,353.63,3,Sul,Cartão de Crédito,1060.89
2913,2024-07-23,Beleza,81.0,2,Norte,Cartão de Crédito,162.0
31,2024-07-23,Eletrônicos,185.24,1,Sudeste,Pix,185.24
2203,2024-07-24,Esporte e Lazer,366.45,2,Norte,Cartão de Crédito,732.9
965,2024-07-24,Esporte e Lazer,278.11,2,Sudeste,Cartão de Crédito,556.22
2298,2024-07-24,Moda,113.99,1,Nordeste,Cartão de Crédito,113.99
4771,2024-07-24,Esporte e Lazer,172.96,4,Sudeste,Cartão de Crédito,691.84
2699,2024-07-25,Livros,71.85,3,Sudeste,Boleto,215.55
4991,2024-07-25,Casa e Decoração,126.06,1,Nordeste,Cartão de Débito,126.06
1385,2024-07-25,Esporte e Lazer,351.44,1,Norte,Cartão de Crédito,351.44
1370,2024-07-25,Moda,313.76,1,Sul,Pix,313.76
3681,2024-07-26,Eletrônicos,792.2,1,Nordeste,Cartão de Crédito,792.2
141,2024-07-26,Esporte e Lazer,244.21,2,Centro-Oeste,Cartão de Crédito,488.42
2466,2024-07-26,Esporte e Lazer,126.98,4,Sudeste,Boleto,507.92
79,2024-07-26,Beleza,34.2,1,Centro-Oeste,Cartão de Crédito,34.2
1496,2024-07-27,Eletrônicos,478.84,1,Sudeste,Pix,478.84
1116,2024-07-27,Beleza,52.73,2,Centro-Oeste,Cartão de Débito,105.46
1978,2024-07-27,Casa e Decoração,54.93,1,Centro-Oeste,Boleto,54.93
1019,2024-07-27,Beleza,26.48,4,Nordeste,Cartão de Crédito,105.92
1465,2024-07-28,Casa e Decoração,461.89,1,Sul,Pix,461.89
4264,2024-07-28,Esporte e Lazer,45.27,4,Nordeste,Cartão de Crédito,181.08
649,2024-07-28,Beleza,213.11,2,Norte,Pix,426.22
4113,2024-07-28,Livros,22.52,1,Sudeste,Cartão de Crédito,22.52
507,2024-07-28,Esporte e Lazer,199.83,2,Sudeste,Cartão de Crédito,399.66
1175,2024-07-28,Beleza,101.63,1,Sudeste,Pix,101.63
95,2024-07-28,Livros,30.35,1,Sudeste,Pix,30.35
1541,2024-07-29,Casa e Decoração,717.25,4,Sudeste,Cartão de Débito,2869.0
3943,2024-07-29,Livros,43.58,2,Sudeste,Cartão de Crédito,87.16
1811,2024-07-29,Esporte e Lazer,507.78,1,Sul,Pix,507.78
1525,2024-07-29,Casa e Decoração,662.08,2,Sul,Cartão de Crédito,1324.16
4924,2024-07-30,Eletrônicos,1331.73,4,Norte,Cartão de Crédito,5326.92
477,2024-07-31,Eletrônicos,350.13,4,Sul,Cartão de Crédito,1400.52
4288,2024-07-31,Beleza,72.11,2,Sul,Cartão de Crédito,144.22
72,2024-07-31,Livros,97.3,1,Sudeste,Boleto,97.3
3817,2024-07-31,Esporte e Lazer,466.23,2,Sudeste,Boleto,932.46
2408,2024-07-31,Moda,231.29,1,Sudeste,Pix,231.29
1226,2024-07-31,Livros,37.28,4,Nordeste,Pix,149.12
2094,2024-08-01,Livros,54.24,4,Sudeste,Cartão de Crédito,216.96
4920,2024-08-01,Livros,82.63,2,Nordeste,Cartão de Crédito,165.26
2380,2024-08-01,Casa e Decoração,99.05,2,Centro-Oeste,Cartão de Crédito,198.1
1924,2024-08-01,Beleza,135.39,1,Sul,Boleto,135.39
230,2024-08-01,Livros,55.52,2,Norte,Pix,111.04
1609,2024-08-02,Livros,100.57,4,Sudeste,Cartão de Crédito,402.28
1983,2024-08-02,Esporte e Lazer,451.58,3,Nordeste,,1354.74
1972,2024-08-02,Esporte e Lazer,172.05,1,Nordeste,Cartão de Crédito,172.05
1281,2024-08-02,Beleza,57.15,2,Centro-Oeste,Pix,114.3
3646,2024-08-03,Esporte e Lazer,30.77,1,Centro-Oeste,Cartão de Crédito,30.77
4963,2024-08-03,Casa e Decoração,384.71,2,Norte,Pix,769.42
3325,2024-08-03,Esporte e Lazer,204.99,3,Nordeste,Cartão de Crédito,614.97
3078,2024-08-03,Livros,29.99,2,Sul,Pix,59.98
3731,2024-08-03,Esporte e Lazer,148.13,3,Sudeste,Cartão de Crédito,444.39
2472,2024-08-03,Livros,97.73,2,Nordeste,Cartão de Crédito,195.46
2308,2024-08-03,Esporte e Lazer,47.31,2,Sul,Cartão de Crédito,94.62
2043,2024-08-03,Moda,87.39,1,Norte,Cartão de Crédito,87.39
4598,2024-08-04,Esporte e Lazer,81.73,1,Sudeste,Cartão de Crédito,81.73
3598,2024-08-04,Moda,256.46,1,Norte,Cartão de Crédito,256.46
2800,2024-08-04,Casa e Decoração,404.81,2,Nordeste,Pix,809.62
3627,2024-08-04,Livros,24.53,1,Nordeste,Pix,24.53
3541,2024-08-04,Casa e Decoração,405.71,1,Norte,Cartão de Crédito,405.71
939,2024-08-04,Moda,90.1,1,Sudeste,Cartão de Crédito,90.1
149,2024-08-04,Moda,138.12,1,Sudeste,Pix,138.12
2397,2024-08-05,Casa e Decoração,411.78,2,Sul,Cartão de Crédito,823.56
1074,2024-08-05,Esporte e Lazer,334.33,3,Sudeste,Pix,1002.99
2115,2024-08-05,Beleza,158.66,2,Sudeste,Pix,317.32
3952,2024-08-05,Beleza,83.5,1,Nordeste,Pix,83.5
4147,2024-08-05,Beleza,119.26,1,Centro-Oeste,Cartão de Crédito,119.26
4808,2024-08-05,Livros,42.6,2,Sudeste,Pix,85.2
1781,2024-08-05,Moda,64.0,1,Centro-Oeste,Cartão de Crédito,64.0
3413,2024-08-05,Beleza,91.89,1,Sudeste,Cartão de Crédito,91.89
2795,2024-08-06,Casa e Decoração,121.88,1,Nordeste,Pix,121.88
4123,2024-08-07,Beleza,113.52,1,Sudeste,Cartão de Crédito,113.52
714,2024-08-07,Eletrônicos,2336.63,1,Sul,Cartão de Crédito,2336.63
2357,2024-08-07,Casa e Decoração,242.58,1,Sul,Cartão de Débito,242.58
289,2024-08-07,Moda,68.25,2,Norte,Cartão de Crédito,136.5
2233,2024-08-07,Moda,367.38,4,Sudeste,Pix,1469.52
1410,2024-08-07,Beleza,116.08,1,Sudeste,Cartão de Crédito,116.08
1887,2024-08-07,Esporte e Lazer,48.08,4,Sul,Cartão de Crédito,192.32
4033,2024-08-07,Beleza,131.8,1,Sudeste,Cartão de Crédito,131.8
3310,2024-08-07,Eletrônicos,1073.69,3,Sudeste,Cartão de Crédito,3221.07
3813,2024-08-07,Moda,203.54,4,Nordeste,Pix,814.16
4256,2024-08-08,Moda,144.45,1,Sudeste,Pix,144.45
3269,2024-08-08,Casa e Decoração,691.4,4,Centro-Oeste,Cartão de Crédito,2765.6
146,2024-08-08,Moda,108.73,1,Sudeste,Cartão de Débito,108.73
4219,2024-08-09,Beleza,139.86,1,Sudeste,Cartão de Débito,139.86
3722,2024-08-09,Beleza,22.24,2,Sul,Cartão de Crédito,44.48
4561,2024-08-09,Eletrônicos,1724.74,1,Nordeste,Cartão de Crédito,1724.74
4166,2024-08-09,Beleza,82.62,1,Sudeste,Cartão de Crédito,82.62
4171,2024-08-10,Eletrônicos,1706.25,1,Sudeste,Pix,1706.25
4544,2024-08-10,Casa e Decoração,210.87,2,Sudeste,Cartão de Crédito,421.74
866,2024-08-10,Moda,237.4,2,Sul,Cartão de Crédito,474.8
4393,2024-08-10,Beleza,192.61,1,Sul,Cartão de Crédito,192.61
1054,2024-08-10,Beleza,86.27,1,Sudeste,Pix,86.27
4812,2024-08-10,Beleza,23.56,4,Nordeste,Cartão de Crédito,94.24
4958,2024-08-10,Beleza,208.21,3,Sul,Cartão de Crédito,624.63
4489,2024-08-10,Livros,68.03,1,Nordeste,Cartão de Crédito,68.03
262,2024-08-10,Moda,219.53,2,Sudeste,Pix,439.06
2430,2024-08-11,Eletrônicos,2184.38,1,Centro-Oeste,Cartão de Crédito,2184.38
738,2024-08-11,Eletrônicos,344.1,1,Centro-Oeste,Pix,344.1
4460,2024-08-11,Moda,64.1,1,Nordeste,Cartão de Débito,64.1
1748,2024-08-11,Eletrônicos,2966.76,1,Norte,Pix,2966.76
3085,2024-08-11,Moda,360.58,1,Sudeste,,360.58
918,2024-08-12,Casa e Decoração,210.35,1,Sul,Cartão de Crédito,210.35
2143,2024-08-12,Beleza,38.81,3,Sudeste,Cartão de Crédito,116.43
266,2024-08-12,Moda,209.17,4,Sul,Cartão de Crédito,836.68
3880,2024-08-12,Casa e Decoração,642.0,1,Sul,Cartão de Crédito,642.0
2352,2024-08-12,Eletrônicos,203.39,3,Nordeste,Cartão de Crédito,610.17
961,2024-08-12,Livros,107.44,4,Sudeste,Cartão de Crédito,429.76
2176,2024-08-13,Casa e Decoração,156.72,4,Sul,Cartão de Crédito,626.88
328,2024-08-13,Moda,65.89,4,Nordeste,Cartão de Crédito,263.56
441,2024-08-13,Beleza,187.55,2,Nordeste,Cartão de Crédito,375.1
1597,2024-08-13,Esporte e Lazer,202.86,1,Sudeste,Pix,202.86
3931,2024-08-13,Beleza,87.73,2,Sul,Pix,175.46
950,2024-08-13,Eletrônicos,397.19,1,Norte,Cartão de Crédito,397.19
1405,2024-08-13,Esporte e Lazer,30.82,3,Sudeste,Cartão de Crédito,92.46
3981,2024-08-13,Beleza,79.56,1,Sudeste,Cartão de Crédito,79.56
3187,2024-08-14,Livros,41.25,2,Nordeste,Cartão de Débito,82.5
2945,2024-08-14,Eletrônicos,1884.91,2,Sul,Pix,3769.82
2859,2024-08-14,Eletrônicos,1402.75,3,Sul,Cartão de Crédito,4208.25
631,2024-08-14,Moda,40.83,3,Nordeste,Cartão de Crédito,122.49
1785,2024-08-14,Livros,47.72,1,Sul,Cartão de Débito,47.72
3686,2024-08-14,Livros,42.85,4,Sul,Boleto,171.4
2213,2024-08-14,Moda,170.92,1,Sul,Pix,170.92
603,2024-08-14,Beleza,31.67,2,Sudeste,Pix,63.34
4454,2024-08-14,Casa e Decoração,240.07,2,Sudeste,Cartão de Crédito,480.14
833,2024-08-14,Moda,101.53,3,Sudeste,Cartão de Crédito,304.59
3624,2024-08-14,Beleza,19.92,4,Sudeste,Cartão de Crédito,79.68
3609,2024-08-15,Beleza,98.36,2,Sudeste,Pix,196.72
4559,2024-08-15,Livros,25.66,3,Nordeste,Cartão de Crédito,76.98
3348,2024-08-15,Livros,30.93,2,Centro-Oeste,Pix,61.86
464,2024-08-15,Esporte e Lazer,50.89,3,Nordeste,Cartão de Crédito,152.67
1663,2024-08-15,Eletrônicos,1146.74,1,Nordeste,Cartão de Crédito,1146.74
3916,2024-08-16,Moda,171.15,4,Sudeste,Boleto,684.6
501,2024-08-16,Moda,86.52,4,Centro-Oeste,Cartão de Crédito,346.08
4939,2024-08-16,Moda,54.25,4,Sudeste,Cartão de Crédito,217.0
920,2024-08-16,Casa e Decoração,51.66,1,Sudeste,Cartão de Crédito,51.66
4749,2024-08-16,Esporte e Lazer,26.19,2,Sudeste,Cartão de Crédito,52.38
3530,2024-08-16,Livros,86.35,1,Sudeste,Pix,86.35
3135,2024-08-16,Eletrônicos,1517.69,3,Sul,Cartão de Crédito,4553.07
229,2024-08-16,Eletrônicos,899.33,1,Sul,Pix,899.33
3579,2024-08-17,Livros,52.77,2,Nordeste,Cartão de Crédito,105.54
4800,2024-08-17,Livros,60.61,4,Sudeste,Pix,242.44
3093,2024-08-17,Moda,54.09,1,Nordeste,Cartão de Crédito,54.09
3830,2024-08-18,Eletrônicos,887.86,1,Centro-Oeste,Pix,887.86
1672,2024-08-18,Esporte e Lazer,168.18,1,Nordeste,Cartão de Crédito,168.18
3016,2024-08-18,Moda,287.11,4,Sudeste,Cartão de Crédito,1148.44
1346,2024-08-18,Eletrônicos,1273.4,4,Norte,Pix,5093.6
3141,2024-08-18,Esporte e Lazer,252.88,3,Nordeste,Cartão de Débito,758.64
4998,2024-08-18,Eletrônicos,794.22,3,Nordeste,,2382.66
3318,2024-08-18,Eletrônicos,493.96,1,Sudeste,Cartão de Crédito,493.96
3760,2024-08-18,Casa e Decoração,791.84,2,Nordeste,Cartão de Crédito,1583.68
2291,2024-08-18,Beleza,172.51,3,Nordeste,Cartão de Crédito,517.53
3071,2024-08-19,Livros,57.34,3,Sudeste,Cartão de Débito,172.02
2438,2024-08-19,Casa e Decoração,282.21,1,Sudeste,Cartão de Crédito,282.21
3429,2024-08-19,Beleza,19.86,1,Nordeste,Boleto,19.86
999,2024-08-20,Livros,74.38,1,Nordeste,Pix,74.38
4884,2024-08-20,Moda,133.14,2,Sudeste,Cartão de Crédito,266.28
1213,2024-08-20,Esporte e Lazer,103.58,1,Sudeste,Cartão de Crédito,103.58
3601,2024-08-20,Beleza,41.33,1,Nordeste,Cartão de Crédito,41.33
1652,2024-08-20,Eletrônicos,2272.31,2,Centro-Oeste,Pix,4544.62
4694,2024-08-20,Casa e Decoração,144.26,1,Nordeste,Cartão de Crédito,144.26
3238,2024-08-20,Beleza,166.1,1,Nordeste,Boleto,166.1
2501,2024-08-20,Esporte e Lazer,100.22,2,Nordeste,Pix,200.44
3856,2024-08-20,Beleza,99.71,1,Norte,Cartão de Crédito,99.71
1432,2024-08-20,Eletrônicos,1197.75,3,Sudeste,Pix,3593.25
4148,2024-08-20,Esporte e Lazer,249.18,1,Nordeste,Cartão de Crédito,249.18
3368,2024-08-21,Livros,87.73,4,Nordeste,Pix,350.92
863,2024-08-21,Moda,59.88,1,Nordeste,Cartão de Crédito,59.88
448,2024-08-21,Moda,70.22,2,Nordeste,Cartão de Crédito,140.44
2888,2024-08-22,Livros,41.8,1,Sudeste,Pix,41.8
4019,2024-08-22,Moda,178.48,1,Sudeste,Pix,178.48
884,2024-08-22,Livros,72.79,1,Norte,Boleto,72.79
2780,2024-08-22,Livros,87.58,1,Nordeste,Pix,87.58
1084,2024-08-22,Livros,32.65,4,Sudeste,Pix,130.6
1558,2024-08-22,Casa e Decoração,169.37,3,Sudeste,Cartão de Crédito,508.11
3867,2024-08-23,Moda,175.29,2,Sudeste,Pix,350.58
4533,2024-08-23,Esporte e Lazer,171.19,1,Sudeste,Pix,171.19
691,2024-08-23,Eletrônicos,2252.89,1,Sul,Boleto,2252.89
1239,2024-08-23,Eletrônicos,537.07,1,Centro-Oeste,Cartão de Crédito,537.07
2940,2024-08-23,Eletrônicos,1122.19,3,Sudeste,Pix,3366.57
612,2024-08-24,Eletrônicos,1972.65,1,Sul,Pix,1972.65
2891,2024-08-24,Moda,142.14,1,Sul,Cartão de Crédito,142.14
4867,2024-08-24,Eletrônicos,587.91,4,Sudeste,Pix,2351.64
1461,2024-08-24,Beleza,93.95,2,Sul,Cartão de Crédito,187.9
734,2024-08-25,Beleza,51.92,4,Centro-Oeste,Boleto,207.68
2736,2024-08-25,Beleza,31.58,2,Sul,Cartão de Crédito,63.16
3004,2024-08-25,Casa e Decoração,174.77,2,Sudeste,Pix,349.54
3542,2024-08-26,Livros,33.86,1,Sudeste,Cartão de Crédito,33.86
3333,2024-08-26,Livros,42.13,3,Sudeste,Pix,126.39
1991,2024-08-26,Casa e Decoração,427.56,1,Sul,Cartão de Crédito,427.56
2683,2024-08-26,Casa e Decoração,117.92,2,Sul,Cartão de Crédito,235.84
4103,2024-08-26,Beleza,137.22,2,Nordeste,Cartão de Crédito,274.44
4893,2024-08-27,Casa e Decoração,80.76,3,Sudeste,Cartão de Crédito,242.28
4216,2024-08-28,Eletrônicos,1806.01,1,Sudeste,Cartão de Débito,1806.01
4248,2024-08-28,Moda,329.74,3,Sudeste,Cartão de Crédito,989.22
4570,2024-08-28,Esporte e Lazer,339.84,2,Nordeste,Cartão de Crédito,679.68
4999,2024-08-28,Beleza,71.5,2,Sudeste,Boleto,143.0
1321,2024-08-29,Livros,29.14,2,Nordeste,Cartão de Crédito,58.28
4291,2024-08-29,Livros,70.97,1,Sudeste,Pix,70.97
3033,2024-08-29,Casa e Decoração,417.6,1,Nordeste,Cartão de Crédito,417.6
4668,2024-08-29,Beleza,172.81,1,Sudeste,Cartão de Crédito,172.81
3913,2024-08-29,Casa e Decoração,106.28,1,Sudeste,Boleto,106.28
1164,2024-08-29,Moda,66.5,1,Sudeste,Pix,66.5
3679,2024-08-29,Esporte e Lazer,197.1,2,Sudeste,Pix,394.2
1560,2024-08-29,Esporte e Lazer,121.31,3,Sul,Pix,363.93
740,2024-08-30,Livros,100.61,1,Sudeste,Cartão de Crédito,100.61
2978,2024-08-30,Beleza,29.4,2,Sudeste,Cartão de Crédito,58.8
4242,2024-08-30,Livros,44.28,1,Sudeste,Boleto,44.28
1122,2024-08-30,Eletrônicos,2511.55,4,Sudeste,Pix,10046.2
2710,2024-08-30,Beleza,189.98,4,Nordeste,Cartão de Crédito,759.92
4188,2024-08-31,Casa e Decoração,578.84,1,Sul,Pix,578.84
1455,2024-08-31,Beleza,145.21,1,Sudeste,Pix,145.21
2245,2024-08-31,Beleza,28.53,1,Sudeste,Pix,28.53
1847,2024-08-31,Livros,48.86,4,Sul,Cartão de Crédito,195.44
539,2024-09-01,Livros,21.84,3,Sul,Cartão de Crédito,65.52
208,2024-09-01,Beleza,46.8,3,Sudeste,Cartão de Crédito,140.4
1752,2024-09-02,Beleza,18.27,2,Nordeste,Cartão de Crédito,36.54
1502,2024-09-02,Livros,63.19,1,Sudeste,Pix,63.19
3012,2024-09-02,Esporte e Lazer,303.0,4,Sudeste,Boleto,1212.0
786,2024-09-02,Livros,55.49,3,Sudeste,Pix,166.47
1855,2024-09-03,Esporte e Lazer,427.72,1,Centro-Oeste,Pix,427.72
4129,2024-09-03,Moda,108.6,2,Sul,Pix,217.2
758,2024-09-03,Esporte e Lazer,485.52,1,Norte,Pix,485.52
3208,2024-09-04,Livros,102.93,2,Nordeste,Cartão de Crédito,205.86
753,2024-09-04,Livros,93.98,1,Norte,Cartão de Crédito,93.98
1220,2024-09-05,Casa e Decoração,171.93,4,Sudeste,Pix,687.72
4790,2024-09-05,Livros,24.61,2,Sudeste,Cartão de Crédito,49.22
2014,2024-09-06,Livros,23.59,1,Nordeste,Cartão de Crédito,23.59
3478,2024-09-06,Beleza,209.24,1,Sul,Cartão de Débito,209.24
4634,2024-09-06,Eletrônicos,1640.23,3,Sul,Pix,4920.69
1623,2024-09-06,Esporte e Lazer,170.63,1,Norte,Cartão de Crédito,170.63
2469,2024-09-06,Beleza,133.19,1,Norte,Cartão de Débito,133.19
4488,2024-09-07,Eletrônicos,930.49,3,Sudeste,Pix,2791.47
1276,2024-09-07,Livros,59.93,3,Sudeste,Boleto,179.79
1015,2024-09-07,Casa e Decoração,209.37,2,Sul,Cartão de Crédito,418.74
112,2024-09-07,Esporte e Lazer,103.35,4,Sudeste,Cartão de Crédito,413.4
2142,2024-09-07,Beleza,23.75,2,Sudeste,Pix,47.5
3488,2024-09-07,Livros,88.0,1,Sudeste,Pix,88.0
558,2024-09-07,Casa e Decoração,739.21,1,Sudeste,Cartão de Débito,739.21
1503,2024-09-08,Moda,257.1,2,Sul,Pix,514.2
3131,2024-09-08,Eletrônicos,430.71,2,Centro-Oeste,Cartão de Débito,861.42
3660,2024-09-08,Esporte e Lazer,308.47,1,Nordeste,Pix,308.47
70,2024-09-09,Eletrônicos,583.8,1,Sudeste,Cartão de Débito,583.8
2833,2024-09-09,Eletrônicos,1043.41,3,Sul,Cartão de Crédito,3130.23
1683,2024-09-09,Livros,68.49,2,Sudeste,Pix,136.98
4649,2024-09-09,Moda,89.97,4,Sudeste,Cartão de Crédito,359.88
2949,2024-09-09,Beleza,172.22,1,Nordeste,Pix,172.22
1971,2024-09-09,Casa e Decoração,622.51,1,Sudeste,Pix,622.51
2257,2024-09-09,Beleza,101.46,1,Sudeste,Pix,101.46
4054,2024-09-09,Livros,58.96,3,Sudeste,Cartão de Crédito,176.88
473,2024-09-10,Moda,128.24,2,Sudeste,Cartão de Crédito,256.48
1932,2024-09-10,Livros,51.73,1,Sudeste,Cartão de Crédito,51.73
4716,2024-09-10,Livros,43.73,2,Sul,Boleto,87.46
4435,2024-09-10,Moda,67.57,1,Centro-Oeste,Cartão de Crédito,67.57
2230,2024-09-10,Eletrônicos,1439.98,1,Nordeste,Pix,1439.98
4650,2024-09-10,Beleza,50.46,4,Sudeste,Pix,201.84
269,2024-09-10,Eletrônicos,202.45,2,Sul,Boleto,404.9
1999,2024-09-10,Casa e Decoração,253.11,1,Sudeste,Cartão de Crédito,253.11
4914,2024-09-10,Beleza,81.56,2,Sudeste,Cartão de Crédito,163.12
1796,2024-09-11,Moda,351.63,1,Sudeste,Cartão de Crédito,351.63
1757,2024-09-12,Moda,79.73,4,Nordeste,Boleto,318.92
2135,2024-09-12,Esporte e Lazer,84.35,2,Sul,Cartão de Crédito,168.7
2390,2024-09-12,Beleza,111.35,1,Sul,Pix,111.35
3956,2024-09-12,Beleza,33.41,2,Nordeste,Cartão de Crédito,66.82
3518,2024-09-13,Eletrônicos,2252.43,2,Sudeste,Cartão de Crédito,4504.86
130,2024-09-13,Casa e Decoração,356.1,3,Nordeste,Cartão de Débito,1068.3
4927,2024-09-13,Esporte e Lazer,75.66,3,Sudeste,Cartão de Crédito,226.98
3138,2024-09-13,Livros,22.27,2,Sul,Cartão de Débito,44.54
3326,2024-09-14,Eletrônicos,415.52,3,Nordeste,Pix,1246.56
2098,2024-09-14,Casa e Decoração,627.94,2,Nordeste,Cartão de Crédito,1255.88
2047,2024-09-14,Beleza,28.33,3,Sul,Cartão de Crédito,84.99
1545,2024-09-15,Moda,145.02,4,Nordeste,Cartão de Crédito,580.08
1987,2024-09-15,Livros,101.17,4,Sudeste,Cartão de Crédito,404.68
2963,2024-09-15,Livros,29.0,2,Centro-Oeste,Pix,58.0
210,2024-09-15,Beleza,107.88,1,Norte,Cartão de Crédito,107.88
4745,2024-09-15,Moda,211.77,1,Nordeste,Pix,211.77
3802,2024-09-15,Esporte e Lazer,184.83,1,Centro-Oeste,Cartão de Crédito,184.83
1473,2024-09-16,Eletrônicos,2596.0,1,Nordeste,Pix,2596.0
3188,2024-09-16,Casa e Decoração,187.64,1,Sudeste,Pix,187.64
1284,2024-09-16,Casa e Decoração,396.65,1,Sudeste,Boleto,396.65
362,2024-09-16,Esporte e Lazer,35.95,1,Sudeste,Cartão de Crédito,35.95
3216,2024-09-16,Beleza,100.09,1,Norte,Cartão de Crédito,100.09
1335,2024-09-16,Beleza,137.19,1,Sudeste,Cartão de Crédito,137.19
3297,2024-09-16,Casa e Decoração,391.03,3,Nordeste,Pix,1173.09
4930,2024-09-17,Casa e Decoração,257.94,3,Nordeste,Pix,773.82
401,2024-09-17,Moda,78.51,1,Sul,Cartão de Crédito,78.51
1534,2024-09-17,Eletrônicos,233.45,2,Sudeste,Cartão de Crédito,466.9
3755,2024-09-17,Livros,56.08,3,Nordeste,Cartão de Crédito,168.24
3116,2024-09-17,Eletrônicos,2852.01,1,Sul,Cartão de Crédito,2852.01
1298,2024-09-17,Eletrônicos,1115.43,4,Sul,Pix,4461.72
3317,2024-09-17,Moda,128.47,2,Nordeste,Cartão de Crédito,256.94
1982,2024-09-17,Livros,64.76,2,Centro-Oeste,Pix,129.52
281,2024-09-18,Eletrônicos,389.44,2,Nordeste,Pix,778.88
1947,2024-09-18,Esporte e Lazer,84.59,2,Nordeste,Pix,169.18
3575,2024-09-18,Casa e Decoração,420.02,1,Centro-Oeste,Cartão de Crédito,420.02
1137,2024-09-18,Moda,95.69,1,Centro-Oeste,Cartão de Crédito,95.69
2573,2024-09-18,Esporte e Lazer,102.51,4,Sul,Pix,410.04
1273,2024-09-19,Moda,173.82,2,Sudeste,Pix,347.64
4412,2024-09-19,Esporte e Lazer,284.47,1,Sudeste,Cartão de Crédito,284.47
2645,2024-09-19,Esporte e Lazer,64.97,2,Sudeste,Cartão de Crédito,129.94
4767,2024-09-19,Eletrônicos,2907.55,1,Sul,Pix,2907.55
1892,2024-09-19,Moda,66.51,1,Sudeste,Pix,66.51
2647,2024-09-20,Casa e Decoração,89.43,2,Sul,Cartão de Crédito,178.86
3444,2024-09-20,Beleza,33.14,1,Sudeste,Pix,33.14
1188,2024-09-20,Esporte e Lazer,366.45,1,Centro-Oeste,Pix,366.45
1515,2024-09-20,Esporte e Lazer,454.64,2,Nordeste,Pix,909.28
4590,2024-09-20,Eletrônicos,762.37,2,Nordeste,Cartão de Crédito,1524.74
2210,2024-09-20,Casa e Decoração,208.2,2,Sul,Cartão de Débito,416.4
4307,2024-09-21,Casa e Decoração,637.09,1,Centro-Oeste,Cartão de Débito,637.09
481,2024-09-21,Beleza,81.4,2,Sul,Cartão de Crédito,162.8
4325,2024-09-21,Beleza,114.33,3,Centro-Oeste,Cartão de Crédito,342.99
2064,2024-09-21,Esporte e Lazer,88.32,3,Nordeste,Cartão de Crédito,264.96
3997,2024-09-22,Livros,37.25,1,Sul,Cartão de Crédito,37.25
2319,2024-09-22,Eletrônicos,222.5,3,Sudeste,Pix,667.5
4118,2024-09-22,Esporte e Lazer,84.87,4,Sudeste,Cartão de Crédito,339.48
484,2024-09-23,Livros,60.5,3,Sul,Pix,181.5
2959,2024-09-23,Moda,328.11,3,Sul,Cartão de Crédito,984.33
2027,2024-09-23,Livros,82.96,1,Nordeste,Pix,82.96
2922,2024-09-24,Moda,307.88,1,Nordeste,Cartão de Crédito,307.88
1768,2024-09-24,Beleza,99.55,1,Nordeste,Pix,99.55
4139,2024-09-24,Livros,79.55,3,Nordeste,Cartão de Débito,238.65
288,2024-09-24,Esporte e Lazer,366.39,1,Nordeste,Cartão de Crédito,366.39
1673,2024-09-24,Eletrônicos,834.67,3,Sul,Pix,2504.01
4004,2024-09-24,Beleza,141.58,1,Sudeste,Cartão de Crédito,141.58
4119,2024-09-24,Moda,183.08,4,Sudeste,Cartão de Crédito,732.32
1801,2024-09-24,Beleza,99.03,1,Sul,Pix,99.03
324,2024-09-24,Moda,189.75,3,Nordeste,Cartão de Crédito,569.25
2294,2024-09-24,Esporte e Lazer,230.92,2,Sul,Cartão de Crédito,461.84
1577,2024-09-24,Moda,66.23,4,Nordeste,Cartão de Crédito,264.92
720,2024-09-25,Livros,44.1,4,Sul,Cartão de Crédito,176.4
1719,2024-09-25,Casa e Decoração,664.9,1,Nordeste,Pix,664.9
1482,2024-09-26,Eletrônicos,635.01,4,Sudeste,Cartão de Crédito,2540.04
1945,2024-09-26,Moda,151.77,1,Nordeste,Cartão de Crédito,151.77
3020,2024-09-26,Livros,31.77,1,Sudeste,Cartão de Crédito,31.77
2204,2024-09-26,Casa e Decoração,42.87,3,Sul,Pix,128.61
3625,2024-09-26,Moda,307.04,3,Nordeste,Cartão de Crédito,921.12
65,2024-09-26,Moda,138.69,4,Sul,Cartão de Crédito,554.76
1342,2024-09-27,Beleza,26.2,4,Sudeste,Pix,104.8
3648,2024-09-27,Moda,71.23,2,Sul,Boleto,142.46
530,2024-09-27,Esporte e Lazer,294.97,1,Nordeste,Cartão de Crédito,294.97
731,2024-09-27,Casa e Decoração,82.2,1,Nordeste,Pix,82.2
1458,2024-09-28,Beleza,36.47,1,Sul,Cartão de Crédito,36.47
3673,2024-09-28,Esporte e Lazer,110.49,1,Sul,Pix,110.49
3030,2024-09-28,Eletrônicos,1645.4,3,Sudeste,Boleto,4936.2
2383,2024-09-29,Beleza,159.24,4,Sul,Cartão de Crédito,636.96
3490,2024-09-29,Esporte e Lazer,348.33,2,Sudeste,Cartão de Crédito,696.66
3017,2024-09-29,Moda,104.81,1,Norte,Cartão de Crédito,104.81
321,2024-09-29,Moda,101.06,1,Sudeste,Cartão de Crédito,101.06
1552,2024-09-29,Eletrônicos,2076.91,3,Nordeste,Cartão de Crédito,6230.73
4365,2024-09-29,Esporte e Lazer,288.5,2,Nordeste,Cartão de Crédito,577.0
867,2024-09-29,Beleza,135.98,4,Nordeste,Pix,543.92
2270,2024-09-29,Esporte e Lazer,66.94,4,Nordeste,Cartão de Crédito,267.76
314,2024-09-30,Eletrônicos,174.34,4,Sul,Cartão de Crédito,697.36
4935,2024-09-30,Beleza,180.0,3,Nordeste,Pix,540.0
367,2024-09-30,Esporte e Lazer,70.15,2,Sudeste,Pix,140.3
3144,2024-09-30,Casa e Decoração,665.7,2,Sudeste,Pix,1331.4
1303,2024-09-30,Livros,53.6,4,Sul,Cartão de Crédito,214.4
4894,2024-10-01,Eletrônicos,1958.19,2,Nordeste,Boleto,3916.38
2738,2024-10-01,Livros,26.88,1,Sudeste,Cartão de Crédito,26.88
3002,2024-10-02,Eletrônicos,2077.07,4,Nordeste,Pix,8308.28
3402,2024-10-02,Casa e Decoração,273.37,1,Sul,Cartão de Crédito,273.37
879,2024-10-02,Beleza,51.49,2,Sudeste,Cartão de Crédito,102.98
1631,2024-10-03,Beleza,83.56,1,Nordeste,Pix,83.56
3898,2024-10-03,Eletrônicos,1692.09,1,Nordeste,Pix,1692.09
1904,2024-10-03,Casa e Decoração,116.04,3,Sudeste,Cartão de Crédito,348.12
2743,2024-10-03,Livros,46.44,3,Sudeste,Cartão de Crédito,139.32
2603,2024-10-03,Eletrônicos,2297.79,3,Nordeste,Cartão de Crédito,6893.37
3416,2024-10-03,Beleza,112.06,2,Sudeste,Boleto,224.12
4095,2024-10-03,Moda,166.34,1,Nordeste,Cartão de Crédito,166.34
4354,2024-10-03,Livros,74.93,4,Sul,Cartão de Crédito,299.72
1042,2024-10-03,Casa e Decoração,153.68,1,Sudeste,Cartão de Débito,153.68
897,2024-10-03,Eletrônicos,621.57,4,Sudeste,Pix,2486.28
4121,2024-10-03,Moda,146.62,1,Nordeste,Pix,146.62
2347,2024-10-04,Livros,96.1,2,Sudeste,Cartão de Débito,192.2
1359,2024-10-04,Livros,24.58,2,Norte,Pix,49.16
498,2024-10-04,Beleza,91.01,1,Sul,Boleto,91.01
3365,2024-10-04,Eletrônicos,882.41,1,Nordeste,Pix,882.41
138,2024-10-05,Beleza,18.41,1,Nordeste,Cartão de Crédito,18.41
1992,2024-10-05,Eletrônicos,1757.49,1,Sudeste,Cartão de Débito,1757.49
1656,2024-10-05,Eletrônicos,1961.84,3,Sudeste,Pix,5885.52
3946,2024-10-05,Eletrônicos,527.98,2,Sudeste,Cartão de Crédito,1055.96
2554,2024-10-05,Moda,124.91,1,Sul,Cartão de Crédito,124.91
3228,2024-10-06,Eletrônicos,309.34,4,Sul,Cartão de Débito,1237.36
2223,2024-10-06,Eletrônicos,217.42,4,Nordeste,Cartão de Crédito,869.68
1723,2024-10-06,Esporte e Lazer,291.65,1,Nordeste,Cartão de Crédito,291.65
1263,2024-10-06,Livros,46.97,1,Sudeste,Pix,46.97
4497,2024-10-06,Livros,24.77,1,Sudeste,Cartão de Crédito,24.77
2187,2024-10-07,Livros,47.16,1,Sudeste,Pix,47.16
847,2024-10-07,Casa e Decoração,394.89,1,Nordeste,Cartão de Crédito,394.89
4578,2024-10-07,Livros,69.69,1,Sudeste,Pix,69.69
4479,2024-10-07,Casa e Decoração,498.03,1,Nordeste,Pix,498.03
3021,2024-10-07,Eletrônicos,834.21,1,Sudeste,Pix,834.21
4971,2024-10-08,Beleza,88.26,4,Sudeste,Cartão de Crédito,353.04
1556,2024-10-08,Livros,50.17,2,Nordeste,Cartão de Crédito,100.34
2442,2024-10-08,Eletrônicos,1480.04,1,Sul,Pix,1480.04
169,2024-10-09,Casa e Decoração,155.54,2,Sudeste,Cartão de Crédito,311.08
3095,2024-10-09,Esporte e Lazer,166.28,1,Sudeste,Cartão de Crédito,166.28
557,2024-10-09,Livros,28.29,3,Sudeste,Pix,84.87
4347,2024-10-09,Esporte e Lazer,89.56,3,Sudeste,Pix,268.68
1003,2024-10-09,Eletrônicos,1384.55,3,Nordeste,Boleto,4153.65
3435,2024-10-09,Livros,72.63,3,Centro-Oeste,Pix,217.89
1065,2024-10-10,Livros,32.64,1,Norte,Cartão de Crédito,32.64
3492,2024-10-10,Eletrônicos,366.91,4,Sul,Pix,1467.64
1416,2024-10-10,Moda,108.4,4,Sul,Cartão de Crédito,433.6
1969,2024-10-10,Esporte e Lazer,523.19,1,Sudeste,Cartão de Débito,523.19
2555,2024-10-10,Moda,97.89,3,Sudeste,Cartão de Débito,293.67
247,2024-10-11,Livros,117.5,1,Sudeste,Pix,117.5
486,2024-10-11,Livros,68.16,1,Sudeste,Pix,68.16
2651,2024-10-11,Casa e Decoração,551.81,3,Sul,Pix,1655.43
2669,2024-10-11,Livros,25.36,3,Sudeste,Cartão de Crédito,76.08
3891,2024-10-11,Eletrônicos,962.1,1,Sul,Pix,962.1
331,2024-10-11,Moda,211.08,2,Nordeste,Cartão de Crédito,422.16
55,2024-10-11,Beleza,34.45,1,Nordeste,Cartão de Débito,34.45
3989,2024-10-12,Livros,54.5,4,Sudeste,Cartão de Crédito,218.0
957,2024-10-12,Livros,35.07,1,Sul,Pix,35.07
2039,2024-10-12,Livros,28.75,2,Nordeste,Cartão de Crédito,57.5
4726,2024-10-12,Beleza,38.94,2,Sudeste,Cartão de Crédito,77.88
801,2024-10-13,Casa e Decoração,473.35,1,Sudeste,Cartão de Débito,473.35
3417,2024-10-13,Beleza,68.25,2,Sudeste,Cartão de Crédito,136.5
71,2024-10-13,Eletrônicos,251.2,2,Nordeste,Pix,502.4
3650,2024-10-13,Eletrônicos,303.09,4,Sul,Cartão de Crédito,1212.36
3261,2024-10-13,Esporte e Lazer,99.12,3,Nordeste,Cartão de Crédito,297.36
580,2024-10-13,Moda,230.87,1,Nordeste,Cartão de Crédito,230.87
4419,2024-10-14,Eletrônicos,1632.58,1,Sudeste,Cartão de Crédito,1632.58
2041,2024-10-14,Casa e Decoração,33.23,1,Sudeste,Cartão de Crédito,33.23
3927,2024-10-14,Livros,26.96,4,Sudeste,Cartão de Crédito,107.84
1976,2024-10-14,Esporte e Lazer,60.92,3,Sul,Cartão de Crédito,182.76
4635,2024-10-14,Livros,41.79,4,Nordeste,Cartão de Crédito,167.16
14,2024-10-14,Eletrônicos,1600.74,4,Sul,Pix,6402.96
3028,2024-10-14,Eletrônicos,2412.62,4,Sudeste,Cartão de Crédito,9650.48
4518,2024-10-14,Moda,119.31,2,Sudeste,Cartão de Crédito,238.62
1843,2024-10-15,Moda,382.84,1,Sudeste,Cartão de Crédito,382.84
1225,2024-10-15,Moda,120.03,2,Sudeste,Cartão de Crédito,240.06
2282,2024-10-15,Livros,48.8,2,Sudeste,Cartão de Crédito,97.6
4099,2024-10-15,Casa e Decoração,281.1,2,Sul,Cartão de Crédito,562.2
2878,2024-10-15,Livros,24.16,1,Nordeste,Pix,24.16
1908,2024-10-15,Casa e Decoração,311.5,1,Sudeste,Pix,311.5
2662,2024-10-15,Livros,49.65,1,Sul,Cartão de Crédito,49.65
3003,2024-10-15,Esporte e Lazer,434.43,2,Nordeste,Pix,868.86
3087,2024-10-15,Esporte e Lazer,179.31,3,Sudeste,Cartão de Débito,537.93
1606,2024-10-15,Livros,49.29,1,Sudeste,Cartão de Crédito,49.29
2488,2024-10-16,Eletrônicos,661.43,2,Nordeste,Pix,1322.86
809,2024-10-16,Eletrônicos,1986.09,2,Sudeste,Pix,3972.18
1510,2024-10-16,Eletrônicos,965.62,1,Sudeste,Cartão de Crédito,965.62
4289,2024-10-16,Livros,38.88,2,Sul,Cartão de Crédito,77.76
504,2024-10-17,Moda,245.8,1,Nordeste,Cartão de Débito,245.8
875,2024-10-17,Beleza,225.67,2,Centro-Oeste,Pix,451.34
4315,2024-10-17,Casa e Decoração,187.26,2,Sudeste,Pix,374.52
2983,2024-10-17,Livros,104.95,1,Nordeste,Cartão de Crédito,104.95
4369,2024-10-18,Casa e Decoração,556.62,4,Sudeste,Cartão de Crédito,2226.48
4512,2024-10-18,Esporte e Lazer,69.1,4,Nordeste,Pix,276.4
2758,2024-10-18,Esporte e Lazer,365.23,1,Centro-Oeste,Cartão de Crédito,365.23
715,2024-10-19,Esporte e Lazer,58.09,2,Nordeste,Cartão de Crédito,116.18
1909,2024-10-19,Beleza,101.54,1,Sudeste,Pix,101.54
1109,2024-10-19,Casa e Decoração,195.45,1,Sul,Cartão de Crédito,195.45
1970,2024-10-19,Casa e Decoração,497.68,1,Sudeste,Cartão de Crédito,497.68
239,2024-10-19,Livros,38.52,1,Sudeste,Pix,38.52
59,2024-10-19,Eletrônicos,1168.13,2,Sul,Cartão de Crédito,2336.26
2323,2024-10-20,Eletrônicos,1941.85,1,Nordeste,Cartão de Crédito,1941.85
2288,2024-10-20,Eletrônicos,1075.35,1,Sul,Pix,1075.35
3954,2024-10-20,Esporte e Lazer,341.72,2,Sudeste,Pix,683.44
2763,2024-10-20,Beleza,42.97,4,Nordeste,Pix,171.88
4873,2024-10-20,Esporte e Lazer,207.61,2,Nordeste,Pix,415.22
1520,2024-10-21,Eletrônicos,484.2,1,Sudeste,Cartão de Crédito,484.2
600,2024-10-21,Livros,86.52,2,Nordeste,Cartão de Crédito,173.04
2920,2024-10-21,Casa e Decoração,405.04,1,Sudeste,Cartão de Débito,405.04
2956,2024-10-21,Casa e Decoração,664.57,4,Sudeste,Pix,2658.28
1095,2024-10-21,Eletrônicos,1975.0,1,Sudeste,Cartão de Crédito,1975.0
3641,2024-10-22,Esporte e Lazer,338.69,1,Centro-Oeste,Cartão de Crédito,338.69
2192,2024-10-22,Esporte e Lazer,97.81,3,Sudeste,Cartão de Crédito,293.43
3440,2024-10-22,Beleza,147.8,1,Centro-Oeste,Cartão de Crédito,147.8
3259,2024-10-22,Eletrônicos,1860.31,4,Sul,Cartão de Débito,7441.24
2711,2024-10-22,Esporte e Lazer,38.84,1,Sudeste,Pix,38.84
1013,2024-10-22,Beleza,65.48,2,Sudeste,Cartão de Crédito,130.96
159,2024-10-22,Moda,129.68,2,Centro-Oeste,Boleto,259.36
4440,2024-10-23,Beleza,90.52,1,Nordeste,Cartão de Crédito,90.52
4146,2024-10-23,Casa e Decoração,306.32,4,Sudeste,Cartão de Débito,1225.28
207,2024-10-24,Eletrônicos,2297.24,1,Sudeste,Cartão de Crédito,2297.24
4373,2024-10-24,Beleza,58.64,1,Nordeste,Pix,58.64
3633,2024-10-24,Livros,87.8,2,Sudeste,Cartão de Crédito,175.6
2441,2024-10-26,Casa e Decoração,110.82,2,Sul,Boleto,221.64
3764,2024-10-26,Moda,152.62,1,Sudeste,Boleto,152.62
3274,2024-10-26,Livros,44.89,1,Centro-Oeste,Cartão de Crédito,44.89
2154,2024-10-27,Casa e Decoração,387.27,1,Norte,Cartão de Crédito,387.27
3998,2024-10-27,Eletrônicos,228.26,1,Sudeste,Pix,228.26
4136,2024-10-27,Eletrônicos,1069.83,1,Sudeste,Cartão de Crédito,1069.83
4720,2024-10-27,Eletrônicos,2642.69,3,Sul,Pix,7928.07
3632,2024-10-27,Casa e Decoração,240.77,2,Sudeste,Cartão de Crédito,481.54
2745,2024-10-27,Casa e Decoração,286.75,1,Sudeste,Cartão de Crédito,286.75
4073,2024-10-27,Moda,163.46,1,Sul,Cartão de Crédito,163.46
1871,2024-10-28,Beleza,94.19,3,Sudeste,Cartão de Crédito,282.57
2162,2024-10-28,Eletrônicos,2543.13,1,Sul,Cartão de Crédito,2543.13
4084,2024-10-28,Eletrônicos,228.16,2,Nordeste,Pix,456.32
2849,2024-10-28,Livros,70.1,4,Nordeste,Cartão de Crédito,280.4
925,2024-10-28,Eletrônicos,1410.15,1,Sul,Cartão de Crédito,1410.15
1450,2024-10-28,Esporte e Lazer,316.98,2,Sul,Pix,633.96
3543,2024-10-28,Moda,257.07,2,Nordeste,Cartão de Crédito,514.14
3535,2024-10-28,Moda,159.46,1,Nordeste,Cartão de Crédito,159.46
2624,2024-10-28,Livros,52.55,2,Sudeste,Cartão de Débito,105.1
4274,2024-10-28,Beleza,145.28,1,Sudeste,Cartão de Débito,145.28
1961,2024-10-29,Beleza,186.9,2,Nordeste,Cartão de Débito,373.8
3531,2024-10-29,Esporte e Lazer,229.81,1,Sul,Cartão de Crédito,229.81
933,2024-10-29,Livros,68.16,1,Centro-Oeste,Pix,68.16
4593,2024-10-29,Casa e Decoração,345.28,1,Centro-Oeste,Cartão de Débito,345.28
3693,2024-10-29,Casa e Decoração,863.99,2,Sul,Pix,1727.98
394,2024-10-29,Moda,115.17,1,Nordeste,Pix,115.17
4826,2024-10-29,Eletrônicos,1933.88,1,Sudeste,Cartão de Crédito,1933.88
2119,2024-10-29,Beleza,48.06,1,Sudeste,,48.06
2452,2024-10-29,Moda,143.47,1,Sudeste,Pix,143.47
2921,2024-10-30,Eletrônicos,2074.24,1,Nordeste,Pix,2074.24
2009,2024-10-30,Moda,109.3,2,Sudeste,Cartão de Crédito,218.6
1468,2024-10-30,Beleza,95.67,1,Nordeste,Cartão de Crédito,95.67
3174,2024-10-30,Eletrônicos,1698.61,2,Sudeste,Cartão de Crédito,3397.22
3279,2024-10-30,Eletrônicos,3059.16,1,Sudeste,Boleto,3059.16
488,2024-10-30,Casa e Decoração,187.53,1,Sudeste,Pix,187.53
2126,2024-10-31,Beleza,109.28,3,Sudeste,Pix,327.84
1825,2024-10-31,Casa e Decoração,390.58,1,Nordeste,Cartão de Crédito,390.58
2508,2024-10-31,Moda,47.68,2,Centro-Oeste,,95.36
4837,2024-10-31,Moda,317.88,1,Sudeste,Pix,317.88
1119,2024-10-31,Beleza,69.21,3,Nordeste,Pix,207.63
1716,2024-10-31,Moda,183.06,1,Sudeste,Cartão de Crédito,183.06
2664,2024-10-31,Beleza,147.14,2,Nordeste,Pix,294.28
3100,2024-10-31,Casa e Decoração,161.39,1,Sudeste,Pix,161.39
3381,2024-11-01,Moda,204.21,2,Norte,Pix,408.42
2718,2024-11-01,Beleza,42.39,1,Sudeste,Cartão de Crédito,42.39
2000,2024-11-01,Moda,112.15,4,Sudeste,Cartão de Crédito,448.6
2779,2024-11-01,Esporte e Lazer,354.17,2,Sudeste,Pix,708.34
891,2024-11-02,Casa e Decoração,113.96,2,Sudeste,Pix,227.92
2557,2024-11-02,Beleza,32.08,3,Sudeste,Pix,96.24
4591,2024-11-02,Esporte e Lazer,145.03,4,Sul,Pix,580.12
1154,2024-11-03,Casa e Decoração,53.57,2,Nordeste,Pix,107.14
1014,2024-11-03,Esporte e Lazer,40.13,1,Sudeste,Cartão de Crédito,40.13
3585,2024-11-03,Esporte e Lazer,320.27,4,Sul,Pix,1281.08
58,2024-11-04,Esporte e Lazer,60.54,1,Sudeste,Cartão de Crédito,60.54
4463,2024-11-04,Moda,278.56,1,Sul,Pix,278.56
1358,2024-11-04,Casa e Decoração,160.53,1,Sudeste,Cartão de Crédito,160.53
1367,2024-11-04,Esporte e Lazer,252.73,4,Sudeste,Boleto,1010.92
26,2024-11-05,Casa e Decoração,529.5,2,Nordeste,Cartão de Débito,1059.0
2704,2024-11-05,Esporte e Lazer,52.02,2,Sudeste,Pix,104.04
1587,2024-11-05,Casa e Decoração,160.89,4,Sul,Cartão de Débito,643.56
3258,2024-11-06,Moda,309.18,3,Sul,Cartão de Crédito,927.54
4251,2024-11-06,Livros,95.98,4,Sudeste,Cartão de Crédito,383.92
683,2024-11-06,Moda,80.58,3,Centro-Oeste,Cartão de Crédito,241.74
1452,2024-11-06,Casa e Decoração,97.79,2,Sul,Cartão de Crédito,195.58
310,2024-11-06,Moda,272.27,2,Nordeste,Cartão de Crédito,544.54
1297,2024-11-07,Esporte e Lazer,387.13,2,Norte,Cartão de Crédito,774.26
2797,2024-11-07,Esporte e Lazer,34.3,4,Centro-Oeste,Cartão de Crédito,137.2
4083,2024-11-07,Casa e Decoração,548.16,1,Sudeste,Cartão de Crédito,548.16
4016,2024-11-07,Casa e Decoração,142.44,4,Sudeste,Pix,569.76
2926,2024-11-08,Moda,60.0,4,Nordeste,Cartão de Crédito,240.0
3703,2024-11-08,Moda,211.25,2,Sudeste,Cartão de Crédito,422.5
96,2024-11-08,Livros,32.06,2,Sudeste,Cartão de Crédito,64.12
2570,2024-11-08,Eletrônicos,2960.88,2,Centro-Oeste,Cartão de Crédito,5921.76
1648,2024-11-08,Eletrônicos,2377.99,1,Sul,Cartão de Crédito,2377.99
91,2024-11-08,Moda,273.18,3,Sudeste,Pix,819.54
297,2024-11-08,Esporte e Lazer,476.39,2,Nordeste,Cartão de Crédito,952.78
1246,2024-11-09,Esporte e Lazer,323.38,3,Sudeste,Boleto,970.14
134,2024-11-09,Beleza,22.49,1,Centro-Oeste,Pix,22.49
385,2024-11-09,Eletrônicos,1458.65,4,Centro-Oeste,Pix,5834.6
526,2024-11-09,Moda,266.6,4,Sudeste,Boleto,1066.4
4865,2024-11-09,Beleza,61.06,3,Norte,Cartão de Crédito,183.18
400,2024-11-09,Casa e Decoração,67.13,3,Sudeste,Cartão de Crédito,201.39
3512,2024-11-09,Esporte e Lazer,444.85,4,Sudeste,Cartão de Crédito,1779.4
2910,2024-11-10,Esporte e Lazer,293.76,1,Nordeste,Cartão de Crédito,293.76
1444,2024-11-11,Moda,73.83,2,Centro-Oeste,Pix,147.66
121,2024-11-11,Beleza,74.76,1,Nordeste,Pix,74.76
2794,2024-11-11,Moda,60.11,2,Sudeste,Cartão de Crédito,120.22
2356,2024-11-11,Moda,89.09,4,Nordeste,Cartão de Crédito,356.36
1089,2024-11-12,Casa e Decoração,188.18,4,Sudeste,Pix,752.72
1590,2024-11-13,Eletrônicos,1043.58,3,Sudeste,Cartão de Crédito,3130.74
2811,2024-11-13,Livros,49.66,1,Sul,Pix,49.66
3268,2024-11-13,Livros,75.11,3,Centro-Oeste,Cartão de Crédito,225.33
4317,2024-11-13,Beleza,77.89,1,Nordeste,Cartão de Crédito,77.89
4034,2024-11-13,Moda,204.89,4,Centro-Oeste,Cartão de Crédito,819.56
3774,2024-11-13,Moda,104.76,2,Norte,Pix,209.52
2599,2024-11-13,Moda,171.55,3,Sul,Cartão de Crédito,514.65
4944,2024-11-13,Eletrônicos,1708.47,1,Sudeste,Cartão de Crédito,1708.47
852,2024-11-13,Casa e Decoração,176.8,2,Centro-Oeste,Cartão de Débito,353.6
1130,2024-11-13,Casa e Decoração,288.47,3,Sudeste,Cartão de Crédito,865.41
3173,2024-11-14,Casa e Decoração,484.37,1,Sul,Boleto,484.37
4774,2024-11-14,Livros,67.14,1,Nordeste,Cartão de Crédito,67.14
896,2024-11-14,Beleza,32.84,1,Sudeste,Cartão de Crédito,32.84
4843,2024-11-15,Livros,106.22,3,Sul,Cartão de Crédito,318.66
4525,2024-11-15,Livros,62.05,3,Nordeste,Pix,186.15
4043,2024-11-15,Beleza,142.23,1,Norte,Cartão de Crédito,142.23
3043,2024-11-15,Livros,72.1,1,Sul,Boleto,72.1
3622,2024-11-15,Eletrônicos,1918.92,1,Sudeste,Cartão de Crédito,1918.92
364,2024-11-15,Esporte e Lazer,129.42,3,Sudeste,Pix,388.26
3715,2024-11-15,Beleza,59.81,1,Sudeste,Pix,59.81
3753,2024-11-15,Beleza,44.36,1,Sudeste,Pix,44.36
3593,2024-11-16,Livros,75.21,2,Sudeste,Cartão de Crédito,150.42
2122,2024-11-16,Moda,139.4,1,Sudeste,Pix,139.4
3533,2024-11-16,Livros,74.0,1,Sudeste,Pix,74.0
369,2024-11-16,Casa e Decoração,162.58,1,Sudeste,Boleto,162.58
639,2024-11-17,Eletrônicos,266.47,1,Centro-Oeste,Pix,266.47
1002,2024-11-17,Casa e Decoração,510.52,1,Sul,Pix,510.52
4433,2024-11-18,Livros,75.46,1,Sudeste,Cartão de Crédito,75.46
2198,2024-11-18,Livros,74.99,1,Sul,Cartão de Crédito,74.99
4141,2024-11-18,Livros,77.58,4,Sudeste,Cartão de Crédito,310.32
3029,2024-11-18,Beleza,109.69,1,Sudeste,Cartão de Crédito,109.69
609,2024-11-18,Esporte e Lazer,33.01,2,Sudeste,Cartão de Crédito,66.02
3066,2024-11-19,Casa e Decoração,597.63,2,Nordeste,Cartão de Crédito,1195.26
2838,2024-11-19,Beleza,201.51,3,Sudeste,Pix,604.53
4787,2024-11-19,Casa e Decoração,224.34,1,Nordeste,Pix,224.34
204,2024-11-19,Moda,131.3,2,Nordeste,Cartão de Crédito,262.6
2615,2024-11-19,Beleza,49.4,4,Nordeste,Boleto,197.6
1841,2024-11-19,Casa e Decoração,81.81,2,Norte,Pix,163.62
1005,2024-11-19,Eletrônicos,1295.62,3,Centro-Oeste,Pix,3886.86
2416,2024-11-19,Beleza,174.95,2,Norte,Pix,349.9
2042,2024-11-20,Casa e Decoração,188.32,1,Sul,Cartão de Crédito,188.32
1182,2024-11-20,Esporte e Lazer,105.99,2,Sudeste,Pix,211.98
3845,2024-11-20,Esporte e Lazer,220.68,4,Sudeste,Cartão de Crédito,882.72
3688,2024-11-20,Livros,50.45,1,Sudeste,Cartão de Crédito,50.45
2986,2024-11-21,Beleza,87.05,1,Sul,Pix,87.05
3275,2024-11-21,Eletrônicos,839.74,2,Nordeste,Pix,1679.48
1628,2024-11-21,Eletrônicos,1853.49,3,Nordeste,Pix,5560.47
4996,2024-11-21,Eletrônicos,1648.88,2,Nordeste,Pix,3297.76
1219,2024-11-21,Beleza,118.39,1,Sudeste,Pix,118.39
1499,2024-11-22,Esporte e Lazer,69.35,2,Sudeste,Pix,138.7
326,2024-11-22,Moda,199.73,2,Sudeste,Cartão de Crédito,399.46
1279,2024-11-22,Livros,62.91,3,Nordeste,Pix,188.73
3540,2024-11-22,Eletrônicos,1474.82,4,Sudeste,Cartão de Crédito,5899.28
1662,2024-11-22,Eletrônicos,2209.34,4,Sul,Boleto,8837.36
4377,2024-11-23,Casa e Decoração,82.81,1,Nordeste,Cartão de Crédito,82.81
3570,2024-11-23,Beleza,56.38,4,Nordeste,Cartão de Crédito,225.52
2241,2024-11-23,Esporte e Lazer,174.6,1,Sul,Cartão de Crédito,174.6
1936,2024-11-24,Esporte e Lazer,478.7,1,Nordeste,Cartão de Crédito,478.7
917,2024-11-24,Beleza,64.14,1,Sudeste,Pix,64.14
3495,2024-11-24,Beleza,94.04,1,Nordeste,Cartão de Crédito,94.04
2996,2024-11-24,Eletrônicos,977.64,3,Sul,Cartão de Crédito,2932.92
2030,2024-11-24,Esporte e Lazer,248.39,1,Sudeste,Cartão de Crédito,248.39
3971,2024-11-24,Livros,100.41,1,Nordeste,Cartão de Crédito,100.41
1311,2024-11-24,Beleza,177.21,1,Sul,Cartão de Crédito,177.21
311,2024-11-25,Moda,133.25,1,Sudeste,Cartão de Crédito,133.25
3992,2024-11-25,Casa e Decoração,104.81,2,Sul,Cartão de Crédito,209.62
3746,2024-11-25,Beleza,118.95,3,Sudeste,Cartão de Crédito,356.85
759,2024-11-25,Casa e Decoração,191.11,2,Sul,Cartão de Crédito,382.22
534,2024-11-25,Beleza,166.12,4,Sudeste,Boleto,664.48
955,2024-11-25,Beleza,99.41,2,Nordeste,Cartão de Crédito,198.82
523,2024-11-25,Moda,105.14,1,Sul,Cartão de Débito,105.14
2722,2024-11-25,Beleza,143.27,1,Nordeste,Cartão de Crédito,143.27
2224,2024-11-25,Casa e Decoração,75.26,4,Centro-Oeste,Cartão de Crédito,301.04
3734,2024-11-25,Casa e Decoração,506.55,2,Sudeste,Cartão de Crédito,1013.1
1380,2024-11-25,Livros,26.21,3,Sudeste,Cartão de Débito,78.63
663,2024-11-25,Beleza,225.8,2,Sul,Cartão de Crédito,451.6
3554,2024-11-25,Eletrônicos,696.85,2,Nordeste,Pix,1393.7
431,2024-11-26,Eletrônicos,659.34,2,Nordeste,Cartão de Crédito,1318.68
4775,2024-11-26,Esporte e Lazer,311.96,4,Nordeste,Cartão de Crédito,1247.84
7,2024-11-26,Esporte e Lazer,113.49,1,Nordeste,Cartão de Crédito,113.49
2895,2024-11-26,Moda,101.54,1,Sul,Boleto,101.54
608,2024-11-26,Beleza,180.42,1,Sudeste,Cartão de Crédito,180.42
1184,2024-11-26,Livros,50.31,1,Sul,Cartão de Crédito,50.31
1320,2024-11-26,Esporte e Lazer,61.01,4,Nordeste,Cartão de Crédito,244.04
1384,2024-11-26,Beleza,127.27,1,Sudeste,Pix,127.27
2110,2024-11-26,Casa e Decoração,205.54,2,Sudeste,Cartão de Crédito,411.08
1406,2024-11-26,Beleza,92.02,2,Nordeste,Cartão de Crédito,184.04
1231,2024-11-26,Casa e Decoração,63.01,2,Sul,Pix,126.02
1026,2024-11-26,Casa e Decoração,404.05,2,Sudeste,Cartão de Débito,808.1
2845,2024-11-26,Livros,104.55,2,Nordeste,Cartão de Crédito,209.1
3671,2024-11-26,Livros,53.89,1,Nordeste,Cartão de Crédito,53.89
2792,2024-11-26,Livros,32.73,1,Sudeste,Pix,32.73
1812,2024-11-26,Livros,42.54,2,Sul,Cartão de Crédito,85.08
299,2024-11-26,Casa e Decoração,445.42,3,Sul,Pix,1336.26
1708,2024-11-26,Beleza,16.93,3,Sudeste,Cartão de Crédito,50.79
2643,2024-11-26,Eletrônicos,1667.01,1,Sudeste,Cartão de Crédito,1667.01
3758,2024-11-26,Casa e Decoração,64.26,4,Sudeste,Pix,257.04
1619,2024-11-26,Moda,278.41,2,Sudeste,Pix,556.82
280,2024-11-26,Livros,89.53,1,Centro-Oeste,Pix,89.53
3784,2024-11-27,Beleza,67.31,2,Sul,Cartão de Crédito,134.62
960,2024-11-27,Moda,367.56,2,Nordeste,Cartão de Crédito,735.12
1836,2024-11-27,Livros,66.45,2,Sul,Cartão de Crédito,132.9
1501,2024-11-27,Livros,25.71,1,Sudeste,Boleto,25.71
8,2024-11-27,Eletrônicos,663.05,2,Sudeste,Cartão de Débito,1326.1
3511,2024-11-27,Esporte e Lazer,159.44,1,Centro-Oeste,Cartão de Crédito,159.44
4037,2024-11-27,Esporte e Lazer,573.73,2,Nordeste,Cartão de Crédito,1147.46
1202,2024-11-27,Moda,103.98,1,Sudeste,Boleto,103.98
1769,2024-11-27,Beleza,165.08,1,Sudeste,Pix,165.08
2145,2024-11-27,Livros,50.16,2,Sul,Cartão de Crédito,100.32
1874,2024-11-27,Beleza,38.16,1,Sudeste,Pix,38.16
650,2024-11-27,Esporte e Lazer,277.45,2,Sudeste,Pix,554.9
2561,2024-11-27,Casa e Decoração,113.6,1,Norte,Boleto,113.6
2512,2024-11-27,Casa e Decoração,503.94,2,Sudeste,Cartão de Crédito,1007.88
1068,2024-11-27,Beleza,74.55,1,Sudeste,Cartão de Crédito,74.55
2952,2024-11-27,Livros,78.1,2,Centro-Oeste,Cartão de Crédito,156.2
493,2024-11-27,Beleza,37.28,1,Sul,Cartão de Crédito,37.28
3771,2024-11-27,Livros,73.82,1,Sudeste,Cartão de Débito,73.82
3623,2024-11-27,Livros,59.22,1,Sudeste,Cartão de Crédito,59.22
3878,2024-11-27,Beleza,50.69,2,Sudeste,Cartão de Crédito,101.38
3873,2024-11-27,Casa e Decoração,162.21,1,Sul,Cartão de Crédito,162.21
4919,2024-11-27,Livros,62.92,1,Sudeste,Pix,62.92
1750,2024-11-27,Eletrônicos,2738.69,1,Sudeste,Cartão de Crédito,2738.69
1899,2024-11-27,Livros,25.21,4,Sudeste,Cartão de Crédito,100.84
3218,2024-11-27,Livros,87.71,2,Nordeste,Cartão de Crédito,175.42
2935,2024-11-27,Esporte e Lazer,500.36,1,Sul,Cartão de Crédito,500.36
2036,2024-11-27,Casa e Decoração,171.5,2,Sudeste,Cartão de Crédito,343.0
1538,2024-11-27,Eletrônicos,701.65,2,Sudeste,Pix,1403.3
2793,2024-11-27,Eletrônicos,792.4,4,Sudeste,Cartão de Crédito,3169.6
3975,2024-11-27,Esporte e Lazer,139.05,2,Nordeste,Cartão de Crédito,278.1
3690,2024-11-27,Esporte e Lazer,65.48,2,Centro-Oeste,Pix,130.96
1008,2024-11-27,Livros,106.89,2,Sul,Pix,213.78
3408,2024-11-27,Beleza,157.39,1,Sul,Boleto,157.39
711,2024-11-27,Esporte e Lazer,87.86,1,Sul,Pix,87.86
3091,2024-11-28,Beleza,195.46,1,Sudeste,Pix,195.46
2720,2024-11-28,Beleza,137.26,1,Sudeste,Cartão de Crédito,137.26
3833,2024-11-28,Esporte e Lazer,58.12,4,Sudeste,,232.48
3062,2024-11-28,Moda,232.47,4,Sudeste,Cartão de Crédito,929.88
2759,2024-11-28,Livros,91.2,4,Nordeste,Pix,364.8
934,2024-11-28,Esporte e Lazer,288.61,1,Sudeste,Pix,288.61
2577,2024-11-28,Beleza,80.36,4,Nordeste,Cartão de Crédito,321.44
3451,2024-11-28,Casa e Decoração,334.89,4,Sudeste,Pix,1339.56
883,2024-11-28,Livros,41.69,1,Sudeste,Pix,41.69
2595,2024-11-28,Beleza,78.38,2,Sudeste,Cartão de Crédito,156.76
4275,2024-11-28,Eletrônicos,1707.59,4,Sul,Cartão de Débito,6830.36
4120,2024-11-28,Moda,199.58,4,Centro-Oeste,Pix,798.32
2527,2024-11-28,Moda,205.21,1,Sul,Pix,205.21
1369,2024-11-28,Eletrônicos,2253.41,3,Nordeste,Cartão de Crédito,6760.23
4292,2024-11-28,Moda,221.65,1,Sudeste,Cartão de Débito,221.65
792,2024-11-28,Livros,69.29,2,Nordeste,Pix,138.58
4262,2024-11-28,Beleza,79.79,1,Sudeste,Cartão de Crédito,79.79
1445,2024-11-28,Esporte e Lazer,368.63,2,Nordeste,Cartão de Crédito,737.26
2183,2024-11-28,Casa e Decoração,726.75,2,Sudeste,Cartão de Crédito,1453.5
2637,2024-11-28,Eletrônicos,1626.09,1,Sudeste,Cartão de Crédito,1626.09
1791,2024-11-28,Esporte e Lazer,371.24,1,Sul,Cartão de Crédito,371.24
330,2024-11-28,Casa e Decoração,618.93,2,Sul,Cartão de Crédito,1237.86
1848,2024-11-28,Moda,84.37,1,Nordeste,Cartão de Crédito,84.37
3767,2024-11-28,Eletrônicos,1642.58,2,Sul,Cartão de Crédito,3285.16
692,2024-11-28,Livros,93.38,1,Sudeste,Cartão de Débito,93.38
4493,2024-11-28,Casa e Decoração,493.32,3,Sudeste,Boleto,1479.96
333,2024-11-28,Esporte e Lazer,268.76,2,Sul,Cartão de Crédito,537.52
1395,2024-11-28,Beleza,42.36,2,Nordeste,Pix,84.72
3767,2024-11-28,Eletrônicos,1642.58,2,Sul,Cartão de Crédito,3285.16
2929,2024-11-28,Esporte e Lazer,127.28,4,Norte,Cartão de Crédito,509.12
3295,2024-11-28,Livros,58.65,1,Sudeste,Boleto,58.65
964,2024-11-28,Beleza,83.98,4,Nordeste,Cartão de Crédito,335.92
3517,2024-11-28,Beleza,24.98,1,Sudeste,Cartão de Crédito,24.98
3406,2024-11-28,Beleza,44.08,1,Sudeste,Cartão de Crédito,44.08
2773,2024-11-28,Moda,114.22,3,Norte,Pix,342.66
3647,2024-11-28,Eletrônicos,972.72,3,Sul,Pix,2918.16
4208,2024-11-28,Moda,77.45,4,Sudeste,Cartão de Crédito,309.8
1722,2024-11-28,Beleza,219.01,2,Sudeste,Pix,438.02
1715,2024-11-28,Moda,216.28,3,Centro-Oeste,Cartão de Crédito,648.84
877,2024-11-28,Livros,48.99,1,Sul,Pix,48.99
4359,2024-11-28,Casa e Decoração,455.05,2,Sudeste,Boleto,910.1
982,2024-11-28,Moda,143.07,1,Sudeste,Cartão de Crédito,143.07
2715,2024-11-28,Eletrônicos,2624.13,4,Sudeste,Cartão de Crédito,10496.52
876,2024-11-28,Casa e Decoração,403.01,1,Nordeste,Cartão de Crédito,403.01
4856,2024-11-29,Livros,25.28,2,Sudeste,Pix,50.56
2271,2024-11-29,Eletrônicos,2243.55,1,Sudeste,Pix,2243.55
363,2024-11-29,Beleza,142.28,2,Sudeste,Pix,284.56
3889,2024-11-29,Eletrônicos,3048.76,3,Sudeste,Boleto,9146.28
1579,2024-11-29,Esporte e Lazer,80.69,4,Sudeste,Cartão de Crédito,322.76
637,2024-11-29,Livros,44.77,1,Nordeste,Cartão de Crédito,44.77
4622,2024-11-29,Casa e Decoração,263.61,1,Sudeste,Cartão de Crédito,263.61
3749,2024-11-29,Livros,71.21,4,Sudeste,Cartão de Débito,284.84
4117,2024-11-29,Moda,126.21,4,Sudeste,Cartão de Crédito,504.84
3886,2024-11-29,Eletrônicos,655.77,3,Sul,Pix,1967.31
237,2024-11-29,Livros,50.26,1,Sul,Pix,50.26
3073,2024-11-29,Moda,280.98,1,Centro-Oeste,Cartão de Crédito,280.98
3331,2024-11-29,Eletrônicos,963.6,4,Sul,Pix,3854.4
1828,2024-11-29,Moda,98.19,1,Sul,Pix,98.19
2984,2024-11-29,Moda,312.64,1,Nordeste,Cartão de Débito,312.64
2482,2024-11-29,Beleza,127.73,2,Nordeste,Pix,255.46
1835,2024-11-29,Esporte e Lazer,499.2,2,Sul,Cartão de Crédito,998.4
43,2024-11-29,Casa e Decoração,39.37,2,Sudeste,Cartão de Crédito,78.74
49,2024-11-29,Casa e Decoração,124.76,4,Norte,Pix,499.04
3920,2024-11-29,Livros,71.45,4,Sul,Pix,285.8
754,2024-11-29,Casa e Decoração,245.86,2,Sul,Pix,491.72
3158,2024-11-29,Casa e Decoração,322.38,1,Sudeste,Pix,322.38
494,2024-11-29,Moda,44.92,3,Sul,Cartão de Crédito,134.76
3296,2024-11-29,Eletrônicos,1309.62,3,Sudeste,Cartão de Crédito,3928.86
4207,2024-11-29,Livros,54.81,2,Sudeste,Pix,109.62
1328,2024-11-29,Esporte e Lazer,345.76,1,Sul,Cartão de Crédito,345.76
4152,2024-11-29,Moda,307.89,1,Sudeste,Cartão de Crédito,307.89
1902,2024-11-29,Livros,35.56,4,Sudeste,Pix,142.24
4293,2024-11-29,Esporte e Lazer,272.21,4,Nordeste,Cartão de Crédito,1088.84
2117,2024-11-29,Eletrônicos,1092.46,1,Centro-Oeste,Pix,1092.46
1557,2024-11-29,Eletrônicos,1386.79,2,Sudeste,Pix,2773.58
2113,2024-11-29,Moda,182.14,3,Centro-Oeste,Cartão de Crédito,546.42
139,2024-11-29,Eletrônicos,468.19,2,Norte,Cartão de Crédito,936.38
1471,2024-11-29,Beleza,179.07,2,Sul,Cartão de Crédito,358.14
4732,2024-11-29,Esporte e Lazer,206.5,1,Sul,Pix,206.5
465,2024-11-29,Casa e Decoração,422.34,4,Nordeste,Cartão de Crédito,1689.36
4748,2024-11-29,Eletrônicos,175.76,4,Norte,Cartão de Crédito,703.04
3783,2024-11-30,Casa e Decoração,520.09,3,Sul,Cartão de Crédito,1560.27
4739,2024-11-30,Casa e Decoração,225.96,3,Sudeste,Pix,677.88
270,2024-11-30,Esporte e Lazer,94.28,1,Nordeste,Pix,94.28
1340,2024-11-30,Moda,123.03,3,Sul,Cartão de Crédito,369.09
2985,2024-11-30,Livros,37.27,4,Sudeste,Pix,149.08
1305,2024-11-30,Livros,61.62,1,Sudeste,Cartão de Crédito,61.62
1736,2024-11-30,Esporte e Lazer,181.84,1,Centro-Oeste,Cartão de Crédito,181.84
4271,2024-11-30,Livros,82.21,3,Sudeste,Cartão de Débito,246.63
4700,2024-11-30,Eletrônicos,785.88,1,Sul,Cartão de Crédito,785.88
2284,2024-11-30,Eletrônicos,869.13,3,Sudeste,Cartão de Crédito,2607.39
4806,2024-11-30,Beleza,74.98,1,Centro-Oeste,Cartão de Crédito,74.98
2274,2024-11-30,Casa e Decoração,544.34,1,Centro-Oeste,Cartão de Crédito,544.34
4616,2024-11-30,Moda,274.58,3,Sudeste,Cartão de Crédito,823.74
2873,2024-11-30,Beleza,128.89,1,Norte,Cartão de Crédito,128.89
688,2024-11-30,Livros,27.55,2,Sudeste,Cartão de Crédito,55.1
1688,2024-11-30,Moda,100.21,4,Sudeste,Pix,400.84
3211,2024-11-30,Eletrônicos,240.0,2,Sul,Boleto,480.0
1077,2024-11-30,Moda,82.36,1,Centro-Oeste,Pix,82.36
1087,2024-11-30,Eletrônicos,432.54,1,Nordeste,Cartão de Crédito,432.54
3528,2024-11-30,Moda,285.76,3,Centro-Oeste,Cartão de Crédito,857.28
2012,2024-11-30,Casa e Decoração,339.89,2,Sul,Cartão de Crédito,679.78
4092,2024-11-30,Moda,212.65,2,Sul,Pix,425.3
395,2024-12-01,Beleza,70.17,3,Sudeste,Cartão de Crédito,210.51
4062,2024-12-01,Casa e Decoração,112.11,1,Centro-Oeste,Cartão de Débito,112.11
2326,2024-12-01,Moda,337.34,4,Centro-Oeste,Cartão de Crédito,1349.36
4233,2024-12-01,Beleza,149.92,4,Nordeste,Cartão de Crédito,599.68
653,2024-12-01,Beleza,135.11,1,Nordeste,Cartão de Crédito,135.11
2781,2024-12-01,Casa e Decoração,147.88,3,Nordeste,Cartão de Crédito,443.64
2976,2024-12-01,Moda,42.73,1,Nordeste,Boleto,42.73
2062,2024-12-01,Beleza,85.44,4,Sudeste,Cartão de Crédito,341.76
2653,2024-12-01,Casa e Decoração,216.86,4,Sudeste,Pix,867.44
1374,2024-12-01,Esporte e Lazer,142.57,4,Sudeste,Cartão de Crédito,570.28
3808,2024-12-01,Casa e Decoração,41.84,4,Sudeste,Pix,167.36
4363,2024-12-01,Eletrônicos,733.76,1,Centro-Oeste,Pix,733.76
2015,2024-12-01,Beleza,131.02,1,Sudeste,Pix,131.02
2854,2024-12-01,Livros,55.89,3,Norte,Cartão de Crédito,167.67
1039,2024-12-02,Esporte e Lazer,161.35,2,Nordeste,Cartão de Crédito,322.7
1309,2024-12-02,Beleza,48.27,4,Nordeste,Pix,193.08
2446,2024-12-02,Beleza,45.3,2,Sudeste,Cartão de Crédito,90.6
4335,2024-12-02,Casa e Decoração,227.68,1,Norte,Pix,227.68
2804,2024-12-03,Moda,147.71,1,Sul,Boleto,147.71
2747,2024-12-03,Livros,71.56,2,Nordeste,Cartão de Crédito,143.12
4943,2024-12-03,Eletrônicos,1236.76,1,Nordeste,Pix,1236.76
647,2024-12-03,Eletrônicos,381.47,1,Sudeste,Cartão de Crédito,381.47
2164,2024-12-03,Beleza,26.48,1,Nordeste,Pix,26.48
274,2024-12-03,Moda,66.19,1,Sul,Pix,66.19
4535,2024-12-04,Moda,111.24,2,Sudeste,Pix,222.48
992,2024-12-04,Beleza,28.05,2,Nordeste,Boleto,56.1
2961,2024-12-05,Beleza,167.18,4,Sul,Pix,668.72
2826,2024-12-05,Livros,40.4,2,Centro-Oeste,Cartão de Crédito,80.8
2766,2024-12-05,Esporte e Lazer,493.73,2,Sul,Cartão de Crédito,987.46
4834,2024-12-06,Esporte e Lazer,226.28,2,Sudeste,Cartão de Crédito,452.56
1173,2024-12-06,Livros,80.29,1,Sul,Cartão de Crédito,80.29
2089,2024-12-06,Esporte e Lazer,41.57,2,Sul,Cartão de Crédito,83.14
1884,2024-12-06,Moda,311.74,1,Nordeste,Cartão de Crédito,311.74
346,2024-12-06,Casa e Decoração,133.21,2,Nordeste,Cartão de Crédito,266.42
562,2024-12-07,Beleza,47.17,3,Sudeste,Pix,141.51
428,2024-12-07,Livros,31.37,2,Centro-Oeste,Pix,62.74
4849,2024-12-07,Moda,54.07,1,Nordeste,Pix,54.07
1532,2024-12-07,Esporte e Lazer,213.71,1,Sudeste,Boleto,213.71
4091,2024-12-07,Eletrônicos,172.57,4,Sudeste,Cartão de Crédito,690.28
4051,2024-12-07,Beleza,67.02,1,Nordeste,Cartão de Crédito,67.02
638,2024-12-07,Casa e Decoração,406.35,3,Nordeste,Pix,1219.05
1282,2024-12-07,Casa e Decoração,101.79,2,Nordeste,Cartão de Crédito,203.58
4956,2024-12-08,Esporte e Lazer,281.58,1,Sul,Cartão de Crédito,281.58
913,2024-12-08,Livros,59.77,1,Nordeste,Boleto,59.77
2341,2024-12-08,Beleza,169.1,2,Centro-Oeste,Pix,338.2
4193,2024-12-08,Eletrônicos,798.35,4,Sudeste,Cartão de Crédito,3193.4
3592,2024-12-08,Casa e Decoração,511.18,3,Centro-Oeste,Pix,1533.54
2316,2024-12-09,Beleza,199.68,1,Sudeste,Cartão de Crédito,199.68
3809,2024-12-09,Beleza,35.63,2,Sul,Pix,71.26
508,2024-12-09,Casa e Decoração,421.45,3,Sudeste,Pix,1264.35
3858,2024-12-09,Eletrônicos,1888.46,2,Sul,Cartão de Crédito,3776.92
1155,2024-12-09,Esporte e Lazer,94.61,1,Sul,Cartão de Crédito,94.61
3453,2024-12-09,Beleza,86.42,2,Nordeste,Cartão de Crédito,172.84
2401,2024-12-09,Beleza,95.61,1,Centro-Oeste,Cartão de Crédito,95.61
4672,2024-12-09,Eletrônicos,197.0,4,Sudeste,Cartão de Crédito,788.0
3922,2024-12-09,Beleza,198.74,1,Nordeste,Cartão de Crédito,198.74
4801,2024-12-10,Eletrônicos,1861.52,1,Nordeste,Cartão de Débito,1861.52
3960,2024-12-10,Esporte e Lazer,384.59,2,Sudeste,Cartão de Crédito,769.18
4801,2024-12-10,Eletrônicos,1861.52,1,Nordeste,Cartão de Débito,1861.52
1684,2024-12-10,Casa e Decoração,324.63,3,Centro-Oeste,Cartão de Crédito,973.89
4866,2024-12-10,Livros,38.71,1,Nordeste,Pix,38.71
4049,2024-12-10,Casa e Decoração,275.19,1,Sul,Cartão de Crédito,275.19
1784,2024-12-11,Livros,54.05,4,Sudeste,Cartão de Crédito,216.2
4921,2024-12-11,Beleza,194.17,2,Norte,Boleto,388.34
4376,2024-12-11,Beleza,170.66,1,Nordeste,Cartão de Débito,170.66
306,2024-12-11,Esporte e Lazer,64.83,1,Sudeste,Cartão de Crédito,64.83
2186,2024-12-11,Beleza,161.5,1,Sudeste,Cartão de Crédito,161.5
2476,2024-12-11,Moda,81.09,1,Nordeste,Cartão de Crédito,81.09
4490,2024-12-11,Beleza,183.27,2,Nordeste,Cartão de Crédito,366.54
4908,2024-12-12,Livros,54.39,3,Nordeste,Cartão de Crédito,163.17
3572,2024-12-12,Esporte e Lazer,155.11,2,Sudeste,Cartão de Crédito,310.22
2231,2024-12-13,Livros,27.7,1,Sul,Boleto,27.7
4429,2024-12-13,Moda,46.4,1,Sudeste,Cartão de Crédito,46.4
251,2024-12-13,Esporte e Lazer,136.25,3,Sul,Pix,408.75
1313,2024-12-13,Beleza,140.61,4,Centro-Oeste,Pix,562.44
569,2024-12-13,Beleza,113.64,1,Sudeste,Cartão de Crédito,113.64
3165,2024-12-13,Beleza,106.7,2,Centro-Oeste,Cartão de Crédito,213.4
2481,2024-12-14,Livros,75.47,1,Nordeste,Pix,75.47
3209,2024-12-14,Casa e Decoração,488.02,2,Norte,Cartão de Crédito,976.04
3314,2024-12-14,Beleza,221.53,3,Nordeste,Cartão de Débito,664.59
1660,2024-12-14,Esporte e Lazer,564.54,1,Sudeste,Cartão de Crédito,564.54
4500,2024-12-14,Moda,106.65,1,Nordeste,Cartão de Débito,106.65
1293,2024-12-14,Esporte e Lazer,58.34,2,Sul,Cartão de Débito,116.68
620,2024-12-14,Eletrônicos,780.26,1,Sul,Cartão de Crédito,780.26
2172,2024-12-14,Beleza,166.01,1,Nordeste,Cartão de Débito,166.01
1235,2024-12-14,Livros,26.21,4,Norte,Cartão de Crédito,104.84
1394,2024-12-15,Eletrônicos,460.58,1,Sudeste,Pix,460.58
1070,2024-12-15,Moda,71.82,1,Sudeste,Boleto,71.82
242,2024-12-15,Esporte e Lazer,215.11,1,Nordeste,Cartão de Crédito,215.11
1938,2024-12-15,Casa e Decoração,551.18,2,Norte,Pix,1102.36
2552,2024-12-15,Casa e Decoração,511.19,4,Sudeste,Pix,2044.76
2422,2024-12-15,Livros,103.85,1,Centro-Oeste,Boleto,103.85
1126,2024-12-15,Livros,53.34,4,Sudeste,Cartão de Crédito,213.36
3776,2024-12-15,Beleza,83.38,2,Sul,Pix,166.76
3863,2024-12-16,Moda,252.86,2,Sudeste,Pix,505.72
393,2024-12-16,Casa e Decoração,79.0,1,Sudeste,Pix,79.0
2791,2024-12-17,Eletrônicos,297.4,1,Sudeste,Cartão de Crédito,297.4
3243,2024-12-17,Beleza,68.33,2,Sudeste,Cartão de Crédito,136.66
1986,2024-12-17,Casa e Decoração,763.43,2,Sudeste,Pix,1526.86
1474,2024-12-17,Eletrônicos,2055.17,2,Sul,Cartão de Débito,4110.34
4765,2024-12-18,Eletrônicos,1982.53,2,Sudeste,Boleto,3965.06
3184,2024-12-18,Beleza,126.74,2,Sudeste,Cartão de Crédito,253.48
194,2024-12-18,Casa e Decoração,620.93,1,Sul,Pix,620.93
220,2024-12-18,Moda,386.57,2,Norte,Boleto,773.14
3015,2024-12-18,Eletrônicos,275.28,4,Sul,Cartão de Crédito,1101.12
2522,2024-12-18,Esporte e Lazer,401.56,2,Centro-Oeste,Pix,803.12
3527,2024-12-18,Eletrônicos,2250.17,2,Norte,Cartão de Débito,4500.34
4885,2024-12-18,Moda,187.89,2,Sudeste,Pix,375.78
491,2024-12-18,Beleza,221.44,2,Norte,Cartão de Crédito,442.88
2962,2024-12-18,Eletrônicos,898.63,1,Centro-Oeste,Cartão de Crédito,898.63
2676,2024-12-18,Esporte e Lazer,365.56,1,Centro-Oeste,Cartão de Crédito,365.56
2893,2024-12-18,Eletrônicos,1493.45,1,Sul,Cartão de Crédito,1493.45
3191,2024-12-18,Eletrônicos,2132.67,1,Sul,Pix,2132.67
1208,2024-12-18,Eletrônicos,472.63,2,Norte,Boleto,945.26
4680,2024-12-18,Moda,281.74,1,Norte,Cartão de Crédito,281.74
2051,2024-12-18,Moda,256.38,2,Nordeste,Pix,512.76
1939,2024-12-18,Livros,42.67,1,Centro-Oeste,Cartão de Crédito,42.67
4648,2024-12-18,Livros,40.35,1,Nordeste,Cartão de Crédito,40.35
1325,2024-12-18,Beleza,92.43,1,Centro-Oeste,Cartão de Crédito,92.43
1237,2024-12-18,Livros,75.88,1,Nordeste,Cartão de Crédito,75.88
983,2024-12-18,Livros,102.82,1,Nordeste,Pix,102.82
887,2024-12-18,Eletrônicos,2220.94,4,Sudeste,Boleto,8883.76
2168,2024-12-18,Moda,308.71,4,Nordeste,Cartão de Crédito,1234.84
1257,2024-12-18,Beleza,164.16,2,Sudeste,Cartão de Crédito,328.32
1080,2024-12-18,Esporte e Lazer,404.1,1,Sudeste,Cartão de Crédito,404.1
4021,2024-12-19,Eletrônicos,1844.0,1,Sudeste,Cartão de Crédito,1844.0
1850,2024-12-19,Moda,83.59,2,Norte,Cartão de Crédito,167.18
4602,2024-12-19,Livros,34.96,4,Norte,Pix,139.84
3895,2024-12-19,Moda,227.21,1,Nordeste,Pix,227.21
2617,2024-12-19,Livros,48.76,2,Sudeste,Cartão de Crédito,97.52
4740,2024-12-19,Moda,333.62,1,Sudeste,Cartão de Crédito,333.62
3140,2024-12-19,Beleza,27.67,2,Sudeste,Pix,55.34
4457,2024-12-19,Casa e Decoração,319.21,1,Sudeste,Cartão de Crédito,319.21
3631,2024-12-19,Moda,141.5,1,Nordeste,Cartão de Crédito,141.5
222,2024-12-19,Moda,207.09,1,Nordeste,Cartão de Crédito,207.09
3454,2024-12-19,Beleza,92.79,2,Nordeste,Pix,185.58
4853,2024-12-19,Esporte e Lazer,131.83,3,Nordeste,Cartão de Crédito,395.49
476,2024-12-19,Eletrônicos,391.14,2,Nordeste,Cartão de Crédito,782.28
483,2024-12-19,Livros,67.66,2,Nordeste,Pix,135.32
899,2024-12-19,Eletrônicos,1117.79,3,Nordeste,Cartão de Crédito,3353.37
3063,2024-12-19,Eletrônicos,1736.99,1,Sudeste,Cartão de Crédito,1736.99
2855,2024-12-19,Moda,93.34,2,Sudeste,Cartão de Débito,186.68
4471,2024-12-19,Livros,26.56,1,Sudeste,Cartão de Crédito,26.56
2336,2024-12-19,Esporte e Lazer,31.42,3,Sudeste,Cartão de Crédito,94.26
581,2024-12-19,Beleza,183.98,2,Nordeste,Cartão de Crédito,367.96
890,2024-12-19,Esporte e Lazer,271.94,4,Centro-Oeste,Cartão de Crédito,1087.76
4577,2024-12-19,Beleza,25.91,2,Nordeste,Cartão de Crédito,51.82
4156,2024-12-19,Moda,107.65,4,Sudeste,Cartão de Crédito,430.6
105,2024-12-19,Casa e Decoração,658.43,3,Sudeste,Pix,1975.29
3080,2024-12-19,Beleza,30.94,3,Sudeste,Cartão de Crédito,92.82
2533,2024-12-19,Esporte e Lazer,96.32,1,Centro-Oeste,Cartão de Crédito,96.32
3217,2024-12-19,Livros,34.09,1,Sudeste,Boleto,34.09
350,2024-12-19,Esporte e Lazer,472.21,1,Sudeste,Cartão de Crédito,472.21
4150,2024-12-19,Eletrônicos,2189.11,1,Centro-Oeste,Cartão de Crédito,2189.11
1876,2024-12-19,Beleza,123.24,4,Sul,Cartão de Crédito,492.96
4839,2024-12-19,Moda,174.84,4,Sudeste,Cartão de Crédito,699.36
190,2024-12-19,Moda,88.18,4,Sudeste,Pix,352.72
2470,2024-12-19,Eletrônicos,564.43,4,Nordeste,Cartão de Crédito,2257.72
1489,2024-12-20,Livros,57.37,1,Sudeste,Boleto,57.37
2461,2024-12-20,Casa e Decoração,89.05,1,Nordeste,Pix,89.05
390,2024-12-20,Casa e Decoração,249.43,1,Sudeste,Pix,249.43
2161,2024-12-20,Livros,30.13,3,Sudeste,Cartão de Crédito,90.39
1778,2024-12-20,Moda,104.91,2,Nordeste,Cartão de Crédito,209.82
480,2024-12-20,Livros,39.28,1,Sul,Pix,39.28
1036,2024-12-20,Casa e Decoração,70.48,1,Sudeste,Pix,70.48
2458,2024-12-20,Livros,45.72,2,Sudeste,Boleto,91.44
1861,2024-12-20,Moda,134.29,3,Sul,Cartão de Crédito,402.87
60,2024-12-20,Casa e Decoração,266.87,1,Sul,Cartão de Crédito,266.87
2607,2024-12-20,Esporte e Lazer,160.58,3,Sul,Cartão de Crédito,481.74
696,2024-12-20,Eletrônicos,1265.8,3,Sudeste,Cartão de Débito,3797.4
1426,2024-12-20,Moda,221.43,1,Nordeste,Pix,221.43
1897,2024-12-20,Beleza,136.45,2,Sul,Cartão de Crédito,272.9
3076,2024-12-20,Beleza,54.84,1,Nordeste,Pix,54.84
320,2024-12-20,Eletrônicos,320.67,2,Nordeste,Cartão de Crédito,641.34
2576,2024-12-20,Beleza,21.34,2,Sul,Pix,42.68
2088,2024-12-20,Esporte e Lazer,366.46,1,Nordeste,Pix,366.46
1852,2024-12-20,Moda,210.24,2,Norte,Cartão de Crédito,420.48
1862,2024-12-20,Moda,171.1,2,Nordeste,Pix,342.2
295,2024-12-20,Esporte e Lazer,466.09,1,Sul,Pix,466.09
4157,2024-12-20,Livros,39.46,1,Nordeste,Boleto,39.46
3401,2024-12-20,Casa e Decoração,423.98,1,Nordeste,Cartão de Crédito,423.98
937,2024-12-20,Esporte e Lazer,170.16,4,Sul,Cartão de Crédito,680.64
3893,2024-12-20,Beleza,244.59,1,Sul,Cartão de Crédito,244.59
1028,2024-12-20,Livros,50.61,1,Sudeste,Pix,50.61
3909,2024-12-20,Esporte e Lazer,208.04,3,Sudeste,Boleto,624.12
607,2024-12-20,Casa e Decoração,474.35,2,Nordeste,Pix,948.7
2767,2024-12-20,Beleza,35.33,1,Nordeste,Pix,35.33
2191,2024-12-20,Moda,224.78,4,Sudeste,Pix,899.12
4427,2024-12-20,Beleza,58.17,2,Sudeste,Cartão de Débito,116.34
3941,2024-12-20,Livros,35.64,3,Nordeste,Cartão de Crédito,106.92
3942,2024-12-20,Esporte e Lazer,104.82,3,Nordeste,Cartão de Crédito,314.46
4210,2024-12-20,Casa e Decoração,212.43,4,Centro-Oeste,Cartão de Crédito,849.72
4712,2024-12-20,Moda,195.92,1,Sudeste,Pix,195.92
2351,2024-12-20,Casa e Decoração,282.9,2,Sudeste,Cartão de Crédito,565.8
997,2024-12-20,Beleza,209.74,1,Sudeste,Pix,209.74
386,2024-12-21,Beleza,82.44,3,Norte,Cartão de Crédito,247.32
1988,2024-12-21,Casa e Decoração,142.97,3,Nordeste,Cartão de Débito,428.91
3903,2024-12-21,Livros,65.2,1,Nordeste,Cartão de Crédito,65.2
2474,2024-12-21,Moda,365.44,1,Sudeste,Cartão de Crédito,365.44
575,2024-12-21,Casa e Decoração,680.97,3,Sul,Cartão de Crédito,2042.91
3432,2024-12-21,Casa e Decoração,502.8,4,Sul,Cartão de Crédito,2011.2
1661,2024-12-21,Esporte e Lazer,63.08,1,Centro-Oeste,Cartão de Crédito,63.08
1539,2024-12-21,Esporte e Lazer,80.95,2,Sudeste,Cartão de Crédito,161.9
351,2024-12-21,Beleza,147.39,1,Sudeste,Pix,147.39
1010,2024-12-21,Esporte e Lazer,322.14,1,Nordeste,Pix,322.14
445,2024-12-21,Eletrônicos,2602.06,2,Nordeste,Cartão de Crédito,5204.12
3558,2024-12-21,Beleza,49.09,3,Sul,Cartão de Crédito,147.27
3376,2024-12-21,Livros,63.13,2,Sudeste,Cartão de Crédito,126.26
3773,2024-12-21,Casa e Decoração,601.68,1,Sul,Cartão de Crédito,601.68
3522,2024-12-21,Esporte e Lazer,368.53,1,Sudeste,Pix,368.53
1635,2024-12-21,Livros,39.51,3,Centro-Oeste,Cartão de Crédito,118.53
2916,2024-12-21,Eletrônicos,469.36,1,Sudeste,Pix,469.36
4530,2024-12-21,Beleza,48.82,4,Sudeste,Pix,195.28
2292,2024-12-21,Livros,34.33,1,Sudeste,Cartão de Crédito,34.33
167,2024-12-21,Beleza,90.48,1,Sudeste,Cartão de Crédito,90.48
3210,2024-12-21,Livros,35.66,2,Sudeste,Cartão de Crédito,71.32
2519,2024-12-21,Esporte e Lazer,353.78,3,Nordeste,Cartão de Crédito,1061.34
435,2024-12-21,Beleza,128.9,4,Centro-Oeste,Cartão de Crédito,515.6
102,2024-12-21,Esporte e Lazer,344.07,1,Norte,Pix,344.07
3206,2024-12-21,Beleza,131.4,2,Nordeste,Cartão de Crédito,262.8
4571,2024-12-21,Moda,169.16,3,Sudeste,Cartão de Crédito,507.48
2831,2024-12-21,Eletrônicos,551.44,1,Nordeste,Pix,551.44
4380,2024-12-21,Moda,347.04,1,Sudeste,Cartão de Crédito,347.04
2544,2024-12-21,Beleza,206.39,2,Sul,Pix,412.78
1731,2024-12-21,Esporte e Lazer,439.33,3,Sudeste,Pix,1317.99
4277,2024-12-21,Moda,153.39,2,Centro-Oeste,Cartão de Crédito,306.78
4295,2024-12-21,Beleza,47.6,4,Nordeste,Cartão de Crédito,190.4
1804,2024-12-21,Livros,37.42,4,Sudeste,Cartão de Crédito,149.68
3848,2024-12-21,Casa e Decoração,267.47,2,Sudeste,Cartão de Crédito,534.94
871,2024-12-21,Beleza,212.43,1,Sudeste,Cartão de Crédito,212.43
1483,2024-12-21,Livros,49.29,1,Centro-Oeste,Cartão de Crédito,49.29
1043,2024-12-21,Beleza,173.24,2,Nordeste,Cartão de Crédito,346.48
499,2024-12-21,Casa e Decoração,573.85,3,Norte,Boleto,1721.55
4260,2024-12-21,Casa e Decoração,618.19,2,Nordeste,Pix,1236.38
4890,2024-12-21,Beleza,174.26,4,Centro-Oeste,Pix,697.04
4438,2024-12-21,Casa e Decoração,114.95,1,Norte,Cartão de Crédito,114.95
1463,2024-12-21,Moda,66.59,2,Sudeste,Cartão de Crédito,133.18
2866,2024-12-21,Casa e Decoração,797.45,1,Nordeste,Cartão de Crédito,797.45
3008,2024-12-21,Livros,46.91,1,Sul,Pix,46.91
3603,2024-12-21,Beleza,163.49,2,Sudeste,Cartão de Crédito,326.98
3251,2024-12-21,Casa e Decoração,302.95,1,Nordeste,Pix,302.95
1500,2024-12-21,Casa e Decoração,113.03,3,Sul,Pix,339.09
4792,2024-12-22,Moda,116.83,1,Nordeste,Pix,116.83
4945,2024-12-22,Beleza,23.9,1,Sudeste,Cartão de Crédito,23.9
4818,2024-12-22,Beleza,50.84,1,Centro-Oeste,Pix,50.84
2448,2024-12-22,Livros,97.47,1,Sudeste,Cartão de Crédito,97.47
1758,2024-12-22,Livros,56.09,4,Norte,Cartão de Crédito,224.36
3949,2024-12-22,Eletrônicos,1199.09,1,Sudeste,Pix,1199.09
973,2024-12-22,Beleza,83.06,1,Sul,Cartão de Crédito,83.06
1375,2024-12-22,Esporte e Lazer,433.13,1,Sul,Cartão de Crédito,433.13
1834,2024-12-22,Livros,41.41,4,Nordeste,Cartão de Crédito,165.64
3357,2024-12-22,Esporte e Lazer,291.69,4,Sul,Cartão de Crédito,1166.76
2880,2024-12-22,Livros,47.03,2,Centro-Oeste,Pix,94.06
2057,2024-12-22,Livros,52.32,1,Sul,Pix,52.32
2348,2024-12-22,Esporte e Lazer,84.84,2,Sul,Cartão de Crédito,169.68
4876,2024-12-22,Eletrônicos,2493.62,2,Sudeste,Cartão de Crédito,4987.24
4253,2024-12-22,Eletrônicos,2187.18,3,Sul,Cartão de Crédito,6561.54
1786,2024-12-22,Eletrônicos,1488.19,4,Sul,Cartão de Crédito,5952.76
2068,2024-12-22,Moda,200.26,2,Sudeste,Pix,400.52
2102,2024-12-22,Moda,49.37,1,Sul,Pix,49.37
4323,2024-12-22,Livros,56.84,4,Sudeste,Cartão de Crédito,227.36
1078,2024-12-22,Casa e Decoração,361.57,1,Norte,Cartão de Crédito,361.57
3584,2024-12-22,Esporte e Lazer,164.11,2,Nordeste,Cartão de Crédito,328.22
916,2024-12-22,Eletrônicos,1276.34,2,Sudeste,Cartão de Crédito,2552.68
2847,2024-12-22,Beleza,174.6,3,Nordeste,Pix,523.8
150,2024-12-22,Casa e Decoração,601.69,1,Sudeste,Pix,601.69
1192,2024-12-22,Livros,29.11,1,Nordeste,Cartão de Crédito,29.11
1055,2024-12-22,Moda,328.06,1,Nordeste,Cartão de Crédito,328.06
996,2024-12-22,Casa e Decoração,130.45,1,Sudeste,Boleto,130.45
3301,2024-12-22,Esporte e Lazer,379.34,2,Nordeste,Pix,758.68
1889,2024-12-22,Livros,37.84,3,Nordeste,Cartão de Crédito,113.52
909,2024-12-23,Esporte e Lazer,251.68,1,Sudeste,Cartão de Crédito,251.68
3842,2024-12-23,Casa e Decoração,347.75,2,Sudeste,Cartão de Crédito,695.5
1435,2024-12-23,Esporte e Lazer,80.49,2,Nordeste,Pix,160.98
4686,2024-12-23,Esporte e Lazer,106.03,4,Nordeste,Pix,424.12
3655,2024-12-23,Moda,151.37,1,Sul,Pix,151.37
4863,2024-12-23,Beleza,170.7,1,Sul,Cartão de Crédito,170.7
4527,2024-12-23,Livros,114.48,1,Nordeste,Cartão de Crédito,114.48
260,2024-12-23,Livros,83.06,2,Sudeste,Cartão de Crédito,166.12
3097,2024-12-23,Moda,117.7,2,Sudeste,Pix,235.4
1814,2024-12-23,Casa e Decoração,359.49,4,Sudeste,Cartão de Crédito,1437.96
436,2024-12-23,Eletrônicos,774.04,1,Nordeste,Pix,774.04
246,2024-12-23,Esporte e Lazer,112.18,3,Sudeste,Cartão de Crédito,336.54
2490,2024-12-24,Moda,192.65,3,Centro-Oeste,Cartão de Crédito,577.95
3752,2024-12-24,Livros,32.5,1,Sudeste,Pix,32.5
675,2024-12-24,Livros,23.55,2,Sudeste,Pix,47.1
485,2024-12-24,Eletrônicos,1515.77,3,Sul,Cartão de Crédito,4547.31
3823,2024-12-24,Beleza,89.26,4,Nordeste,Cartão de Débito,357.04
2575,2024-12-24,Eletrônicos,298.26,4,Sul,Cartão de Crédito,1193.04
710,2024-12-25,Livros,39.45,1,Sudeste,Boleto,39.45
646,2024-12-25,Esporte e Lazer,282.88,2,Sudeste,Cartão de Crédito,565.76
3256,2024-12-25,Eletrônicos,2635.19,3,Sul,Cartão de Crédito,7905.57
1253,2024-12-25,Livros,107.17,1,Nordeste,Cartão de Crédito,107.17
1664,2024-12-25,Casa e Decoração,222.68,1,Sudeste,Cartão de Crédito,222.68
117,2024-12-25,Beleza,184.89,1,Sul,Cartão de Crédito,184.89
3436,2024-12-25,Eletrônicos,2788.14,1,Sudeste,Pix,2788.14
1603,2024-12-26,Esporte e Lazer,91.59,4,Nordeste,Cartão de Crédito,366.36
830,2024-12-26,Esporte e Lazer,43.73,2,Sudeste,Pix,87.46
2731,2024-12-26,Beleza,53.16,3,Sul,Cartão de Crédito,159.48
868,2024-12-26,Beleza,62.21,3,Centro-Oeste,Cartão de Crédito,186.63
2520,2024-12-26,Livros,73.33,4,Sudeste,Cartão de Crédito,293.32
1326,2024-12-26,Eletrônicos,896.61,2,Sudeste,Cartão de Crédito,1793.22
1373,2024-12-27,Casa e Decoração,145.65,2,Sudeste,Cartão de Crédito,291.3
783,2024-12-27,Casa e Decoração,315.26,3,Nordeste,Cartão de Débito,945.78
1229,2024-12-27,Moda,264.35,4,Sul,Cartão de Crédito,1057.4
2817,2024-12-28,Beleza,43.22,1,Nordeste,Cartão de Crédito,43.22
1289,2024-12-28,Eletrônicos,979.38,1,Sudeste,Cartão de Crédito,979.38
1285,2024-12-28,Moda,213.09,1,Sudeste,Cartão de Crédito,213.09
1032,2024-12-28,Eletrônicos,699.86,2,Sudeste,Cartão de Débito,1399.72
3870,2024-12-28,Eletrônicos,1179.19,2,Norte,Pix,2358.38
3484,2024-12-28,Moda,57.19,2,Norte,Boleto,114.38
2658,2024-12-28,Moda,262.34,2,Sudeste,Boleto,524.68
604,2024-12-29,Livros,53.67,1,Nordeste,Pix,53.67
3469,2024-12-29,Beleza,28.68,2,Sudeste,Pix,57.36
2132,2024-12-29,Esporte e Lazer,174.81,2,Sudeste,Boleto,349.62
2829,2024-12-29,Beleza,146.08,1,Sul,Cartão de Crédito,146.08
2295,2024-12-29,Esporte e Lazer,218.06,4,Nordeste,Cartão de Crédito,872.24
4185,2024-12-29,Casa e Decoração,49.79,2,Centro-Oeste,Pix,99.58
2884,2024-12-29,Esporte e Lazer,127.31,1,Sul,,127.31
4504,2024-12-29,Moda,195.15,3,Nordeste,Cartão de Crédito,585.45
3854,2024-12-30,Beleza,25.55,1,Sudeste,Cartão de Crédito,25.55
4750,2024-12-30,Beleza,80.93,1,Norte,Pix,80.93
2973,2024-12-30,Beleza,92.05,2,Sul,Cartão de Crédito,184.1
602,2024-12-30,Beleza,96.23,1,Nordeste,Pix,96.23
2278,2024-12-30,Livros,91.78,2,Nordeste,Cartão de Crédito,183.56
4,2024-12-30,Casa e Decoração,45.34,2,Nordeste,Pix,90.68
602,2024-12-30,Beleza,96.23,1,Nordeste,Pix,96.23
1645,2024-12-30,Moda,274.36,1,Centro-Oeste,Boleto,274.36
4397,2024-12-30,Moda,72.39,2,Sul,Cartão de Crédito,144.78
3652,2024-12-31,Esporte e Lazer,295.3,1,Norte,Cartão de Crédito,295.3
2418,2024-12-31,Casa e Decoração,108.68,1,Sudeste,Cartão de Crédito,108.68
4799,2024-12-31,Beleza,89.7,4,Sudeste,Cartão de Crédito,358.8
4906,2024-12-31,Esporte e Lazer,106.19,3,Sul,Pix,318.57
3806,2025-01-01,Moda,90.69,1,Sudeste,Cartão de Crédito,90.69
2532,2025-01-01,Beleza,50.1,1,Sudeste,Cartão de Crédito,50.1
427,2025-01-01,Casa e Decoração,134.77,1,Sudeste,Cartão de Crédito,134.77
1098,2025-01-01,Casa e Decoração,392.49,2,Sudeste,Cartão de Crédito,784.98
840,2025-01-02,Casa e Decoração,96.01,1,Nordeste,Cartão de Débito,96.01
4425,2025-01-03,Casa e Decoração,343.55,2,Sudeste,Pix,687.1
4176,2025-01-03,Casa e Decoração,581.38,1,Sudeste,Cartão de Crédito,581.38
1278,2025-01-03,Livros,32.84,1,Sudeste,Cartão de Crédito,32.84
4327,2025-01-03,Esporte e Lazer,315.13,1,Sul,Cartão de Crédito,315.13
829,2025-01-04,Esporte e Lazer,250.46,4,Sul,Cartão de Crédito,1001.84
1783,2025-01-04,Eletrônicos,1600.0,2,Centro-Oeste,Cartão de Crédito,3200.0
721,2025-01-04,Esporte e Lazer,249.07,1,Sudeste,Cartão de Crédito,249.07
4031,2025-01-04,Moda,137.3,3,Sudeste,Pix,411.9
928,2025-01-05,Casa e Decoração,164.55,1,Sudeste,Cartão de Débito,164.55
4265,2025-01-05,Beleza,65.9,1,Sudeste,Cartão de Crédito,65.9
732,2025-01-05,Casa e Decoração,224.99,1,Sudeste,Pix,224.99
3366,2025-01-05,Eletrônicos,1930.96,4,Sul,Cartão de Débito,7723.84
3307,2025-01-05,Eletrônicos,242.53,1,Centro-Oeste,Pix,242.53
3966,2025-01-06,Esporte e Lazer,102.15,1,Sudeste,Pix,102.15
4830,2025-01-06,Casa e Decoração,147.2,2,Sudeste,Pix,294.4
287,2025-01-07,Eletrônicos,1702.41,4,Sudeste,Pix,6809.64
4946,2025-01-07,Moda,185.21,1,Sudeste,Cartão de Crédito,185.21
2822,2025-01-07,Beleza,34.93,2,Centro-Oeste,Cartão de Crédito,69.86
379,2025-01-07,Moda,294.26,4,Sudeste,Boleto,1177.04
4245,2025-01-07,Beleza,20.36,2,Sudeste,Cartão de Débito,40.72
1376,2025-01-08,Livros,56.8,3,Sudeste,Cartão de Crédito,170.4
679,2025-01-08,Beleza,96.6,1,Nordeste,Cartão de Crédito,96.6
4407,2025-01-08,Beleza,66.21,3,Nordeste,Cartão de Débito,198.63
3345,2025-01-08,Beleza,225.82,1,Sudeste,Cartão de Crédito,225.82
4204,2025-01-08,Eletrônicos,2283.85,2,Nordeste,Pix,4567.7
4415,2025-01-08,Esporte e Lazer,38.03,3,Nordeste,Pix,114.09
1377,2025-01-09,Eletrônicos,1797.45,3,Centro-Oeste,Cartão de Crédito,5392.35
1069,2025-01-09,Eletrônicos,2917.46,4,Sudeste,Pix,11669.84
392,2025-01-09,Casa e Decoração,160.3,4,Centro-Oeste,Cartão de Débito,641.2
2821,2025-01-09,Livros,94.6,2,Sudeste,Cartão de Crédito,189.2
3052,2025-01-09,Beleza,81.49,2,Nordeste,Boleto,162.98
2097,2025-01-09,Casa e Decoração,289.05,1,Centro-Oeste,Pix,289.05
3447,2025-01-10,Eletrônicos,1514.66,1,Sul,Pix,1514.66
4711,2025-01-10,Beleza,50.51,1,Sudeste,Cartão de Crédito,50.51
3204,2025-01-10,Casa e Decoração,123.48,1,Nordeste,Pix,123.48
426,2025-01-10,Moda,158.41,1,Sudeste,Boleto,158.41
2511,2025-01-10,Esporte e Lazer,514.74,1,Sudeste,Pix,514.74
69,2025-01-10,Eletrônicos,1341.2,2,Sudeste,Pix,2682.4
2543,2025-01-10,Livros,82.72,3,Norte,Cartão de Crédito,248.16
4977,2025-01-11,Casa e Decoração,535.49,1,Sudeste,Boleto,535.49
1310,2025-01-11,Eletrônicos,1612.39,2,Sudeste,Cartão de Crédito,3224.78
4001,2025-01-11,Moda,225.82,4,Sul,Cartão de Crédito,903.28
4134,2025-01-11,Casa e Decoração,141.25,2,Sul,Cartão de Crédito,282.5
3740,2025-01-11,Livros,35.34,1,Sudeste,Pix,35.34
3883,2025-01-11,Livros,28.55,4,Sudeste,Cartão de Crédito,114.2
4379,2025-01-12,Beleza,79.72,1,Sudeste,Pix,79.72
285,2025-01-12,Livros,51.88,3,Centro-Oeste,Pix,155.64
4390,2025-01-12,Moda,286.59,4,Sudeste,Pix,1146.36
889,2025-01-12,Beleza,203.95,2,Centro-Oeste,Cartão de Crédito,407.9
1046,2025-01-12,Beleza,28.67,3,Sudeste,Cartão de Crédito,86.01
4979,2025-01-12,Beleza,21.74,1,Norte,Cartão de Crédito,21.74
1831,2025-01-13,Eletrônicos,1683.16,2,Sudeste,Cartão de Crédito,3366.32
2473,2025-01-13,Esporte e Lazer,477.69,2,Nordeste,Pix,955.38
2435,2025-01-13,Beleza,220.42,1,Sul,Pix,220.42
3058,2025-01-13,Esporte e Lazer,97.62,2,Nordeste,Cartão de Crédito,195.24
2310,2025-01-14,Eletrônicos,1398.39,1,Sudeste,Cartão de Crédito,1398.39
1867,2025-01-14,Moda,84.61,4,Sudeste,Cartão de Crédito,338.44
3213,2025-01-14,Livros,41.26,2,Nordeste,Cartão de Crédito,82.52
1863,2025-01-14,Eletrônicos,1199.68,4,Nordeste,Cartão de Crédito,4798.72
4127,2025-01-14,Casa e Decoração,126.13,4,Nordeste,Cartão de Crédito,504.52
2915,2025-01-14,Livros,85.1,4,Sul,Cartão de Crédito,340.4
1989,2025-01-14,Esporte e Lazer,58.18,3,Centro-Oeste,Cartão de Crédito,174.54
3505,2025-01-14,Moda,178.87,1,Nordeste,Pix,178.87
2440,2025-01-15,Casa e Decoração,478.67,2,Sul,Cartão de Crédito,957.34
1968,2025-01-15,Casa e Decoração,244.8,2,Sudeste,Cartão de Crédito,489.6
1350,2025-01-15,Livros,49.47,3,Nordeste,Cartão de Crédito,148.41
2769,2025-01-15,Livros,37.5,1,Nordeste,Cartão de Crédito,37.5
629,2025-01-15,Casa e Decoração,134.0,1,Sudeste,Pix,134.0
1740,2025-01-15,Beleza,26.15,2,Norte,Pix,52.3
1798,2025-01-15,Beleza,187.39,4,Sul,Cartão de Crédito,749.56
1025,2025-01-15,Casa e Decoração,353.62,3,Sudeste,Cartão de Crédito,1060.86
4214,2025-01-16,Casa e Decoração,623.94,2,Sudeste,Pix,1247.88
415,2025-01-16,Esporte e Lazer,366.6,1,Centro-Oeste,Pix,366.6
3253,2025-01-16,Moda,141.93,1,Norte,Cartão de Crédito,141.93
2741,2025-01-16,Esporte e Lazer,143.45,2,Nordeste,Pix,286.9
4940,2025-01-16,Beleza,189.27,1,Sudeste,Cartão de Crédito,189.27
2546,2025-01-16,Moda,293.03,2,Sul,Cartão de Crédito,586.06
1429,2025-01-17,Esporte e Lazer,313.11,1,Nordeste,Pix,313.11
4614,2025-01-17,Livros,76.63,3,Sudeste,Cartão de Crédito,229.89
4236,2025-01-17,Livros,41.43,1,Nordeste,Pix,41.43
4846,2025-01-18,Esporte e Lazer,184.89,2,Sul,Pix,369.78
3161,2025-01-18,Casa e Decoração,137.96,1,Nordeste,Pix,137.96
3847,2025-01-18,Casa e Decoração,46.14,3,Nordeste,Cartão de Crédito,138.42
2427,2025-01-18,Moda,107.11,1,Sudeste,Pix,107.11
4829,2025-01-19,Casa e Decoração,149.4,2,Sudeste,Pix,298.8
1090,2025-01-19,Moda,112.71,4,Sul,Cartão de Crédito,450.84
2566,2025-01-19,Esporte e Lazer,263.35,1,Nordeste,Cartão de Crédito,263.35
1763,2025-01-19,Beleza,110.11,4,Centro-Oeste,Pix,440.44
2997,2025-01-19,Esporte e Lazer,561.89,4,Sudeste,Cartão de Crédito,2247.56
780,2025-01-19,Casa e Decoração,473.37,1,Nordeste,Cartão de Crédito,473.37
252,2025-01-20,Casa e Decoração,315.26,2,Centro-Oeste,Cartão de Crédito,630.52
1824,2025-01-20,Beleza,150.43,3,Sudeste,Cartão de Débito,451.29
3672,2025-01-20,Esporte e Lazer,200.75,3,Nordeste,Pix,602.25
2944,2025-01-20,Esporte e Lazer,74.47,4,Sudeste,Boleto,297.88
2175,2025-01-20,Livros,73.95,4,Sudeste,Cartão de Débito,295.8
1679,2025-01-20,Casa e Decoração,530.24,1,Sul,Cartão de Crédito,530.24
1230,2025-01-20,Beleza,44.42,2,Sudeste,Cartão de Crédito,88.84
1732,2025-01-20,Esporte e Lazer,137.32,4,Sudeste,Cartão de Crédito,549.28
1312,2025-01-20,Beleza,67.59,4,Norte,Boleto,270.36
3979,2025-01-21,Livros,60.21,2,Nordeste,Cartão de Crédito,120.42
4211,2025-01-21,Moda,102.56,1,Sul,Pix,102.56
258,2025-01-21,Eletrônicos,243.28,3,Sul,Cartão de Crédito,729.84
988,2025-01-21,Eletrônicos,348.3,2,Sudeste,Cartão de Crédito,696.6
73,2025-01-21,Beleza,57.2,1,Sul,Boleto,57.2
855,2025-01-21,Livros,38.71,2,Nordeste,Cartão de Crédito,77.42
4202,2025-01-22,Esporte e Lazer,87.21,3,Sudeste,Cartão de Crédito,261.63
1770,2025-01-22,Eletrônicos,2780.88,1,Sudeste,Cartão de Crédito,2780.88
1865,2025-01-22,Livros,54.42,2,Norte,Cartão de Crédito,108.84
676,2025-01-23,Beleza,79.9,2,Nordeste,Pix,159.8
1249,2025-01-23,Livros,23.15,4,Centro-Oeste,Cartão de Crédito,92.6
3035,2025-01-24,Moda,267.49,2,Nordeste,Pix,534.98
857,2025-01-24,Livros,32.52,4,Sul,Cartão de Crédito,130.08
4067,2025-01-24,Moda,172.29,4,Sul,Cartão de Débito,689.16
3605,2025-01-24,Moda,200.86,1,Sudeste,Pix,200.86
1336,2025-01-24,Beleza,196.89,1,Sudeste,Cartão de Crédito,196.89
2138,2025-01-25,Casa e Decoração,62.59,1,Sudeste,Pix,62.59
2500,2025-01-25,Esporte e Lazer,104.93,1,Sul,Cartão de Crédito,104.93
3727,2025-01-25,Casa e Decoração,459.63,1,Sudeste,Cartão de Crédito,459.63
2688,2025-01-25,Moda,73.82,1,Sul,Pix,73.82
4628,2025-01-25,Casa e Decoração,49.04,4,Sul,Cartão de Crédito,196.16
2677,2025-01-26,Casa e Decoração,346.8,1,Norte,Pix,346.8
1093,2025-01-26,Moda,246.54,4,Sul,Pix,986.16
4618,2025-01-26,Eletrônicos,767.8,1,Centro-Oeste,Pix,767.8
3316,2025-01-26,Casa e Decoração,486.11,4,Centro-Oeste,Cartão de Crédito,1944.44
2687,2025-01-26,Beleza,163.43,4,Sudeste,Cartão de Crédito,653.72
3367,2025-01-26,Casa e Decoração,283.59,1,Centro-Oeste,Cartão de Crédito,283.59
969,2025-01-27,Esporte e Lazer,50.11,1,Sul,Pix,50.11
2450,2025-01-27,Livros,70.72,1,Sudeste,Cartão de Crédito,70.72
1975,2025-01-27,Livros,68.34,3,Centro-Oeste,Cartão de Crédito,205.02
327,2025-01-27,Esporte e Lazer,351.67,3,Sudeste,Cartão de Crédito,1055.01
4012,2025-01-27,Livros,61.56,3,Nordeste,Cartão de Débito,184.68
4538,2025-01-27,Moda,241.16,1,Nordeste,Cartão de Crédito,241.16
3725,2025-01-27,Moda,84.46,3,Sul,Cartão de Crédito,253.38
1995,2025-01-28,Casa e Decoração,111.4,1,Sul,Cartão de Crédito,111.4
3431,2025-01-28,Eletrônicos,361.33,3,Sudeste,Cartão de Débito,1083.99
1775,2025-01-28,Casa e Decoração,126.3,4,Sudeste,Pix,505.2
1891,2025-01-29,Beleza,28.18,3,Sul,Cartão de Débito,84.54
763,2025-01-29,Esporte e Lazer,249.86,2,Nordeste,Cartão de Crédito,499.72
2305,2025-01-29,Moda,226.24,1,Centro-Oeste,Pix,226.24
736,2025-01-29,Casa e Decoração,489.21,3,Nordeste,Cartão de Crédito,1467.63
1977,2025-01-29,Moda,97.68,1,Sudeste,Cartão de Crédito,97.68
2531,2025-01-29,Esporte e Lazer,115.63,2,Sudeste,Pix,231.26
2171,2025-01-29,Livros,66.02,2,Nordeste,Pix,132.04
1891,2025-01-29,Beleza,28.18,3,Sul,Cartão de Débito,84.54
214,2025-01-30,Esporte e Lazer,68.23,1,Norte,Pix,68.23
360,2025-01-30,Livros,33.64,1,Sudeste,Pix,33.64
2613,2025-01-30,Beleza,116.25,2,Nordeste,Cartão de Crédito,232.5
1121,2025-01-30,Eletrônicos,686.02,1,Sudeste,Cartão de Crédito,686.02
3423,2025-01-31,Casa e Decoração,50.55,1,Nordeste,Cartão de Crédito,50.55
2378,2025-01-31,Esporte e Lazer,83.19,1,Sul,Cartão de Crédito,83.19
4290,2025-01-31,Beleza,22.98,1,Sudeste,Cartão de Crédito,22.98
880,2025-01-31,Eletrônicos,665.19,3,Centro-Oeste,Pix,1995.57
4343,2025-01-31,Moda,101.98,1,Sul,Cartão de Crédito,101.98
3781,2025-01-31,Eletrônicos,2552.14,3,Nordeste,Cartão de Crédito,7656.42
1937,2025-01-31,Esporte e Lazer,484.2,2,Norte,Cartão de Crédito,968.4
1832,2025-01-31,Livros,34.77,2,Sudeste,Pix,69.54
1512,2025-01-31,Moda,227.21,1,Norte,Cartão de Crédito,227.21
1106,2025-02-01,Esporte e Lazer,71.89,2,Sudeste,Cartão de Crédito,143.78
413,2025-02-01,Eletrônicos,828.39,3,Sudeste,Pix,2485.17
3822,2025-02-01,Eletrônicos,2630.97,3,Nordeste,Cartão de Crédito,7892.91
1053,2025-02-01,Moda,98.41,1,Sudeste,Boleto,98.41
1128,2025-02-02,Livros,39.64,1,Sul,Cartão de Crédito,39.64
2958,2025-02-02,Esporte e Lazer,43.68,4,Sul,Cartão de Crédito,174.72
3871,2025-02-02,Livros,59.42,1,Sul,Boleto,59.42
2365,2025-02-02,Esporte e Lazer,166.72,2,Sudeste,Boleto,333.44
545,2025-02-02,Moda,143.98,1,Sudeste,Cartão de Crédito,143.98
1746,2025-02-02,Livros,42.83,1,Nordeste,Cartão de Crédito,42.83
2324,2025-02-02,Moda,106.99,1,Sudeste,Cartão de Crédito,106.99
802,2025-02-03,Beleza,133.52,1,Sul,Cartão de Crédito,133.52
3552,2025-02-03,Moda,58.88,1,Sudeste,Cartão de Crédito,58.88
2081,2025-02-03,Moda,269.0,2,Nordeste,Pix,538.0
245,2025-02-03,Eletrônicos,919.58,2,Sudeste,Cartão de Crédito,1839.16
2864,2025-02-03,Livros,41.93,4,Sul,Cartão de Crédito,167.72
1399,2025-02-04,Esporte e Lazer,82.67,3,Nordeste,Pix,248.01
2197,2025-02-04,Beleza,40.33,1,Sul,Cartão de Crédito,40.33
1162,2025-02-04,Casa e Decoração,98.68,2,Sudeste,Cartão de Crédito,197.36
4320,2025-02-04,Moda,276.54,2,Centro-Oeste,Pix,553.08
3485,2025-02-04,Beleza,172.14,1,Nordeste,Cartão de Débito,172.14
99,2025-02-04,Beleza,17.15,4,Nordeste,Cartão de Crédito,68.6
633,2025-02-04,Moda,66.29,1,Sul,Cartão de Débito,66.29
2813,2025-02-04,Livros,86.46,1,Sul,Pix,86.46
2496,2025-02-04,Casa e Decoração,450.34,2,Centro-Oeste,Cartão de Crédito,900.68
170,2025-02-04,Moda,314.69,1,Nordeste,Pix,314.69
3678,2025-02-04,Esporte e Lazer,66.28,4,Sudeste,Boleto,265.12
2338,2025-02-05,Beleza,46.44,1,Nordeste,Pix,46.44
2892,2025-02-05,Livros,52.22,3,Sul,Boleto,156.66
4656,2025-02-05,Esporte e Lazer,90.48,4,Sudeste,Cartão de Crédito,361.92
2565,2025-02-05,Beleza,83.52,1,Nordeste,Cartão de Crédito,83.52
368,2025-02-05,Beleza,94.18,2,Sudeste,Cartão de Crédito,188.36
3888,2025-02-06,Livros,67.85,1,Sudeste,Cartão de Crédito,67.85
2635,2025-02-06,Eletrônicos,195.02,3,Sudeste,Pix,585.06
2691,2025-02-06,Livros,33.87,2,Sudeste,Cartão de Crédito,67.74
3121,2025-02-06,Esporte e Lazer,205.55,4,Centro-Oeste,Cartão de Crédito,822.2
2489,2025-02-07,Moda,60.66,2,Nordeste,Cartão de Crédito,121.32
3940,2025-02-07,Beleza,53.05,2,Sudeste,Cartão de Crédito,106.1
797,2025-02-07,Casa e Decoração,106.74,1,Sudeste,Cartão de Crédito,106.74
3334,2025-02-08,Livros,107.19,1,Centro-Oeste,Boleto,107.19
2972,2025-02-08,Esporte e Lazer,204.98,1,Nordeste,Cartão de Crédito,204.98
4841,2025-02-08,Moda,124.22,2,Nordeste,Pix,248.44
3959,2025-02-08,Casa e Decoração,310.14,3,Sudeste,Pix,930.42
1780,2025-02-08,Esporte e Lazer,165.16,1,Sudeste,Pix,165.16
1135,2025-02-08,Livros,48.18,4,Sudeste,Pix,192.72
4110,2025-02-08,Beleza,33.71,3,Sudeste,Cartão de Crédito,101.13
4757,2025-02-09,Beleza,66.73,4,Nordeste,Cartão de Crédito,266.92
3828,2025-02-09,Esporte e Lazer,271.81,1,Centro-Oeste,Boleto,271.81
4546,2025-02-09,Moda,70.2,2,Sudeste,Pix,140.4
2987,2025-02-09,Moda,78.6,2,Nordeste,Boleto,157.2
3835,2025-02-09,Esporte e Lazer,68.79,2,Sudeste,Cartão de Crédito,137.58
2040,2025-02-09,Beleza,93.75,1,Sul,Cartão de Crédito,93.75
834,2025-02-10,Eletrônicos,1469.01,3,Sudeste,Cartão de Crédito,4407.03
2258,2025-02-10,Beleza,84.6,2,Sudeste,Cartão de Crédito,169.2
1186,2025-02-10,Livros,32.28,1,Sul,Cartão de Crédito,32.28
2188,2025-02-10,Livros,43.55,3,Sudeste,Pix,130.65
211,2025-02-10,Esporte e Lazer,134.65,2,Sudeste,Pix,269.3
3339,2025-02-10,Moda,374.36,2,Centro-Oeste,Pix,748.72
1873,2025-02-10,Casa e Decoração,44.24,1,Sudeste,Pix,44.24
3153,2025-02-10,Casa e Decoração,47.17,2,Sudeste,Pix,94.34
922,2025-02-11,Beleza,115.17,1,Sudeste,Boleto,115.17
2317,2025-02-11,Livros,82.51,1,Nordeste,Cartão de Crédito,82.51
1896,2025-02-11,Eletrônicos,1726.29,1,Nordeste,Cartão de Crédito,1726.29
529,2025-02-11,Beleza,95.9,1,Sudeste,Cartão de Crédito,95.9
2851,2025-02-11,Esporte e Lazer,123.26,1,Centro-Oeste,Cartão de Crédito,123.26
4378,2025-02-11,Beleza,74.03,2,Centro-Oeste,Cartão de Crédito,148.06
3393,2025-02-12,Esporte e Lazer,133.91,1,Norte,Cartão de Débito,133.91
3462,2025-02-13,Moda,158.28,1,Sudeste,Pix,158.28
4052,2025-02-13,Beleza,113.07,1,Nordeste,Pix,113.07
1790,2025-02-13,Moda,323.73,2,Sudeste,Boleto,647.46
2914,2025-02-14,Livros,39.51,1,Sudeste,Boleto,39.51
3502,2025-02-14,Eletrônicos,1009.59,1,Norte,Pix,1009.59
103,2025-02-14,Beleza,33.34,1,Nordeste,Cartão de Crédito,33.34
424,2025-02-15,Livros,39.44,4,Nordeste,Cartão de Débito,157.76
1916,2025-02-15,Eletrônicos,1296.94,3,Sul,Pix,3890.82
3800,2025-02-15,Casa e Decoração,71.65,2,Sul,Cartão de Crédito,143.3
1402,2025-02-16,Beleza,53.98,1,Sudeste,Cartão de Crédito,53.98
4467,2025-02-16,Moda,218.9,1,Norte,Pix,218.9
4276,2025-02-17,Esporte e Lazer,207.31,2,Nordeste,Cartão de Crédito,414.62
1787,2025-02-17,Casa e Decoração,540.72,4,Sudeste,Cartão de Crédito,2162.88
4081,2025-02-17,Eletrônicos,1675.05,1,Sul,Pix,1675.05
3349,2025-02-17,Moda,94.2,3,Sul,,282.6
4507,2025-02-17,Moda,48.33,3,Nordeste,Cartão de Crédito,144.99
1998,2025-02-17,Livros,69.51,2,Nordeste,Cartão de Crédito,139.02
3861,2025-02-17,Moda,46.05,2,Sul,Pix,92.1
2190,2025-02-18,Moda,295.54,4,Sudeste,Pix,1182.16
981,2025-02-18,Esporte e Lazer,92.96,2,Sudeste,Boleto,185.92
1400,2025-02-18,Esporte e Lazer,117.01,1,Sul,Cartão de Crédito,117.01
4411,2025-02-19,Eletrônicos,877.22,1,Nordeste,Cartão de Crédito,877.22
4199,2025-02-19,Livros,35.36,1,Nordeste,Pix,35.36
2799,2025-02-19,Livros,43.93,2,Sul,Cartão de Crédito,87.86
3336,2025-02-19,Esporte e Lazer,234.67,1,Nordeste,Cartão de Crédito,234.67
4899,2025-02-19,Casa e Decoração,324.5,3,Norte,Cartão de Crédito,973.5
1845,2025-02-20,Casa e Decoração,58.44,1,Norte,Pix,58.44
4997,2025-02-20,Casa e Decoração,54.62,1,Sudeste,Boleto,54.62
4431,2025-02-20,Moda,226.5,2,Sudeste,Pix,453.0
4929,2025-02-20,Esporte e Lazer,428.22,2,Sudeste,Cartão de Crédito,856.44
4548,2025-02-21,Casa e Decoração,284.33,2,Nordeste,Pix,568.66
183,2025-02-21,Moda,151.68,3,Centro-Oeste,Cartão de Crédito,455.04
2309,2025-02-21,Livros,42.22,1,Sudeste,Cartão de Crédito,42.22
3313,2025-02-21,Casa e Decoração,101.63,4,Nordeste,Cartão de Crédito,406.52
3039,2025-02-21,Livros,22.75,4,Norte,Cartão de Crédito,91.0
4572,2025-02-22,Livros,27.19,1,Nordeste,Cartão de Crédito,27.19
1264,2025-02-22,Moda,141.86,2,Sudeste,Boleto,283.72
2702,2025-02-22,Beleza,205.35,1,Sudeste,Cartão de Crédito,205.35
213,2025-02-22,Moda,51.78,4,Norte,Cartão de Crédito,207.12
3754,2025-02-22,Moda,95.08,3,Nordeste,Cartão de Crédito,285.24
3139,2025-02-22,Moda,255.62,2,Sul,Cartão de Crédito,511.24
4155,2025-02-22,Beleza,53.15,3,Norte,Cartão de Crédito,159.45
1589,2025-02-23,Beleza,97.67,4,Sul,Cartão de Crédito,390.68
2748,2025-02-23,Esporte e Lazer,50.06,2,Sudeste,Pix,100.12
3844,2025-02-23,Eletrônicos,723.01,2,Sul,Cartão de Crédito,1446.02
1910,2025-02-23,Moda,160.85,1,Sudeste,Cartão de Crédito,160.85
882,2025-02-23,Moda,66.85,1,Sul,Cartão de Crédito,66.85
1701,2025-02-23,Livros,38.44,2,Centro-Oeste,Cartão de Débito,76.88
4107,2025-02-23,Moda,107.93,1,Nordeste,Cartão de Crédito,107.93
3458,2025-02-23,Moda,127.82,2,Sul,Pix,255.64
1643,2025-02-23,Moda,65.51,1,Sudeste,Cartão de Débito,65.51
4009,2025-02-24,Beleza,154.68,1,Norte,Pix,154.68
908,2025-02-24,Casa e Decoração,216.77,1,Sudeste,Cartão de Crédito,216.77
355,2025-02-24,Beleza,37.59,2,Sudeste,Pix,75.18
1838,2025-02-25,Esporte e Lazer,86.7,1,Nordeste,Pix,86.7
2979,2025-02-25,Livros,67.33,4,Sudeste,Cartão de Crédito,269.32
1331,2025-02-25,Esporte e Lazer,359.28,1,Sudeste,Cartão de Crédito,359.28
4229,2025-02-25,Livros,33.91,1,Norte,Cartão de Crédito,33.91
3566,2025-02-25,Esporte e Lazer,33.62,4,Sul,Pix,134.48
2087,2025-02-25,Beleza,63.31,1,Nordeste,Boleto,63.31
2686,2025-02-25,Esporte e Lazer,168.48,2,Sudeste,Pix,336.96
3041,2025-02-26,Eletrônicos,282.77,1,Sudeste,Cartão de Débito,282.77
4383,2025-02-26,Eletrônicos,216.22,2,Sul,Pix,432.44
3468,2025-02-27,Beleza,105.31,1,Nordeste,Cartão de Crédito,105.31
4848,2025-02-27,Eletrônicos,1518.77,1,Sudeste,Pix,1518.77
3388,2025-02-27,Casa e Decoração,308.06,3,Sul,Cartão de Crédito,924.18
1304,2025-02-27,Eletrônicos,1626.46,2,Sudeste,Pix,3252.92
2249,2025-02-27,Livros,63.17,1,Sudeste,Cartão de Débito,63.17
137,2025-02-28,Esporte e Lazer,160.07,1,Nordeste,Cartão de Crédito,160.07
3298,2025-02-28,Casa e Decoração,179.9,2,Sudeste,Cartão de Crédito,359.8
463,2025-02-28,Casa e Decoração,231.14,4,Sudeste,Cartão de Débito,924.56
1878,2025-02-28,Eletrônicos,1583.51,3,Sul,Cartão de Débito,4750.53
671,2025-02-28,Beleza,216.61,1,Sudeste,Pix,216.61
2517,2025-03-01,Moda,81.59,1,Sul,Pix,81.59
1319,2025-03-01,Esporte e Lazer,351.93,4,Centro-Oeste,Cartão de Débito,1407.72
111,2025-03-01,Beleza,65.53,1,Centro-Oeste,Pix,65.53
147,2025-03-01,Eletrônicos,1256.73,2,Sudeste,Cartão de Crédito,2513.46
1194,2025-03-01,Eletrônicos,1165.73,2,Sudeste,Pix,2331.46
1431,2025-03-02,Eletrônicos,543.31,2,Sudeste,Pix,1086.62
1480,2025-03-02,Esporte e Lazer,251.82,1,Centro-Oeste,Boleto,251.82
4861,2025-03-02,Beleza,240.06,2,Sudeste,Pix,480.12
4445,2025-03-02,Livros,67.57,2,Sul,Pix,135.14
3414,2025-03-02,Casa e Decoração,100.13,2,Sul,Cartão de Crédito,200.26
1617,2025-03-02,Eletrônicos,1574.7,3,Norte,Cartão de Crédito,4724.1
4608,2025-03-03,Eletrônicos,316.34,3,Nordeste,Cartão de Crédito,949.02
1929,2025-03-03,Eletrônicos,249.89,1,Sudeste,Cartão de Crédito,249.89
3613,2025-03-03,Esporte e Lazer,41.13,2,Sudeste,Cartão de Crédito,82.26
2315,2025-03-03,Livros,48.48,1,Sul,Cartão de Crédito,48.48
3695,2025-03-03,Casa e Decoração,252.99,1,Sudeste,Cartão de Crédito,252.99
670,2025-03-04,Moda,63.92,4,Nordeste,Pix,255.68
349,2025-03-04,Eletrônicos,2154.44,3,Nordeste,Pix,6463.32
3718,2025-03-04,Beleza,246.75,1,Sul,Boleto,246.75
221,2025-03-04,Moda,133.5,4,Sudeste,Pix,534.0
702,2025-03-05,Eletrônicos,2137.08,1,Sudeste,Cartão de Crédito,2137.08
1962,2025-03-05,Moda,51.8,1,Sudeste,Cartão de Crédito,51.8
3610,2025-03-05,Esporte e Lazer,65.12,2,Sudeste,Cartão de Crédito,130.24
4900,2025-03-06,Esporte e Lazer,223.56,3,Nordeste,Pix,670.68
4297,2025-03-06,Eletrônicos,2044.71,1,Nordeste,Cartão de Crédito,2044.71
2103,2025-03-06,Livros,69.12,4,Sudeste,Cartão de Crédito,276.48
4791,2025-03-06,Moda,269.08,2,Nordeste,Cartão de Crédito,538.16
2672,2025-03-06,Casa e Decoração,324.56,1,Nordeste,Boleto,324.56
2856,2025-03-07,Esporte e Lazer,355.62,1,Nordeste,Pix,355.62
4023,2025-03-07,Beleza,83.14,3,Nordeste,Cartão de Crédito,249.42
2177,2025-03-07,Livros,40.56,1,Nordeste,Cartão de Crédito,40.56
1240,2025-03-07,Livros,40.99,4,Nordeste,Cartão de Crédito,163.96
2207,2025-03-07,Livros,37.75,1,Norte,Cartão de Débito,37.75
2104,2025-03-07,Esporte e Lazer,39.01,1,Sudeste,Pix,39.01
3980,2025-03-09,Eletrônicos,2543.47,1,Sudeste,Pix,2543.47
4259,2025-03-09,Esporte e Lazer,330.93,2,Sul,Cartão de Crédito,661.86
3849,2025-03-10,Livros,25.88,2,Sudeste,Pix,51.76
4531,2025-03-10,Moda,124.01,1,Norte,Pix,124.01
2029,2025-03-10,Beleza,24.91,4,Sul,Cartão de Crédito,99.64
542,2025-03-10,Livros,49.43,1,Sul,Cartão de Crédito,49.43
1813,2025-03-10,Casa e Decoração,353.56,3,Nordeste,Cartão de Débito,1060.68
2220,2025-03-10,Beleza,48.52,3,Nordeste,Cartão de Crédito,145.56
3976,2025-03-10,Beleza,154.02,1,Sul,Pix,154.02
4754,2025-03-10,Beleza,80.99,3,Sudeste,Cartão de Crédito,242.97
2947,2025-03-10,Esporte e Lazer,223.25,2,Nordeste,Cartão de Crédito,446.5
4743,2025-03-10,Esporte e Lazer,30.72,4,Sul,Cartão de Crédito,122.88
1209,2025-03-11,Livros,72.72,4,Sudeste,Pix,290.88
3855,2025-03-11,Casa e Decoração,240.36,1,Sudeste,Pix,240.36
2649,2025-03-11,Esporte e Lazer,353.39,3,Sudeste,Pix,1060.17
2127,2025-03-11,Moda,228.07,4,Sul,Pix,912.28
405,2025-03-11,Casa e Decoração,869.4,1,Nordeste,Cartão de Crédito,869.4
4794,2025-03-11,Casa e Decoração,658.59,2,Norte,Pix,1317.18
4345,2025-03-11,Casa e Decoração,557.04,2,Sudeste,Cartão de Crédito,1114.08
4476,2025-03-12,Moda,124.29,3,Norte,Cartão de Crédito,372.87
1456,2025-03-12,Moda,139.18,3,Sudeste,Cartão de Crédito,417.54
2513,2025-03-12,Eletrônicos,1124.0,2,Sudeste,Pix,2248.0
3220,2025-03-12,Moda,61.74,2,Nordeste,Cartão de Crédito,123.48
3599,2025-03-12,Eletrônicos,1770.62,1,Sul,Pix,1770.62
3479,2025-03-12,Moda,68.98,1,Nordeste,Cartão de Crédito,68.98
4513,2025-03-13,Moda,79.7,1,Nordeste,Cartão de Crédito,79.7
597,2025-03-13,Livros,104.23,2,Sudeste,Boleto,208.46
3395,2025-03-13,Casa e Decoração,362.92,3,Nordeste,Cartão de Débito,1088.76
3404,2025-03-13,Eletrônicos,1612.06,2,Sudeste,Pix,3224.12
2079,2025-03-13,Beleza,56.85,1,Sudeste,Pix,56.85
1529,2025-03-14,Beleza,175.41,1,Sudeste,Cartão de Crédito,175.41
4430,2025-03-14,Moda,43.97,4,Sudeste,Cartão de Crédito,175.88
1132,2025-03-15,Casa e Decoração,261.71,2,Centro-Oeste,Pix,523.42
2263,2025-03-15,Esporte e Lazer,216.66,2,Sul,Cartão de Crédito,433.32
3814,2025-03-15,Moda,51.2,4,Sul,Cartão de Crédito,204.8
3887,2025-03-15,Eletrônicos,2085.62,1,Sudeste,Cartão de Crédito,2085.62
2229,2025-03-15,Esporte e Lazer,30.91,1,Nordeste,Cartão de Crédito,30.91
1306,2025-03-16,Moda,278.07,2,Sul,Cartão de Crédito,556.14
294,2025-03-16,Livros,52.08,3,Sudeste,Boleto,156.24
1581,2025-03-16,Moda,129.87,1,Nordeste,Pix,129.87
319,2025-03-16,Casa e Decoração,254.44,2,Nordeste,Pix,508.88
2618,2025-03-16,Esporte e Lazer,333.56,1,Sul,Cartão de Crédito,333.56
2484,2025-03-16,Esporte e Lazer,428.18,4,Sudeste,Cartão de Crédito,1712.72
1322,2025-03-16,Esporte e Lazer,236.23,2,Sudeste,Cartão de Crédito,472.46
3982,2025-03-17,Esporte e Lazer,59.14,1,Sudeste,Boleto,59.14
3160,2025-03-17,Casa e Decoração,359.85,1,Nordeste,Cartão de Crédito,359.85
332,2025-03-17,Eletrônicos,1502.31,4,Sudeste,Pix,6009.24
114,2025-03-17,Casa e Decoração,240.68,2,Sudeste,Cartão de Débito,481.36
1596,2025-03-17,Esporte e Lazer,53.25,1,Sudeste,Cartão de Crédito,53.25
3629,2025-03-17,Beleza,41.87,2,Sul,Pix,83.74
2003,2025-03-18,Livros,36.92,2,Sudeste,Pix,73.84
454,2025-03-18,Moda,320.46,4,Sudeste,Cartão de Crédito,1281.84
24,2025-03-18,Casa e Decoração,166.45,2,Sudeste,Cartão de Débito,332.9
1524,2025-03-18,Beleza,39.02,1,Norte,Pix,39.02
3403,2025-03-18,Livros,80.75,3,Sudeste,Cartão de Crédito,242.25
449,2025-03-18,Livros,51.14,1,Centro-Oeste,Cartão de Crédito,51.14
2432,2025-03-19,Moda,237.58,3,Sudeste,Cartão de Débito,712.74
1730,2025-03-19,Moda,62.96,4,Sudeste,Cartão de Crédito,251.84
1105,2025-03-20,Beleza,139.27,4,Sudeste,Cartão de Crédito,557.08
2950,2025-03-20,Beleza,137.58,2,Sudeste,Cartão de Crédito,275.16
2410,2025-03-20,Moda,178.65,4,Nordeste,Pix,714.6
578,2025-03-20,Beleza,78.03,4,Centro-Oeste,Cartão de Crédito,312.12
2885,2025-03-20,Esporte e Lazer,46.33,3,Nordeste,Pix,138.99
3743,2025-03-20,Moda,190.87,2,Sudeste,Pix,381.74
684,2025-03-20,Livros,75.81,4,Nordeste,Cartão de Crédito,303.24
76,2025-03-21,Esporte e Lazer,369.32,1,Sudeste,Pix,369.32
3915,2025-03-21,Esporte e Lazer,87.79,2,Sul,Cartão de Crédito,175.58
2483,2025-03-21,Esporte e Lazer,84.61,1,Nordeste,Boleto,84.61
2592,2025-03-21,Beleza,73.71,4,Centro-Oeste,Cartão de Crédito,294.84
3876,2025-03-22,Moda,266.63,1,Sul,Cartão de Crédito,266.63
2287,2025-03-22,Esporte e Lazer,123.5,1,Sul,Cartão de Crédito,123.5
1981,2025-03-22,Beleza,20.15,3,Norte,Cartão de Crédito,60.45
3134,2025-03-22,Moda,247.56,1,Sudeste,Cartão de Crédito,247.56
2695,2025-03-23,Eletrônicos,982.16,3,Nordeste,Pix,2946.48
1061,2025-03-23,Casa e Decoração,183.1,1,Nordeste,Pix,183.1
3508,2025-03-23,Eletrônicos,1319.7,4,Sudeste,Pix,5278.8
3640,2025-03-24,Esporte e Lazer,55.93,4,Sudeste,Cartão de Crédito,223.72
2636,2025-03-24,Esporte e Lazer,90.55,2,Sudeste,Cartão de Crédito,181.1
3252,2025-03-24,Livros,24.44,2,Sudeste,Cartão de Crédito,48.88
1408,2025-03-24,Eletrônicos,649.71,2,Nordeste,Pix,1299.42
4629,2025-03-24,Beleza,85.9,2,Sul,Cartão de Crédito,171.8
4213,2025-03-24,Livros,61.71,1,Nordeste,Cartão de Crédito,61.71
4713,2025-03-25,Moda,117.17,3,Sul,Cartão de Crédito,351.51
3183,2025-03-25,Moda,115.42,1,Centro-Oeste,Boleto,115.42
3864,2025-03-25,Beleza,116.42,1,Sudeste,Cartão de Débito,116.42
4283,2025-03-25,Beleza,177.26,1,Nordeste,Cartão de Crédito,177.26
456,2025-03-25,Moda,120.23,1,Sudeste,Boleto,120.23
1886,2025-03-25,Casa e Decoração,607.06,2,Sudeste,Cartão de Crédito,1214.12
2871,2025-03-25,Casa e Decoração,205.58,3,Sudeste,Pix,616.74
468,2025-03-25,Moda,68.17,3,Nordeste,Cartão de Crédito,204.51
3595,2025-03-26,Moda,362.48,1,Sudeste,Cartão de Crédito,362.48
3378,2025-03-26,Moda,277.02,4,Sudeste,Pix,1108.08
3520,2025-03-26,Eletrônicos,1082.35,4,Nordeste,Cartão de Crédito,4329.4
4509,2025-03-27,Esporte e Lazer,119.55,1,Nordeste,Cartão de Crédito,119.55
1658,2025-03-27,Beleza,94.35,1,Sul,Cartão de Crédito,94.35
450,2025-03-27,Moda,65.45,1,Nordeste,Cartão de Crédito,65.45
4441,2025-03-27,Livros,27.17,1,Nordeste,Boleto,27.17
564,2025-03-28,Livros,56.4,3,Centro-Oeste,Boleto,169.2
986,2025-03-28,Casa e Decoração,193.53,3,Sul,Boleto,580.59
3638,2025-03-28,Livros,65.54,1,Nordeste,Pix,65.54
433,2025-03-28,Casa e Decoração,266.28,3,Sudeste,Cartão de Crédito,798.84
4815,2025-03-28,Beleza,42.26,2,Sul,,84.52
1085,2025-03-28,Casa e Decoração,288.31,4,Sudeste,Boleto,1153.24
1547,2025-03-29,Esporte e Lazer,170.61,4,Sudeste,Cartão de Crédito,682.44
4483,2025-03-29,Livros,42.63,2,Centro-Oeste,Pix,85.26
3600,2025-03-29,Eletrônicos,1833.88,2,Sudeste,Cartão de Crédito,3667.76
4086,2025-03-29,Casa e Decoração,269.71,1,Sudeste,Cartão de Crédito,269.71
4093,2025-03-29,Livros,80.48,4,Nordeste,Pix,321.92
2265,2025-03-29,Beleza,187.48,1,Nordeste,Cartão de Crédito,187.48
4362,2025-03-30,Moda,273.19,2,Sudeste,Cartão de Débito,546.38
793,2025-03-30,Esporte e Lazer,56.73,1,Centro-Oeste,Cartão de Crédito,56.73
469,2025-03-30,Beleza,164.38,1,Sul,Pix,164.38
2537,2025-03-30,Esporte e Lazer,283.71,4,Sudeste,Cartão de Débito,1134.84
657,2025-03-30,Esporte e Lazer,31.9,3,Centro-Oeste,Cartão de Crédito,95.7
1045,2025-03-30,Casa e Decoração,352.05,3,Sudeste,Cartão de Crédito,1056.15
1549,2025-03-30,Esporte e Lazer,45.59,1,Sul,Pix,45.59
2980,2025-03-30,Esporte e Lazer,90.64,2,Nordeste,Cartão de Crédito,181.28
3465,2025-03-30,Livros,88.51,1,Sudeste,Cartão de Crédito,88.51
186,2025-03-30,Moda,282.59,1,Norte,Cartão de Crédito,282.59
1469,2025-03-31,Esporte e Lazer,53.48,2,Norte,Cartão de Crédito,106.96
3260,2025-03-31,Livros,28.2,1,Nordeste,Pix,28.2
1743,2025-03-31,Moda,313.47,3,Nordeste,Cartão de Débito,940.41
4174,2025-03-31,Livros,59.56,4,Nordeste,Pix,238.24
756,2025-03-31,Casa e Decoração,257.53,2,Centro-Oeste,Cartão de Crédito,515.06
2034,2025-03-31,Esporte e Lazer,401.35,1,Sudeste,Cartão de Crédito,401.35
2928,2025-04-01,Livros,27.73,4,Norte,Pix,110.92
1033,2025-04-01,Eletrônicos,1887.35,4,Sul,Cartão de Crédito,7549.4
1407,2025-04-01,Eletrônicos,1988.92,1,Norte,Pix,1988.92
1952,2025-04-01,Esporte e Lazer,197.93,3,Nordeste,Cartão de Crédito,593.79
2642,2025-04-02,Casa e Decoração,321.32,2,Nordeste,Cartão de Débito,642.64
3287,2025-04-02,Livros,40.47,2,Nordeste,Pix,80.94
846,2025-04-03,Esporte e Lazer,310.26,2,Norte,Cartão de Débito,620.52
21,2025-04-03,Beleza,30.9,3,Centro-Oeste,Cartão de Crédito,92.7
774,2025-04-03,Moda,222.71,1,Sudeste,Cartão de Crédito,222.71
651,2025-04-03,Beleza,72.36,4,Sudeste,Cartão de Crédito,289.44
1040,2025-04-03,Livros,109.55,2,Nordeste,Cartão de Crédito,219.1
223,2025-04-03,Casa e Decoração,117.54,1,Sudeste,Pix,117.54
4564,2025-04-03,Livros,68.06,1,Nordeste,Pix,68.06
2578,2025-04-03,Casa e Decoração,228.85,2,Sudeste,Pix,457.7
2551,2025-04-04,Livros,49.65,4,Nordeste,Pix,198.6
1497,2025-04-04,Moda,119.48,2,Norte,Pix,238.96
3232,2025-04-04,Moda,59.29,2,Sudeste,Cartão de Crédito,118.58
4702,2025-04-04,Livros,30.68,1,Sudeste,Boleto,30.68
1866,2025-04-04,Moda,328.16,2,Sul,Pix,656.32
2174,2025-04-04,Eletrônicos,810.12,3,Sudeste,Cartão de Crédito,2430.36
1364,2025-04-04,Esporte e Lazer,52.6,4,Sudeste,Pix,210.4
3411,2025-04-05,Moda,158.8,2,Sudeste,Cartão de Crédito,317.6
1829,2025-04-05,Livros,31.65,1,Sudeste,Pix,31.65
1792,2025-04-05,Livros,46.55,1,Sudeste,Boleto,46.55
906,2025-04-05,Beleza,68.48,2,Sudeste,Cartão de Crédito,136.96
3770,2025-04-06,Beleza,27.22,2,Nordeste,Cartão de Crédito,54.44
4395,2025-04-06,Esporte e Lazer,358.07,3,Sul,Cartão de Crédito,1074.21
1071,2025-04-06,Moda,172.64,3,Centro-Oeste,Cartão de Débito,517.92
3007,2025-04-06,Esporte e Lazer,52.67,1,Nordeste,Cartão de Débito,52.67
2819,2025-04-07,Eletrônicos,486.61,1,Sul,Cartão de Crédito,486.61
2167,2025-04-07,Casa e Decoração,471.33,1,Nordeste,Cartão de Crédito,471.33
1108,2025-04-07,Casa e Decoração,489.31,4,Sudeste,Pix,1957.24
3060,2025-04-07,Livros,62.95,1,Centro-Oeste,Cartão de Débito,62.95
4444,2025-04-07,Esporte e Lazer,380.5,1,Nordeste,Pix,380.5
3902,2025-04-07,Eletrônicos,1156.42,3,Centro-Oeste,Cartão de Débito,3469.26
1295,2025-04-08,Casa e Decoração,410.31,4,Sul,Cartão de Crédito,1641.24
3602,2025-04-09,Eletrônicos,1073.77,2,Sudeste,Pix,2147.54
1022,2025-04-09,Livros,40.62,3,Sudeste,Cartão de Crédito,121.86
2705,2025-04-09,Esporte e Lazer,158.23,2,Sudeste,Pix,316.46
4304,2025-04-10,Esporte e Lazer,437.15,1,Nordeste,Pix,437.15
2460,2025-04-10,Eletrônicos,1958.33,3,Nordeste,Pix,5874.99
4574,2025-04-10,Moda,103.38,1,Sudeste,Cartão de Crédito,103.38
3337,2025-04-10,Livros,27.5,4,Sudeste,Cartão de Débito,110.0
4520,2025-04-10,Moda,88.7,1,Sul,Cartão de Crédito,88.7
232,2025-04-10,Esporte e Lazer,78.18,2,Nordeste,Cartão de Crédito,156.36
1224,2025-04-11,Beleza,43.48,2,Nordeste,Cartão de Crédito,86.96
4231,2025-04-11,Eletrônicos,1747.64,2,Sudeste,Cartão de Crédito,3495.28
4715,2025-04-11,Esporte e Lazer,191.08,1,Sudeste,Cartão de Crédito,191.08
989,2025-04-11,Beleza,23.51,2,Nordeste,Cartão de Crédito,47.02
3963,2025-04-11,Livros,54.2,2,Centro-Oeste,Pix,108.4
1612,2025-04-11,Esporte e Lazer,204.82,1,Sudeste,Cartão de Crédito,204.82
1816,2025-04-11,Moda,296.62,3,Sul,Boleto,889.86
4881,2025-04-12,Livros,25.85,1,Sudeste,Cartão de Débito,25.85
366,2025-04-12,Livros,92.2,1,Norte,Boleto,92.2
1822,2025-04-13,Eletrônicos,2760.07,1,Sudeste,Cartão de Crédito,2760.07
2862,2025-04-13,Moda,100.19,1,Sul,Boleto,100.19
3265,2025-04-13,Esporte e Lazer,184.67,2,Sudeste,Cartão de Crédito,369.34
1397,2025-04-13,Livros,92.08,1,Sudeste,Cartão de Débito,92.08
1114,2025-04-13,Moda,254.31,1,Norte,Cartão de Crédito,254.31
3420,2025-04-14,Casa e Decoração,82.84,1,Sudeste,Cartão de Débito,82.84
3620,2025-04-14,Moda,122.28,2,Sul,Cartão de Crédito,244.56
4969,2025-04-14,Casa e Decoração,207.41,2,Nordeste,Pix,414.82
2325,2025-04-15,Moda,145.23,2,Centro-Oeste,Cartão de Crédito,290.46
2433,2025-04-15,Esporte e Lazer,82.52,2,Nordeste,Cartão de Crédito,165.04
373,2025-04-15,Beleza,25.72,2,Sudeste,Cartão de Crédito,51.44
1318,2025-04-15,Casa e Decoração,743.54,3,Nordeste,Cartão de Crédito,2230.62
296,2025-04-15,Beleza,93.56,1,Nordeste,Cartão de Crédito,93.56
3761,2025-04-15,Esporte e Lazer,183.56,1,Sul,Cartão de Crédito,183.56
585,2025-04-15,Moda,233.38,1,Sudeste,Cartão de Crédito,233.38
1949,2025-04-16,Casa e Decoração,293.61,1,Nordeste,Cartão de Crédito,293.61
1519,2025-04-16,Eletrônicos,1425.51,4,Sudeste,Cartão de Crédito,5702.04
3272,2025-04-16,Livros,51.17,1,Sudeste,Cartão de Crédito,51.17
4309,2025-04-17,Moda,87.28,2,Nordeste,Cartão de Crédito,174.56
3373,2025-04-17,Esporte e Lazer,202.64,2,Sul,Pix,405.28
4911,2025-04-17,Livros,44.16,2,Sudeste,Pix,88.32
4698,2025-04-17,Eletrônicos,2743.02,2,Nordeste,Pix,5486.04
4698,2025-04-17,Eletrônicos,2743.02,2,Nordeste,Pix,5486.04
573,2025-04-17,Livros,38.33,4,Sudeste,Pix,153.32
1776,2025-04-18,Beleza,40.02,2,Nordeste,Pix,80.04
3901,2025-04-18,Beleza,43.26,1,Sudeste,Cartão de Crédito,43.26
4336,2025-04-18,Livros,28.6,3,Sul,Pix,85.8
2477,2025-04-18,Beleza,43.4,2,Sudeste,Cartão de Crédito,86.8
3362,2025-04-18,Esporte e Lazer,210.86,1,Norte,Pix,210.86
2465,2025-04-18,Esporte e Lazer,336.4,3,Sudeste,Cartão de Crédito,1009.2
1243,2025-04-19,Moda,368.68,4,Norte,Cartão de Crédito,1474.72
4250,2025-04-19,Moda,117.81,1,Centro-Oeste,Cartão de Crédito,117.81
1493,2025-04-19,Eletrônicos,615.56,2,Norte,Cartão de Crédito,1231.12
3649,2025-04-19,Livros,31.17,2,Norte,Cartão de Crédito,62.34
706,2025-04-20,Beleza,87.25,4,Norte,Pix,349.0
2205,2025-04-20,Moda,66.5,2,Nordeste,Cartão de Crédito,133.0
784,2025-04-20,Livros,35.38,1,Centro-Oeste,Pix,35.38
3836,2025-04-20,Esporte e Lazer,236.63,2,Nordeste,Pix,473.26
2693,2025-04-20,Casa e Decoração,651.61,3,Sul,Cartão de Débito,1954.83
1608,2025-04-20,Eletrônicos,785.03,2,Nordeste,Cartão de Crédito,1570.06
2936,2025-04-20,Beleza,54.74,2,Nordeste,Cartão de Crédito,109.48
1573,2025-04-20,Esporte e Lazer,87.7,3,Sudeste,Pix,263.1
3697,2025-04-20,Moda,104.0,4,Nordeste,Cartão de Crédito,416.0
4510,2025-04-20,Moda,163.04,1,Centro-Oeste,Cartão de Crédito,163.04
3742,2025-04-20,Casa e Decoração,474.51,2,Sudeste,Cartão de Crédito,949.02
2818,2025-04-21,Livros,54.64,2,Sudeste,Cartão de Crédito,109.28
1333,2025-04-21,Livros,36.8,3,Sudeste,Cartão de Crédito,110.4
4621,2025-04-21,Beleza,91.28,1,Sudeste,Pix,91.28
3862,2025-04-21,Livros,34.19,2,Nordeste,Cartão de Crédito,68.38
2364,2025-04-21,Eletrônicos,360.67,1,Nordeste,Cartão de Crédito,360.67
4662,2025-04-21,Livros,80.77,1,Sudeste,Cartão de Crédito,80.77
1568,2025-04-21,Livros,30.45,1,Sudeste,Cartão de Crédito,30.45
4524,2025-04-21,Casa e Decoração,650.39,2,Nordeste,Cartão de Crédito,1300.78
942,2025-04-21,Livros,39.53,3,Sudeste,Cartão de Crédito,118.59
3912,2025-04-22,Livros,38.8,2,Nordeste,Pix,77.6
3075,2025-04-22,Beleza,65.5,3,Centro-Oeste,Cartão de Débito,196.5
518,2025-04-22,Esporte e Lazer,31.0,2,Sul,Boleto,62.0
1228,2025-04-23,Moda,254.12,1,Sudeste,Cartão de Débito,254.12
2681,2025-04-24,Casa e Decoração,778.59,1,Nordeste,Cartão de Crédito,778.59
4892,2025-04-24,Esporte e Lazer,187.56,1,Sudeste,Pix,187.56
2572,2025-04-25,Beleza,102.62,1,Nordeste,Cartão de Crédito,102.62
3701,2025-04-25,Casa e Decoração,192.86,4,Nordeste,Cartão de Crédito,771.44
158,2025-04-25,Moda,67.9,1,Sudeste,Pix,67.9
3327,2025-04-25,Livros,34.36,2,Sudeste,Cartão de Crédito,68.72
548,2025-04-26,Eletrônicos,481.63,1,Sudeste,Pix,481.63
699,2025-04-26,Esporte e Lazer,67.67,2,Sudeste,Pix,135.34
2358,2025-04-26,Livros,55.49,1,Nordeste,Cartão de Crédito,55.49
4842,2025-04-26,Esporte e Lazer,401.88,1,Sul,Cartão de Crédito,401.88
614,2025-04-26,Moda,60.74,4,Sudeste,Cartão de Crédito,242.96
1990,2025-04-27,Livros,30.52,1,Sudeste,Pix,30.52
1692,2025-04-27,Beleza,50.51,4,Sudeste,Cartão de Crédito,202.04
3677,2025-04-27,Eletrônicos,993.82,2,Sudeste,Pix,1987.64
4436,2025-04-27,Beleza,46.04,4,Sul,Cartão de Crédito,184.16
2011,2025-04-27,Esporte e Lazer,296.05,1,Nordeste,Cartão de Crédito,296.05
3196,2025-04-27,Beleza,92.88,4,Sul,Pix,371.52
2955,2025-04-27,Eletrônicos,2275.97,2,Nordeste,Cartão de Crédito,4551.94
3684,2025-04-28,Livros,73.84,2,Centro-Oeste,Cartão de Crédito,147.68
3637,2025-04-28,Esporte e Lazer,438.97,1,Nordeste,Boleto,438.97
2975,2025-04-28,Beleza,18.05,1,Centro-Oeste,Cartão de Débito,18.05
3283,2025-04-29,Eletrônicos,434.36,4,Centro-Oeste,Cartão de Crédito,1737.44
1438,2025-04-29,Livros,58.04,2,Sudeste,Pix,116.08
3449,2025-04-29,Moda,47.2,4,Sul,Pix,188.8
4762,2025-04-29,Moda,84.98,2,Nordeste,Cartão de Débito,169.96
3042,2025-04-29,Moda,234.07,1,Nordeste,Pix,234.07
4610,2025-04-29,Livros,57.78,2,Norte,Cartão de Crédito,115.56
4115,2025-04-29,Moda,137.81,2,Nordeste,Pix,275.62
4398,2025-04-29,Moda,50.6,1,Sul,Boleto,50.6
3745,2025-04-29,Livros,25.54,2,Sul,Pix,51.08
1190,2025-04-30,Moda,295.75,1,Sudeste,Cartão de Crédito,295.75
839,2025-04-30,Moda,92.35,3,Nordeste,Cartão de Crédito,277.05
4983,2025-04-30,Livros,55.33,2,Sudeste,Cartão de Crédito,110.66
4703,2025-05-01,Beleza,148.63,4,Sudeste,Cartão de Débito,594.52
974,2025-05-02,Livros,40.97,2,Sudeste,Pix,81.94
3654,2025-05-02,Esporte e Lazer,177.34,1,Nordeste,Cartão de Crédito,177.34
3341,2025-05-02,Esporte e Lazer,219.24,2,Sudeste,Boleto,438.48
4114,2025-05-02,Moda,268.35,4,Nordeste,Cartão de Crédito,1073.4
1021,2025-05-02,Livros,67.53,2,Sul,Boleto,135.06
599,2025-05-02,Livros,87.74,2,Norte,Pix,175.48
3113,2025-05-03,Livros,48.94,1,Sul,Cartão de Crédito,48.94
962,2025-05-03,Eletrônicos,1489.8,1,Nordeste,Boleto,1489.8
3933,2025-05-03,Livros,64.6,4,Sudeste,Cartão de Crédito,258.4
2967,2025-05-03,Moda,146.86,1,Sudeste,Cartão de Crédito,146.86
1211,2025-05-03,Moda,233.15,2,Sul,Cartão de Crédito,466.3
4701,2025-05-04,Eletrônicos,755.23,1,Nordeste,Pix,755.23
994,2025-05-04,Livros,24.46,2,Sudeste,Boleto,48.92
4534,2025-05-04,Livros,36.07,3,Sudeste,Cartão de Crédito,108.21
2071,2025-05-04,Beleza,76.99,1,Sudeste,Pix,76.99
290,2025-05-04,Livros,77.75,1,Nordeste,Cartão de Crédito,77.75
1700,2025-05-04,Beleza,105.75,1,Sudeste,Cartão de Crédito,105.75
2092,2025-05-04,Livros,56.09,1,Sul,Pix,56.09
4257,2025-05-05,Beleza,40.04,2,Sudeste,Cartão de Débito,80.08
1942,2025-05-05,Casa e Decoração,325.04,3,Sul,Cartão de Crédito,975.12
541,2025-05-05,Livros,32.36,3,Sudeste,Pix,97.08
2329,2025-05-05,Eletrônicos,402.15,2,Sudeste,Boleto,804.3
627,2025-05-05,Casa e Decoração,571.91,2,Nordeste,Cartão de Crédito,1143.82
2697,2025-05-06,Beleza,175.92,2,Nordeste,Cartão de Débito,351.84
3198,2025-05-06,Livros,87.37,1,Sul,Cartão de Crédito,87.37
2178,2025-05-06,Esporte e Lazer,60.46,1,Sul,Cartão de Crédito,60.46
4039,2025-05-06,Beleza,154.89,4,Centro-Oeste,Pix,619.56
2709,2025-05-06,Moda,169.91,1,Nordeste,Pix,169.91
644,2025-05-07,Livros,26.35,1,Nordeste,Cartão de Débito,26.35
1882,2025-05-07,Eletrônicos,1542.18,2,Nordeste,Cartão de Crédito,3084.36
813,2025-05-07,Casa e Decoração,245.62,1,Centro-Oeste,Pix,245.62
1521,2025-05-07,Beleza,66.17,4,Centro-Oeste,Pix,264.68
2690,2025-05-07,Casa e Decoração,75.96,1,Nordeste,Cartão de Crédito,75.96
4742,2025-05-07,Moda,311.72,1,Sul,Cartão de Crédito,311.72
3529,2025-05-07,Moda,325.95,3,Sudeste,Cartão de Crédito,977.85
1206,2025-05-07,Livros,46.47,1,Sudeste,Cartão de Crédito,46.47
4723,2025-05-07,Esporte e Lazer,382.95,1,Sul,Cartão de Crédito,382.95
2025,2025-05-07,Casa e Decoração,418.83,1,Norte,Cartão de Crédito,418.83
234,2025-05-07,Casa e Decoração,198.7,1,Nordeste,Pix,198.7
404,2025-05-07,Esporte e Lazer,472.63,3,Sul,Pix,1417.89
2665,2025-05-07,Eletrônicos,1791.94,2,Sudeste,Cartão de Crédito,3583.88
2402,2025-05-08,Moda,173.54,1,Sul,Cartão de Crédito,173.54
3581,2025-05-08,Esporte e Lazer,167.86,1,Nordeste,Pix,167.86
1616,2025-05-08,Casa e Decoração,342.41,4,Sudeste,Cartão de Crédito,1369.64
1287,2025-05-08,Beleza,27.89,2,Sudeste,Cartão de Crédito,55.78
4212,2025-05-08,Beleza,153.51,3,Nordeste,Cartão de Crédito,460.53
4875,2025-05-08,Esporte e Lazer,150.41,2,Sudeste,Cartão de Crédito,300.82
652,2025-05-08,Casa e Decoração,427.32,1,Nordeste,Cartão de Crédito,427.32
3343,2025-05-08,Livros,80.62,1,Norte,Cartão de Crédito,80.62
2716,2025-05-08,Esporte e Lazer,321.46,3,Sul,Cartão de Crédito,964.38
3175,2025-05-08,Beleza,21.98,3,Nordeste,Pix,65.94
4137,2025-05-08,Livros,89.01,4,Nordeste,Cartão de Crédito,356.04
910,2025-05-08,Beleza,93.4,1,Centro-Oeste,Pix,93.4
4181,2025-05-08,Beleza,127.89,1,Sudeste,Pix,127.89
4994,2025-05-08,Esporte e Lazer,153.89,1,Sudeste,Cartão de Crédito,153.89
3240,2025-05-08,Moda,87.21,4,Sudeste,Pix,348.84
3421,2025-05-08,Casa e Decoração,505.02,2,Nordeste,Pix,1010.04
2906,2025-05-08,Eletrônicos,2258.24,3,Sul,Cartão de Crédito,6774.72
1507,2025-05-08,Esporte e Lazer,130.82,2,Centro-Oeste,Cartão de Crédito,261.64
3586,2025-05-08,Moda,78.48,1,Norte,Pix,78.48
2425,2025-05-08,Livros,87.66,3,Sudeste,Cartão de Crédito,262.98
4883,2025-05-08,Esporte e Lazer,186.85,1,Sudeste,Cartão de Crédito,186.85
820,2025-05-08,Beleza,35.31,1,Nordeste,Cartão de Crédito,35.31
197,2025-05-08,Beleza,163.47,1,Norte,Boleto,163.47
4364,2025-05-08,Moda,161.59,2,Sudeste,Cartão de Crédito,323.18
1875,2025-05-08,Moda,166.51,2,Centro-Oeste,Cartão de Crédito,333.02
3791,2025-05-08,Livros,61.96,2,Sul,Cartão de Crédito,123.92
4951,2025-05-09,Moda,344.48,2,Nordeste,Pix,688.96
770,2025-05-09,Livros,83.07,1,Sudeste,Cartão de Crédito,83.07
4537,2025-05-09,Beleza,203.06,2,Sudeste,Pix,406.12
1668,2025-05-09,Esporte e Lazer,394.74,1,Sudeste,Pix,394.74
2608,2025-05-09,Moda,105.92,3,Sudeste,Cartão de Crédito,317.76
2091,2025-05-09,Livros,65.1,4,Centro-Oeste,Pix,260.4
2453,2025-05-09,Livros,28.54,1,Centro-Oeste,Cartão de Crédito,28.54
2999,2025-05-09,Livros,83.16,1,Sudeste,Pix,83.16
4960,2025-05-09,Esporte e Lazer,195.16,3,Sul,Cartão de Crédito,585.48
4175,2025-05-09,Moda,58.47,3,Sudeste,Cartão de Crédito,175.41
2467,2025-05-09,Moda,61.37,1,Nordeste,Pix,61.37
3962,2025-05-09,Casa e Decoração,304.46,2,Sudeste,Cartão de Crédito,608.92
1591,2025-05-09,Eletrônicos,431.61,4,Sudeste,Pix,1726.44
4480,2025-05-09,Eletrônicos,2574.85,1,Sudeste,Cartão de Crédito,2574.85
1265,2025-05-09,Eletrônicos,3111.33,1,Sudeste,Pix,3111.33
2238,2025-05-09,Eletrônicos,2237.75,1,Nordeste,Cartão de Crédito,2237.75
4953,2025-05-09,Moda,59.69,4,Sul,Cartão de Crédito,238.76
4973,2025-05-09,Esporte e Lazer,466.47,2,Sul,Pix,932.94
1,2025-05-09,Livros,89.61,2,Sudeste,Pix,179.22
3428,2025-05-09,Moda,155.98,4,Nordeste,Cartão de Crédito,623.92
3705,2025-05-09,Casa e Decoração,549.28,1,Nordeste,Cartão de Crédito,549.28
1102,2025-05-09,Beleza,91.66,4,Sul,Cartão de Crédito,366.64
3486,2025-05-09,Livros,84.89,1,Norte,Cartão de Crédito,84.89
582,2025-05-09,Eletrônicos,1226.61,3,Sudeste,Boleto,3679.83
2008,2025-05-09,Livros,71.21,2,Sudeste,Pix,142.42
1854,2025-05-09,Beleza,67.81,1,Sudeste,Pix,67.81
1842,2025-05-09,Moda,291.91,1,Sudeste,Boleto,291.91
2431,2025-05-09,Moda,152.81,4,Nordeste,Cartão de Crédito,611.24
1147,2025-05-09,Casa e Decoração,140.75,2,Sul,Cartão de Crédito,281.5
3667,2025-05-09,Esporte e Lazer,201.35,1,Centro-Oeste,Cartão de Crédito,201.35
3132,2025-05-09,Esporte e Lazer,364.14,3,Centro-Oeste,Cartão de Crédito,1092.42
3706,2025-05-09,Moda,178.48,4,Sudeste,Pix,713.92
4372,2025-05-09,Esporte e Lazer,181.48,2,Sudeste,Pix,362.96
628,2025-05-09,Moda,147.38,1,Nordeste,Cartão de Crédito,147.38
2074,2025-05-09,Livros,50.99,1,Sudeste,Pix,50.99
4267,2025-05-09,Eletrônicos,1419.68,1,Sudeste,Cartão de Crédito,1419.68
3838,2025-05-09,Casa e Decoração,138.56,2,Nordeste,Cartão de Crédito,277.12
1044,2025-05-09,Casa e Decoração,282.57,4,Centro-Oeste,Cartão de Crédito,1130.28
1926,2025-05-09,Eletrônicos,710.71,2,Sul,Boleto,1421.42
2144,2025-05-09,Beleza,93.65,2,Sudeste,Cartão de Crédito,187.3
179,2025-05-09,Esporte e Lazer,251.3,1,Sul,,251.3
175,2025-05-09,Beleza,117.06,3,Sudeste,Cartão de Crédito,351.18
4752,2025-05-09,Livros,104.53,4,Norte,Cartão de Crédito,418.12
1901,2025-05-09,Beleza,62.45,2,Norte,Cartão de Crédito,124.9
1075,2025-05-10,Esporte e Lazer,61.89,2,Centro-Oeste,Pix,123.78
2638,2025-05-10,Esporte e Lazer,322.73,1,Nordeste,Pix,322.73
1233,2025-05-10,Casa e Decoração,131.48,2,Nordeste,Pix,262.96
1145,2025-05-10,Beleza,36.22,1,Sul,Pix,36.22
4237,2025-05-10,Eletrônicos,1638.79,3,Centro-Oeste,Cartão de Crédito,4916.37
3299,2025-05-10,Moda,69.18,2,Sudeste,Cartão de Crédito,138.36
2593,2025-05-10,Moda,70.05,1,Sudeste,Cartão de Crédito,70.05
1459,2025-05-10,Livros,31.54,2,Nordeste,Cartão de Crédito,63.08
1329,2025-05-10,Livros,91.75,1,Nordeste,Pix,91.75
1001,2025-05-10,Beleza,91.31,2,Centro-Oeste,Cartão de Crédito,182.62
4089,2025-05-10,Beleza,68.77,1,Sudeste,Cartão de Crédito,68.77
1823,2025-05-10,Esporte e Lazer,250.38,4,Sudeste,Cartão de Crédito,1001.52
860,2025-05-10,Casa e Decoração,159.27,1,Sudeste,Pix,159.27
4709,2025-05-10,Beleza,143.69,2,Sudeste,Pix,287.38
487,2025-05-10,Moda,102.31,1,Sudeste,Boleto,102.31
2023,2025-05-10,Esporte e Lazer,127.93,4,Sudeste,Pix,511.72
313,2025-05-10,Esporte e Lazer,109.73,2,Sudeste,Cartão de Débito,219.46
3496,2025-05-10,Casa e Decoração,81.48,1,Norte,Cartão de Crédito,81.48
2048,2025-05-10,Beleza,88.22,1,Sul,Cartão de Crédito,88.22
4880,2025-05-10,Eletrônicos,2488.42,2,Sudeste,Pix,4976.84
2334,2025-05-10,Eletrônicos,2713.81,1,Sudeste,Pix,2713.81
3098,2025-05-10,Casa e Decoração,92.31,1,Sul,Cartão de Crédito,92.31
3642,2025-05-10,Esporte e Lazer,50.74,4,Sudeste,Pix,202.96
3092,2025-05-10,Moda,359.35,1,Sudeste,Cartão de Crédito,359.35
4897,2025-05-10,Esporte e Lazer,408.32,3,Sudeste,Cartão de Crédito,1224.96
3083,2025-05-10,Casa e Decoração,730.35,1,Centro-Oeste,Cartão de Crédito,730.35
3606,2025-05-10,Livros,57.76,2,Nordeste,Pix,115.52
4967,2025-05-10,Casa e Decoração,517.38,1,Nordeste,Cartão de Crédito,517.38
2211,2025-05-10,Eletrônicos,1845.86,1,Sudeste,Pix,1845.86
2268,2025-05-10,Eletrônicos,947.07,2,Sudeste,Cartão de Crédito,1894.14
4988,2025-05-10,Casa e Decoração,288.63,2,Nordeste,Cartão de Débito,577.26
4988,2025-05-10,Casa e Decoração,288.63,2,Nordeste,Cartão de Débito,577.26
3162,2025-05-10,Esporte e Lazer,244.66,1,Sul,Pix,244.66
1856,2025-05-10,Casa e Decoração,748.93,3,Sudeste,Boleto,2246.79
3728,2025-05-10,Eletrônicos,635.9,1,Nordeste,Boleto,635.9
2627,2025-05-10,Moda,321.68,3,Nordeste,Cartão de Crédito,965.04
4625,2025-05-10,Livros,22.41,1,Centro-Oeste,Pix,22.41
788,2025-05-10,Casa e Decoração,368.95,2,Sudeste,Pix,737.9
3969,2025-05-10,Livros,96.03,3,Nordeste,Pix,288.09
3831,2025-05-10,Casa e Decoração,87.71,4,Sudeste,Boleto,350.84
4511,2025-05-10,Esporte e Lazer,47.34,1,Sudeste,Cartão de Crédito,47.34
841,2025-05-10,Eletrônicos,2207.31,2,Sudeste,Cartão de Crédito,4414.62
3965,2025-05-10,Casa e Decoração,77.84,3,Sul,Cartão de Crédito,233.52
2764,2025-05-10,Moda,316.44,1,Sudeste,Pix,316.44
4403,2025-05-11,Eletrônicos,622.03,3,Nordeste,Cartão de Crédito,1866.09
2105,2025-05-11,Eletrônicos,3329.72,4,Sudeste,Pix,13318.88
2300,2025-05-11,Esporte e Lazer,351.85,1,Norte,Boleto,351.85
2158,2025-05-11,Moda,68.26,1,Centro-Oeste,Pix,68.26
2286,2025-05-11,Casa e Decoração,547.64,2,Sudeste,Pix,1095.28
115,2025-05-11,Moda,351.7,2,Sudeste,Pix,703.4
3061,2025-05-11,Moda,134.66,2,Sudeste,Pix,269.32
86,2025-05-11,Esporte e Lazer,385.64,1,Norte,Pix,385.64
1174,2025-05-11,Casa e Decoração,263.27,1,Sudeste,Cartão de Crédito,263.27
828,2025-05-11,Eletrônicos,1345.93,2,Sul,Cartão de Crédito,2691.86
4984,2025-05-11,Casa e Decoração,82.95,2,Sul,Cartão de Crédito,165.9
4190,2025-05-11,Esporte e Lazer,201.88,4,Nordeste,Cartão de Crédito,807.52
2262,2025-05-11,Esporte e Lazer,42.16,1,Sul,Cartão de Crédito,42.16
3560,2025-05-11,Eletrônicos,1150.08,2,Sudeste,Pix,2300.16
6,2025-05-11,Beleza,174.87,4,Sudeste,Cartão de Crédito,699.48
1234,2025-05-11,Eletrônicos,908.53,4,Norte,Cartão de Débito,3634.12
803,2025-05-11,Beleza,87.06,3,Centro-Oeste,Cartão de Crédito,261.18
4580,2025-05-11,Casa e Decoração,259.52,1,Sudeste,Cartão de Crédito,259.52
586,2025-05-11,Casa e Decoração,75.89,1,Sudeste,Pix,75.89
1839,2025-05-11,Livros,42.2,1,Sul,Pix,42.2
1881,2025-05-11,Moda,128.58,1,Sul,Cartão de Crédito,128.58
556,2025-05-11,Livros,24.26,1,Sudeste,Cartão de Débito,24.26
2545,2025-05-11,Esporte e Lazer,230.41,1,Sudeste,Pix,230.41
535,2025-05-11,Beleza,98.98,1,Sudeste,Cartão de Crédito,98.98
3747,2025-05-11,Beleza,48.59,1,Sudeste,Pix,48.59
1064,2025-05-11,Moda,130.36,1,Sul,Cartão de Crédito,130.36
2375,2025-05-11,Esporte e Lazer,40.43,1,Nordeste,Cartão de Débito,40.43
250,2025-05-11,Livros,64.83,2,Sul,Cartão de Débito,129.66
3985,2025-05-11,Esporte e Lazer,228.76,1,Sul,Cartão de Crédito,228.76
2510,2025-05-11,Beleza,23.85,4,Sudeste,Cartão de Crédito,95.4
3127,2025-05-11,Beleza,21.44,1,Sudeste,Cartão de Crédito,21.44
4773,2025-05-11,Casa e Decoração,291.28,1,Sul,Cartão de Crédito,291.28
678,2025-05-11,Moda,202.88,1,Sudeste,Cartão de Crédito,202.88
4582,2025-05-11,Esporte e Lazer,346.17,4,Nordeste,Pix,1384.68
1467,2025-05-11,Moda,56.55,3,Sudeste,Cartão de Crédito,169.65
4045,2025-05-11,Esporte e Lazer,95.03,4,Sul,Cartão de Crédito,380.12
2812,2025-05-11,Beleza,134.91,1,Centro-Oeste,Cartão de Crédito,134.91
4313,2025-05-11,Beleza,46.2,2,Nordeste,Cartão de Crédito,92.4
4090,2025-05-12,Eletrônicos,662.25,2,Sudeste,Cartão de Crédito,1324.5
2536,2025-05-12,Beleza,131.69,3,Nordeste,Pix,395.07
3765,2025-05-12,Esporte e Lazer,290.63,2,Nordeste,Cartão de Crédito,581.26
3769,2025-05-12,Esporte e Lazer,365.91,4,Sul,Boleto,1463.64
1348,2025-05-12,Moda,99.12,1,Sul,Pix,99.12
3786,2025-05-12,Esporte e Lazer,393.13,3,Sudeste,Pix,1179.39
4065,2025-05-12,Moda,90.05,1,Sul,Cartão de Crédito,90.05
1199,2025-05-12,Moda,234.63,2,Nordeste,Pix,469.26
2254,2025-05-12,Eletrônicos,1272.24,2,Centro-Oeste,Cartão de Crédito,2544.48
4673,2025-05-12,Eletrônicos,2344.09,3,Nordeste,Boleto,7032.27
872,2025-05-12,Livros,40.49,1,Sudeste,Pix,40.49
566,2025-05-12,Moda,225.39,4,Sul,Cartão de Crédito,901.56
4747,2025-05-12,Casa e Decoração,633.21,1,Nordeste,Cartão de Crédito,633.21
778,2025-05-12,Eletrônicos,1152.81,3,Sudeste,Cartão de Crédito,3458.43
1103,2025-05-12,Eletrônicos,545.47,1,Nordeste,Pix,545.47
1082,2025-05-12,Beleza,61.29,1,Sudeste,Pix,61.29
2903,2025-05-12,Esporte e Lazer,366.2,2,Nordeste,Boleto,732.4
419,2025-05-12,Casa e Decoração,99.47,4,Sul,Cartão de Débito,397.88
2868,2025-05-13,Livros,63.67,4,Norte,Pix,254.68
3315,2025-05-13,Livros,87.74,3,Sudeste,Cartão de Crédito,263.22
1404,2025-05-13,Beleza,130.41,3,Sudeste,Pix,391.23
1110,2025-05-13,Casa e Decoração,375.76,2,Sudeste,Cartão de Crédito,751.52
3619,2025-05-13,Moda,129.41,2,Sul,Pix,258.82
1051,2025-05-13,Eletrônicos,1464.19,1,Nordeste,Pix,1464.19
4838,2025-05-13,Moda,99.94,2,Sudeste,Pix,199.88
1488,2025-05-14,Livros,64.0,2,Sul,Cartão de Crédito,128.0
4862,2025-05-14,Casa e Decoração,538.37,1,Sudeste,Cartão de Débito,538.37
1738,2025-05-14,Esporte e Lazer,427.39,1,Norte,Cartão de Crédito,427.39
1275,2025-05-14,Casa e Decoração,33.07,4,Nordeste,Cartão de Crédito,132.28
1637,2025-05-14,Beleza,141.74,3,Sul,Cartão de Crédito,425.22
2806,2025-05-14,Beleza,70.63,3,Sudeste,Boleto,211.89
1815,2025-05-14,Livros,55.72,2,Norte,Cartão de Crédito,111.44
4025,2025-05-14,Esporte e Lazer,262.33,3,Sul,Cartão de Crédito,786.99
4683,2025-05-14,Esporte e Lazer,37.8,3,Sudeste,Pix,113.4
36,2025-05-14,Beleza,75.89,3,Sul,Boleto,227.67
3709,2025-05-14,Casa e Decoração,483.79,1,Nordeste,Cartão de Crédito,483.79
4573,2025-05-15,Moda,98.27,3,Centro-Oeste,Cartão de Débito,294.81
1857,2025-05-15,Esporte e Lazer,80.72,1,Norte,Cartão de Crédito,80.72
3344,2025-05-15,Beleza,191.11,2,Sul,Cartão de Crédito,382.22
160,2025-05-15,Casa e Decoração,66.59,2,Centro-Oeste,Cartão de Crédito,133.18
1954,2025-05-15,Casa e Decoração,372.18,1,Sudeste,Cartão de Crédito,372.18
2227,2025-05-16,Esporte e Lazer,389.95,4,Sudeste,Cartão de Crédito,1559.8
2995,2025-05-16,Livros,71.84,2,Sudeste,Cartão de Crédito,143.68
1946,2025-05-16,Livros,41.55,1,Sudeste,Cartão de Crédito,41.55
4904,2025-05-16,Moda,104.33,2,Sudeste,Cartão de Crédito,208.66
724,2025-05-17,Casa e Decoração,256.7,1,Sul,Cartão de Crédito,256.7
2457,2025-05-17,Moda,240.36,3,Nordeste,Pix,721.08
4094,2025-05-17,Esporte e Lazer,155.7,4,Sudeste,Boleto,622.8
4381,2025-05-17,Esporte e Lazer,275.85,1,Nordeste,Cartão de Crédito,275.85
3735,2025-05-18,Casa e Decoração,484.05,1,Norte,Pix,484.05
4005,2025-05-18,Beleza,39.35,2,Sudeste,Pix,78.7
2890,2025-05-18,Moda,159.25,3,Nordeste,Cartão de Crédito,477.75
4768,2025-05-18,Livros,50.73,4,Nordeste,Cartão de Crédito,202.92
1974,2025-05-19,Beleza,71.51,4,Nordeste,Cartão de Débito,286.04
592,2025-05-19,Moda,352.57,3,Sul,Pix,1057.71
178,2025-05-19,Livros,32.89,4,Nordeste,Cartão de Crédito,131.56
705,2025-05-19,Esporte e Lazer,477.5,4,Sudeste,Cartão de Crédito,1910.0
524,2025-05-19,Casa e Decoração,91.53,1,Nordeste,Cartão de Crédito,91.53
3837,2025-05-19,Eletrônicos,802.41,2,Sudeste,Pix,1604.82
196,2025-05-20,Moda,48.75,1,Sul,Pix,48.75
798,2025-05-20,Moda,99.2,3,Sudeste,Cartão de Crédito,297.6
4491,2025-05-20,Beleza,115.65,1,Sudeste,Cartão de Crédito,115.65
4617,2025-05-20,Eletrônicos,800.39,1,Sudeste,Cartão de Crédito,800.39
2423,2025-05-20,Beleza,95.36,1,Sudeste,Cartão de Crédito,95.36
4173,2025-05-20,Moda,166.61,3,Nordeste,Cartão de Crédito,499.83
1383,2025-05-20,Casa e Decoração,133.34,1,Sul,Cartão de Crédito,133.34
4600,2025-05-21,Livros,31.03,4,Norte,Cartão de Crédito,124.12
3108,2025-05-21,Moda,322.5,1,Sul,Pix,322.5
3441,2025-05-21,Esporte e Lazer,265.69,2,Norte,Cartão de Crédito,531.38
4758,2025-05-22,Esporte e Lazer,41.66,2,Sudeste,Cartão de Crédito,83.32
4144,2025-05-22,Eletrônicos,848.59,3,Sudeste,Cartão de Crédito,2545.77
1806,2025-05-22,Beleza,151.49,1,Norte,Cartão de Crédito,151.49
2875,2025-05-22,Eletrônicos,367.91,2,Sudeste,Cartão de Crédito,735.82
588,2025-05-22,Beleza,18.61,2,Sudeste,Cartão de Crédito,37.22
3917,2025-05-22,Casa e Decoração,499.73,3,Sudeste,Cartão de Crédito,1499.19
1540,2025-05-23,Livros,75.74,4,Sul,Boleto,302.96
4909,2025-05-23,Beleza,103.11,1,Centro-Oeste,Pix,103.11
1266,2025-05-23,Casa e Decoração,243.89,3,Sudeste,Pix,731.67
3306,2025-05-23,Casa e Decoração,394.96,2,Sudeste,Cartão de Crédito,789.92
967,2025-05-24,Casa e Decoração,190.7,1,Nordeste,Cartão de Débito,190.7
2739,2025-05-24,Eletrônicos,1377.9,2,Sul,Pix,2755.8
3545,2025-05-24,Livros,32.56,3,Sudeste,Cartão de Crédito,97.68
3665,2025-05-24,Beleza,64.36,1,Nordeste,Pix,64.36
282,2025-05-25,Moda,124.23,1,Nordeste,Cartão de Débito,124.23
4864,2025-05-25,Moda,311.2,2,Sudeste,Cartão de Débito,622.4
873,2025-05-25,Eletrônicos,2577.54,1,Sudeste,Cartão de Crédito,2577.54
4638,2025-05-25,Casa e Decoração,50.83,1,Sudeste,Boleto,50.83
4172,2025-05-25,Livros,95.29,2,Sul,Cartão de Crédito,190.58
990,2025-05-25,Livros,83.16,1,Nordeste,Cartão de Crédito,83.16
2306,2025-05-25,Moda,62.52,1,Sudeste,Cartão de Crédito,62.52
4038,2025-05-25,Eletrônicos,814.26,1,Centro-Oeste,Cartão de Crédito,814.26
2614,2025-05-26,Beleza,145.59,3,Nordeste,Pix,436.77
2581,2025-05-26,Esporte e Lazer,551.88,1,Sudeste,Cartão de Débito,551.88
4854,2025-05-26,Eletrônicos,1082.19,2,Nordeste,Cartão de Crédito,2164.38
850,2025-05-26,Beleza,216.64,1,Norte,Cartão de Crédito,216.64
2140,2025-05-27,Beleza,45.92,1,Norte,Cartão de Crédito,45.92
4718,2025-05-27,Beleza,170.69,1,Sul,Pix,170.69
4498,2025-05-27,Eletrônicos,1047.66,2,Centro-Oeste,Cartão de Crédito,2095.32
2495,2025-05-27,Eletrônicos,1613.1,1,Norte,Cartão de Débito,1613.1
161,2025-05-27,Beleza,29.05,2,Sudeste,Cartão de Débito,58.1
2303,2025-05-28,Livros,44.88,1,Centro-Oeste,Pix,44.88
3286,2025-05-28,Moda,271.11,4,Nordeste,Boleto,1084.44
3978,2025-05-28,Eletrônicos,499.47,4,Sudeste,Pix,1997.88
546,2025-05-28,Livros,29.7,2,Nordeste,Cartão de Crédito,59.4
3787,2025-05-29,Esporte e Lazer,163.03,1,Nordeste,Cartão de Crédito,163.03
1337,2025-05-29,Beleza,126.15,4,Sudeste,,504.6
2065,2025-05-29,Beleza,82.11,1,Norte,Cartão de Crédito,82.11
4101,2025-05-29,Moda,298.76,1,Sudeste,Cartão de Crédito,298.76
3089,2025-05-29,Livros,32.36,2,Sudeste,Pix,64.72
3733,2025-05-30,Eletrônicos,1038.44,2,Nordeste,Pix,2076.88
4474,2025-05-30,Eletrônicos,1099.0,1,Nordeste,Cartão de Crédito,1099.0
2911,2025-05-30,Livros,26.48,2,Sul,Pix,52.96
3245,2025-05-30,Moda,136.38,4,Sudeste,Cartão de Crédito,545.52
302,2025-05-30,Livros,59.21,1,Sudeste,Cartão de Débito,59.21
735,2025-05-30,Beleza,38.63,4,Norte,Cartão de Crédito,154.52
771,2025-05-30,Esporte e Lazer,508.32,1,Sudeste,Cartão de Débito,508.32
822,2025-05-30,Livros,45.17,2,Sudeste,Cartão de Crédito,90.34
2120,2025-05-31,Casa e Decoração,42.15,2,Norte,Cartão de Crédito,84.3
1330,2025-05-31,Moda,225.37,2,Nordeste,Cartão de Crédito,450.74
2259,2025-05-31,Beleza,195.79,3,Nordeste,Cartão de Crédito,587.37
3544,2025-05-31,Casa e Decoração,170.69,1,Nordeste,Pix,170.69
1423,2025-05-31,Esporte e Lazer,316.21,2,Centro-Oeste,Cartão de Crédito,632.42
3130,2025-05-31,Eletrônicos,712.39,1,Nordeste,Cartão de Crédito,712.39
975,2025-05-31,Beleza,27.05,2,Sul,Cartão de Débito,54.1
2372,2025-05-31,Esporte e Lazer,177.88,1,Sudeste,Boleto,177.88
3094,2025-05-31,Beleza,35.47,1,Sudeste,Pix,35.47
57,2025-05-31,Livros,26.4,1,Nordeste,Pix,26.4
2216,2025-06-01,Beleza,46.43,2,Sudeste,Cartão de Crédito,92.86
1195,2025-06-01,Livros,116.01,3,Sul,Pix,348.03
3986,2025-06-01,Casa e Decoração,251.55,1,Sudeste,Cartão de Crédito,251.55
2373,2025-06-02,Livros,45.4,2,Sudeste,Cartão de Crédito,90.8
2078,2025-06-02,Beleza,39.59,3,Sudeste,Cartão de Crédito,118.77
703,2025-06-02,Eletrônicos,2195.7,4,Nordeste,Cartão de Crédito,8782.8
2668,2025-06-02,Esporte e Lazer,80.56,4,Nordeste,Pix,322.24
181,2025-06-03,Esporte e Lazer,181.94,4,Nordeste,Cartão de Crédito,727.76
1411,2025-06-03,Moda,192.11,2,Sudeste,Cartão de Débito,384.22
1877,2025-06-03,Eletrônicos,528.48,1,Sudeste,Cartão de Crédito,528.48
2644,2025-06-03,Livros,58.43,2,Sudeste,,116.86
3471,2025-06-03,Casa e Decoração,151.02,2,Sudeste,Cartão de Débito,302.04
2411,2025-06-03,Eletrônicos,1640.73,2,Sudeste,Pix,3281.46
2900,2025-06-03,Esporte e Lazer,161.04,4,Nordeste,Cartão de Crédito,644.16
4568,2025-06-04,Moda,58.39,2,Norte,Cartão de Crédito,116.78
32,2025-06-04,Beleza,169.28,1,Sudeste,Pix,169.28
4140,2025-06-04,Casa e Decoração,171.4,1,Centro-Oeste,Cartão de Débito,171.4
1957,2025-06-04,Casa e Decoração,570.81,1,Sudeste,Pix,570.81
4976,2025-06-04,Esporte e Lazer,53.16,1,Sudeste,Cartão de Crédito,53.16
2909,2025-06-04,Moda,62.83,1,Sudeste,Boleto,62.83
2502,2025-06-05,Moda,81.99,2,Sul,Cartão de Crédito,163.98
3384,2025-06-05,Eletrônicos,663.29,1,Centro-Oeste,Pix,663.29
1387,2025-06-05,Esporte e Lazer,312.34,4,Sudeste,Boleto,1249.36
3463,2025-06-06,Beleza,33.45,2,Sudeste,Cartão de Crédito,66.9
4957,2025-06-06,Moda,112.04,1,Nordeste,Cartão de Crédito,112.04
725,2025-06-06,Moda,298.04,1,Sul,Cartão de Crédito,298.04
148,2025-06-06,Moda,73.15,3,Nordeste,Boleto,219.45
2456,2025-06-07,Moda,346.49,3,Sudeste,Cartão de Crédito,1039.47
2757,2025-06-07,Esporte e Lazer,522.54,2,Nordeste,Cartão de Crédito,1045.08
1156,2025-06-07,Moda,339.8,4,Centro-Oeste,Cartão de Crédito,1359.2
4040,2025-06-07,Moda,205.37,2,Nordeste,Cartão de Crédito,410.74
4514,2025-06-07,Livros,61.18,1,Sul,Pix,61.18
1880,2025-06-07,Beleza,105.3,2,Sudeste,Pix,210.6
1487,2025-06-07,Casa e Decoração,465.61,1,Nordeste,Pix,465.61
697,2025-06-07,Beleza,127.25,2,Nordeste,Pix,254.5
4857,2025-06-08,Casa e Decoração,106.08,1,Nordeste,Pix,106.08
4234,2025-06-08,Esporte e Lazer,381.39,3,Nordeste,Cartão de Crédito,1144.17
4840,2025-06-08,Moda,202.97,3,Sul,Pix,608.91
995,2025-06-08,Casa e Decoração,80.98,1,Centro-Oeste,Cartão de Crédito,80.98
3166,2025-06-08,Esporte e Lazer,499.82,2,Nordeste,Pix,999.64
3229,2025-06-08,Moda,165.7,2,Norte,Cartão de Crédito,331.4
2302,2025-06-09,Beleza,146.68,2,Sul,Pix,293.36
2549,2025-06-09,Beleza,18.51,4,Sul,Pix,74.04
2550,2025-06-09,Moda,334.64,4,Sudeste,Cartão de Crédito,1338.56
1419,2025-06-09,Beleza,28.5,2,Sul,Boleto,57.0
2332,2025-06-09,Moda,102.89,4,Sul,Cartão de Crédito,411.56
2080,2025-06-09,Esporte e Lazer,200.09,1,Sudeste,Cartão de Crédito,200.09
722,2025-06-09,Eletrônicos,446.98,1,Sudeste,Cartão de Crédito,446.98
3120,2025-06-09,Esporte e Lazer,320.44,3,Sul,Cartão de Crédito,961.32
1250,2025-06-09,Casa e Decoração,119.53,4,Centro-Oeste,Cartão de Crédito,478.12
4082,2025-06-09,Esporte e Lazer,206.37,2,Sudeste,Pix,412.74
3489,2025-06-09,Casa e Decoração,348.31,1,Nordeste,Pix,348.31
3964,2025-06-09,Livros,83.81,1,Sudeste,Pix,83.81
1172,2025-06-09,Eletrônicos,1614.9,3,Sudeste,Pix,4844.7
3810,2025-06-09,Eletrônicos,329.47,1,Nordeste,Pix,329.47
4344,2025-06-09,Eletrônicos,395.54,1,Sudeste,Pix,395.54
4675,2025-06-09,Casa e Decoração,577.87,1,Sul,Pix,577.87
3723,2025-06-09,Livros,55.6,1,Sudeste,Cartão de Crédito,55.6
593,2025-06-09,Beleza,24.72,4,Sudeste,Pix,98.88
478,2025-06-09,Moda,209.44,2,Nordeste,Boleto,418.88
4189,2025-06-10,Eletrônicos,446.08,1,Centro-Oeste,Pix,446.08
2937,2025-06-10,Beleza,107.92,1,Sul,Cartão de Crédito,107.92
895,2025-06-10,Livros,22.99,1,Sul,Cartão de Crédito,22.99
53,2025-06-10,Esporte e Lazer,43.56,2,Sudeste,Cartão de Débito,87.12
3513,2025-06-10,Casa e Decoração,203.92,2,Nordeste,Cartão de Crédito,407.84
2085,2025-06-10,Eletrônicos,736.07,3,Sudeste,Pix,2208.21
4331,2025-06-10,Casa e Decoração,320.0,2,Sudeste,Cartão de Crédito,640.0
3394,2025-06-10,Moda,278.03,2,Sudeste,Boleto,556.06
904,2025-06-10,Moda,47.68,1,Sudeste,Cartão de Crédito,47.68
1274,2025-06-10,Beleza,18.66,4,Sul,Cartão de Crédito,74.64
253,2025-06-10,Beleza,157.06,3,Sudeste,Pix,471.18
2597,2025-06-10,Esporte e Lazer,72.22,2,Centro-Oeste,Pix,144.44
2641,2025-06-10,Livros,94.54,2,Sudeste,Cartão de Crédito,189.08
4268,2025-06-10,Beleza,17.62,2,Sul,Cartão de Crédito,35.24
3443,2025-06-10,Esporte e Lazer,122.92,2,Nordeste,Pix,245.84
1356,2025-06-10,Beleza,164.88,3,Sudeste,Cartão de Crédito,494.64
4241,2025-06-10,Esporte e Lazer,160.27,3,Sudeste,Cartão de Crédito,480.81
2564,2025-06-10,Eletrônicos,635.71,4,Sudeste,Cartão de Crédito,2542.84
4805,2025-06-10,Eletrônicos,3309.62,2,Norte,Cartão de Crédito,6619.24
4825,2025-06-10,Esporte e Lazer,51.02,1,Sudeste,Cartão de Crédito,51.02
3352,2025-06-10,Livros,73.29,2,Centro-Oeste,Cartão de Crédito,146.58
3865,2025-06-10,Moda,284.97,2,Nordeste,Cartão de Crédito,569.94
3067,2025-06-10,Moda,60.47,3,Sudeste,Cartão de Crédito,181.41
2925,2025-06-10,Esporte e Lazer,232.61,1,Sudeste,Boleto,232.61
3110,2025-06-10,Esporte e Lazer,266.72,2,Norte,Pix,533.44
4556,2025-06-10,Esporte e Lazer,407.03,2,Sudeste,Cartão de Crédito,814.06
1392,2025-06-10,Beleza,61.7,3,Sudeste,Cartão de Crédito,185.1
3500,2025-06-10,Moda,156.52,3,Norte,Cartão de Crédito,469.56
2226,2025-06-11,Eletrônicos,985.58,1,Sudeste,Cartão de Crédito,985.58
1210,2025-06-11,Eletrônicos,3169.09,3,Sudeste,Cartão de Crédito,9507.27
3587,2025-06-11,Moda,112.14,1,Sul,Pix,112.14
3044,2025-06-11,Moda,247.2,1,Nordeste,Pix,247.2
2157,2025-06-11,Casa e Decoração,554.2,1,Centro-Oeste,Cartão de Crédito,554.2
565,2025-06-11,Esporte e Lazer,96.01,1,Centro-Oeste,Cartão de Crédito,96.01
4903,2025-06-11,Eletrônicos,1009.19,4,Sudeste,Cartão de Crédito,4036.76
979,2025-06-11,Eletrônicos,2997.43,2,Sudeste,Pix,5994.86
4050,2025-06-11,Eletrônicos,577.01,4,Centro-Oeste,Cartão de Crédito,2308.04
1481,2025-06-11,Livros,31.81,1,Sudeste,Cartão de Crédito,31.81
1513,2025-06-11,Moda,161.43,1,Nordeste,Cartão de Crédito,161.43
4014,2025-06-11,Esporte e Lazer,83.54,3,Nordeste,Pix,250.62
870,2025-06-11,Beleza,101.88,1,Centro-Oeste,Cartão de Crédito,101.88
4326,2025-06-11,Eletrônicos,1992.07,1,Nordeste,Cartão de Crédito,1992.07
3957,2025-06-11,Esporte e Lazer,54.63,1,Sudeste,Cartão de Crédito,54.63
2131,2025-06-11,Eletrônicos,990.86,3,Sul,Cartão de Crédito,2972.58
1602,2025-06-11,Eletrônicos,784.97,1,Nordeste,Cartão de Crédito,784.97
4505,2025-06-11,Moda,96.92,4,Sudeste,Cartão de Crédito,387.68
1734,2025-06-11,Beleza,195.36,1,Nordeste,Cartão de Crédito,195.36
1764,2025-06-11,Moda,261.57,3,Nordeste,Cartão de Débito,784.71
660,2025-06-11,Beleza,42.24,1,Sudeste,Boleto,42.24
4632,2025-06-11,Casa e Decoração,467.33,2,Sul,Pix,934.66
4746,2025-06-11,Livros,71.05,1,Sudeste,Cartão de Crédito,71.05
1343,2025-06-11,Casa e Decoração,48.23,3,Nordeste,Cartão de Crédito,144.69
1179,2025-06-11,Casa e Decoração,56.01,1,Sudeste,Cartão de Crédito,56.01
1056,2025-06-11,Esporte e Lazer,80.33,1,Norte,Pix,80.33
1223,2025-06-11,Casa e Decoração,201.92,1,Nordeste,Cartão de Crédito,201.92
3044,2025-06-11,Moda,247.2,1,Nordeste,Pix,247.2
2632,2025-06-11,Livros,36.23,1,Nordeste,Pix,36.23
3371,2025-06-11,Livros,87.66,2,Sudeste,Cartão de Crédito,175.32
3145,2025-06-11,Esporte e Lazer,37.86,1,Centro-Oeste,Cartão de Crédito,37.86
2960,2025-06-11,Livros,37.57,1,Sudeste,Cartão de Crédito,37.57
2982,2025-06-11,Casa e Decoração,668.75,2,Centro-Oeste,Cartão de Crédito,1337.5
1729,2025-06-12,Casa e Decoração,295.08,2,Sudeste,Cartão de Crédito,590.16
1212,2025-06-12,Esporte e Lazer,120.68,3,Sul,Cartão de Crédito,362.04
3859,2025-06-12,Casa e Decoração,462.29,2,Sudeste,Cartão de Crédito,924.58
3036,2025-06-12,Eletrônicos,1931.56,1,Sudeste,Cartão de Crédito,1931.56
202,2025-06-12,Casa e Decoração,797.45,1,Sudeste,Cartão de Crédito,797.45
4719,2025-06-12,Moda,44.75,2,Sudeste,Cartão de Crédito,89.5
3825,2025-06-12,Esporte e Lazer,136.8,3,Nordeste,Cartão de Crédito,410.4
1851,2025-06-12,Beleza,139.42,1,Sul,Cartão de Crédito,139.42
4601,2025-06-12,Livros,89.99,4,Sudeste,Cartão de Crédito,359.96
1101,2025-06-12,Esporte e Lazer,131.44,1,Sul,Cartão de Crédito,131.44
1885,2025-06-12,Esporte e Lazer,29.3,1,Sul,Pix,29.3
2801,2025-06-12,Moda,173.0,3,Sudeste,Cartão de Crédito,519.0
3267,2025-06-12,Moda,133.65,4,Nordeste,Cartão de Crédito,534.6
4677,2025-06-12,Eletrônicos,855.03,1,Sul,Pix,855.03
1030,2025-06-12,Eletrônicos,549.87,4,Sudeste,Cartão de Crédito,2199.48
3751,2025-06-12,Livros,27.17,2,Nordeste,Pix,54.34
2728,2025-06-12,Livros,28.7,2,Norte,Pix,57.4
978,2025-06-12,Esporte e Lazer,245.53,1,Sul,Pix,245.53
972,2025-06-12,Livros,75.02,1,Sudeste,Cartão de Crédito,75.02
2006,2025-06-12,Casa e Decoração,50.48,3,Sudeste,Boleto,151.44
3698,2025-06-12,Beleza,97.62,1,Sul,Cartão de Crédito,97.62
3685,2025-06-12,Esporte e Lazer,370.71,2,Sul,Pix,741.42
2742,2025-06-12,Livros,83.99,1,Nordeste,Boleto,83.99
4631,2025-06-12,Esporte e Lazer,82.87,1,Norte,Pix,82.87
2843,2025-06-12,Livros,68.62,2,Nordeste,Cartão de Crédito,137.24
3872,2025-06-12,Beleza,40.7,1,Sudeste,Cartão de Crédito,40.7
2299,2025-06-12,Esporte e Lazer,211.83,4,Sudeste,Cartão de Crédito,847.32
2756,2025-06-12,Casa e Decoração,288.43,3,Nordeste,Pix,865.29
1241,2025-06-12,Eletrônicos,403.95,3,Sudeste,Pix,1211.85
303,2025-06-12,Moda,166.5,3,Nordeste,Cartão de Crédito,499.5
1726,2025-06-12,Moda,77.23,1,Nordeste,Pix,77.23
1566,2025-06-12,Livros,46.61,1,Sudeste,Cartão de Crédito,46.61
2917,2025-06-12,Beleza,62.72,1,Nordeste,Cartão de Crédito,62.72
329,2025-06-12,Esporte e Lazer,105.54,4,Nordeste,Cartão de Crédito,422.16
1537,2025-06-12,Esporte e Lazer,142.74,1,Sudeste,Cartão de Crédito,142.74
444,2025-06-12,Eletrônicos,1064.53,2,Sul,Cartão de Crédito,2129.06
2219,2025-06-12,Beleza,102.06,1,Sul,Boleto,102.06
2933,2025-06-12,Moda,133.57,1,Sudeste,Cartão de Crédito,133.57
338,2025-06-12,Eletrônicos,1084.02,2,Sudeste,Cartão de Crédito,2168.04
4781,2025-06-12,Livros,46.02,1,Sudeste,Boleto,46.02
4159,2025-06-12,Livros,55.46,1,Sul,Pix,55.46
1712,2025-06-12,Esporte e Lazer,46.39,1,Sudeste,Cartão de Crédito,46.39
4138,2025-06-12,Casa e Decoração,101.87,1,Norte,Cartão de Crédito,101.87
1409,2025-06-12,Livros,58.93,1,Nordeste,Cartão de Crédito,58.93
3372,2025-06-13,Casa e Decoração,266.58,1,Nordeste,Cartão de Crédito,266.58
4096,2025-06-13,Esporte e Lazer,97.99,4,Nordeste,Cartão de Crédito,391.96
3493,2025-06-13,Livros,47.04,1,Sul,Cartão de Débito,47.04
859,2025-06-13,Beleza,127.45,1,Sudeste,Cartão de Crédito,127.45
54,2025-06-13,Livros,99.26,3,Sudeste,Cartão de Crédito,297.78
4968,2025-06-13,Beleza,162.92,3,Sudeste,Cartão de Crédito,488.76
936,2025-06-13,Beleza,87.13,1,Sul,Pix,87.13
3386,2025-06-13,Esporte e Lazer,286.73,4,Sudeste,Boleto,1146.92
843,2025-06-13,Beleza,40.08,2,Nordeste,Cartão de Crédito,80.16
4658,2025-06-13,Beleza,189.76,3,Sudeste,Pix,569.28
1393,2025-06-13,Esporte e Lazer,161.61,2,Nordeste,Pix,323.22
4366,2025-06-13,Eletrônicos,3471.15,2,Nordeste,Pix,6942.3
4182,2025-06-13,Casa e Decoração,255.41,1,Nordeste,Cartão de Crédito,255.41
4769,2025-06-13,Beleza,121.76,2,Sul,Pix,243.52
2954,2025-06-13,Moda,139.42,3,Nordeste,Cartão de Crédito,418.26
1686,2025-06-13,Casa e Decoração,111.45,1,Sul,Cartão de Crédito,111.45
3340,2025-06-13,Beleza,151.02,2,Sudeste,Cartão de Crédito,302.04
3285,2025-06-13,Eletrônicos,598.2,1,Sudeste,Cartão de Crédito,598.2
129,2025-06-13,Casa e Decoração,472.04,3,Sul,Cartão de Crédito,1416.12
1362,2025-06-13,Moda,293.44,2,Centro-Oeste,Pix,586.88
2392,2025-06-13,Esporte e Lazer,259.14,1,Centro-Oeste,Cartão de Crédito,259.14
4125,2025-06-13,Moda,212.82,1,Nordeste,Cartão de Crédito,212.82
2908,2025-06-13,Casa e Decoração,82.23,2,Sudeste,Pix,164.46
2382,2025-06-13,Beleza,114.58,1,Sudeste,Cartão de Crédito,114.58
3109,2025-06-13,Beleza,143.37,3,Centro-Oeste,Cartão de Crédito,430.11
1398,2025-06-13,Casa e Decoração,226.59,3,Nordeste,Cartão de Crédito,679.77
3947,2025-06-13,Livros,54.45,2,Nordeste,Cartão de Crédito,108.9
2652,2025-06-13,Beleza,88.04,4,Sul,Pix,352.16
3383,2025-06-13,Eletrônicos,495.23,1,Sul,Cartão de Crédito,495.23
27,2025-06-13,Casa e Decoração,477.19,1,Sudeste,Cartão de Crédito,477.19
4553,2025-06-13,Casa e Decoração,84.41,1,Sul,Cartão de Crédito,84.41
3219,2025-06-13,Moda,371.16,2,Nordeste,Pix,742.32
2215,2025-06-13,Casa e Decoração,557.55,3,Sudeste,Cartão de Crédito,1672.65
2139,2025-06-13,Casa e Decoração,191.76,2,Nordeste,Cartão de Crédito,383.52
2760,2025-06-13,Livros,36.28,1,Norte,Pix,36.28
4604,2025-06-13,Moda,263.33,2,Sudeste,Pix,526.66
2141,2025-06-13,Eletrônicos,2391.37,1,Norte,Pix,2391.37
2307,2025-06-13,Beleza,87.88,1,Sul,Cartão de Débito,87.88
142,2025-06-14,Beleza,142.8,1,Sudeste,Pix,142.8
1236,2025-06-14,Beleza,45.28,1,Sudeste,Pix,45.28
4937,2025-06-14,Livros,62.29,1,Norte,Cartão de Crédito,62.29
4850,2025-06-14,Eletrônicos,1248.56,2,Nordeste,Cartão de Crédito,2497.12
2491,2025-06-14,Livros,62.95,1,Centro-Oeste,Cartão de Crédito,62.95
2247,2025-06-14,Beleza,124.44,4,Centro-Oeste,Cartão de Crédito,497.76
4502,2025-06-14,Livros,90.83,1,Nordeste,Pix,90.83
4896,2025-06-14,Beleza,63.04,2,Nordeste,Cartão de Crédito,126.08
4458,2025-06-14,Livros,26.91,1,Centro-Oeste,Pix,26.91
455,2025-06-14,Beleza,236.7,2,Sudeste,Pix,473.4
3170,2025-06-14,Casa e Decoração,404.29,1,Nordeste,Cartão de Crédito,404.29
140,2025-06-14,Esporte e Lazer,263.27,2,Norte,Cartão de Crédito,526.54
2534,2025-06-14,Esporte e Lazer,291.91,2,Sudeste,Cartão de Crédito,583.82
4764,2025-06-14,Livros,109.08,2,Sudeste,Cartão de Débito,218.16
1624,2025-06-15,Casa e Decoração,368.77,2,Nordeste,Pix,737.54
231,2025-06-15,Casa e Decoração,336.94,1,Nordeste,Cartão de Crédito,336.94
4492,2025-06-15,Beleza,80.82,3,Sudeste,Pix,242.46
3207,2025-06-15,Casa e Decoração,484.95,1,Sudeste,Cartão de Crédito,484.95
605,2025-06-15,Livros,42.24,2,Sudeste,Cartão de Crédito,84.48
4666,2025-06-15,Casa e Decoração,535.04,1,Sudeste,Cartão de Crédito,535.04
709,2025-06-15,Moda,261.62,2,Nordeste,Boleto,523.24
2073,2025-06-15,Livros,25.51,4,Sudeste,Pix,102.04
4722,2025-06-15,Livros,66.96,1,Nordeste,Boleto,66.96
4068,2025-06-15,Eletrônicos,1949.03,2,Sul,Cartão de Débito,3898.06
4980,2025-06-15,Eletrônicos,1737.69,2,Sudeste,Cartão de Crédito,3475.38
4670,2025-06-15,Livros,35.37,1,Sudeste,Pix,35.37
3168,2025-06-16,Moda,321.72,2,Centro-Oeste,Cartão de Crédito,643.44
3133,2025-06-16,Eletrônicos,2154.63,1,Sul,Cartão de Crédito,2154.63
685,2025-06-16,Beleza,72.15,1,Sudeste,Cartão de Crédito,72.15
4300,2025-06-16,Eletrônicos,346.72,4,Sudeste,Cartão de Crédito,1386.88
3167,2025-06-16,Esporte e Lazer,88.2,3,Nordeste,Cartão de Débito,264.6
2755,2025-06-16,Eletrônicos,1386.13,1,Nordeste,Pix,1386.13
4665,2025-06-16,Livros,56.85,2,Sudeste,Boleto,113.7
118,2025-06-16,Eletrônicos,2638.48,1,Norte,Boleto,2638.48
2044,2025-06-17,Eletrônicos,2935.5,4,Sudeste,Cartão de Crédito,11742.0
1012,2025-06-17,Moda,232.79,2,Nordeste,Cartão de Crédito,465.58
4285,2025-06-18,Casa e Decoração,390.86,3,Sul,Cartão de Crédito,1172.58
773,2025-06-18,Beleza,24.4,2,Nordeste,Pix,48.8
3410,2025-06-19,Livros,40.65,1,Centro-Oeste,Cartão de Crédito,40.65
4542,2025-06-19,Casa e Decoração,105.44,2,Sudeste,Cartão de Crédito,210.88
4162,2025-06-19,Moda,203.56,4,Sudeste,Cartão de Crédito,814.24
407,2025-06-19,Casa e Decoração,175.26,2,Norte,Cartão de Crédito,350.52
4693,2025-06-20,Esporte e Lazer,215.21,1,Sul,Cartão de Crédito,215.21
4645,2025-06-20,Moda,283.04,1,Sul,Pix,283.04
2214,2025-06-20,Livros,53.52,1,Sudeste,Pix,53.52
4721,2025-06-20,Eletrônicos,1174.41,2,Sul,Pix,2348.82
2335,2025-06-20,Eletrônicos,468.05,1,Nordeste,Boleto,468.05
3717,2025-06-20,Livros,58.9,4,Nordeste,Cartão de Crédito,235.6
4579,2025-06-20,Moda,103.67,1,Sudeste,Pix,103.67
3668,2025-06-20,Moda,219.06,2,Sudeste,Pix,438.12
1919,2025-06-21,Eletrônicos,997.2,1,Sul,Cartão de Crédito,997.2
1703,2025-06-21,Beleza,123.95,2,Nordeste,Pix,247.9
2394,2025-06-21,Moda,212.44,1,Centro-Oeste,Cartão de Débito,212.44
1642,2025-06-21,Livros,43.35,3,Sudeste,Pix,130.05
1341,2025-06-22,Casa e Decoração,244.15,1,Sudeste,Pix,244.15
1860,2025-06-22,Beleza,28.13,1,Sudeste,Cartão de Débito,28.13
1888,2025-06-22,Eletrônicos,2778.99,1,Sudeste,Pix,2778.99
1535,2025-06-22,Moda,355.25,4,Sudeste,Cartão de Crédito,1421.0
4725,2025-06-23,Esporte e Lazer,367.94,4,Nordeste,Pix,1471.76
4779,2025-06-23,Livros,33.84,3,Sudeste,Pix,101.52
1360,2025-06-23,Esporte e Lazer,108.96,2,Sudeste,Pix,217.92
3571,2025-06-23,Livros,37.65,1,Sudeste,Cartão de Crédito,37.65
4611,2025-06-23,Beleza,49.32,3,Sul,Pix,147.96
903,2025-06-23,Esporte e Lazer,120.18,4,Sul,Cartão de Crédito,480.72
2879,2025-06-24,Moda,129.24,3,Sudeste,Cartão de Crédito,387.72
2719,2025-06-24,Moda,161.31,1,Sudeste,Pix,161.31
4254,2025-06-24,Eletrônicos,1889.9,2,Norte,Cartão de Débito,3779.8
4605,2025-06-25,Livros,48.65,1,Nordeste,Pix,48.65
3789,2025-06-25,Moda,49.34,1,Sul,Cartão de Crédito,49.34
4351,2025-06-25,Casa e Decoração,514.06,1,Sul,Cartão de Crédito,514.06
1695,2025-06-25,Moda,86.59,1,Nordeste,Pix,86.59
4122,2025-06-25,Eletrônicos,240.69,2,Sudeste,Pix,481.38
2032,2025-06-25,Moda,164.56,3,Nordeste,Pix,493.68
1665,2025-06-26,Eletrônicos,1430.23,2,Sudeste,Cartão de Crédito,2860.46
2436,2025-06-26,Beleza,54.02,1,Nordeste,Pix,54.02
409,2025-06-26,Casa e Decoração,867.75,1,Sul,Cartão de Crédito,867.75
2134,2025-06-27,Moda,178.21,3,Sudeste,Boleto,534.63
701,2025-06-27,Eletrônicos,1660.43,2,Nordeste,Cartão de Crédito,3320.86
4952,2025-06-27,Moda,375.43,2,Sudeste,Cartão de Crédito,750.86
3074,2025-06-27,Moda,128.32,3,Sudeste,Pix,384.96
632,2025-06-28,Beleza,126.46,1,Sul,Cartão de Crédito,126.46
2118,2025-06-29,Casa e Decoração,567.86,2,Sul,Pix,1135.72
2837,2025-06-29,Moda,160.26,1,Sul,Cartão de Crédito,160.26
3359,2025-06-29,Livros,81.38,1,Norte,Pix,81.38
3549,2025-06-29,Eletrônicos,2046.87,1,Sul,Cartão de Crédito,2046.87
439,2025-06-29,Casa e Decoração,332.95,3,Norte,Cartão de Crédito,998.85
4337,2025-06-30,Esporte e Lazer,37.93,3,Norte,Pix,113.79
888,2025-06-30,Beleza,103.05,4,Nordeste,Cartão de Crédito,412.2
3819,2025-06-30,Esporte e Lazer,97.28,2,Sudeste,Cartão de Débito,194.56
2250,2025-06-30,Eletrônicos,458.03,1,Sudeste,Cartão de Crédito,458.03
4878,2025-06-30,Casa e Decoração,464.13,1,Nordeste,Cartão de Crédito,464.13
1721,2025-06-30,Moda,108.81,1,Norte,Cartão de Crédito,108.81
1141,2025-06-30,Livros,85.21,2,Nordeste,Cartão de Crédito,170.42
4299,2025-06-30,Casa e Decoração,179.43,1,Nordeste,Cartão de Crédito,179.43
2861,2025-07-01,Casa e Decoração,314.3,2,Nordeste,Cartão de Débito,628.6
2328,2025-07-01,Livros,30.81,2,Sudeste,Cartão de Crédito,61.62
2568,2025-07-01,Esporte e Lazer,81.31,2,Nordeste,Pix,162.62
1592,2025-07-01,Beleza,77.35,1,Nordeste,Cartão de Crédito,77.35
2246,2025-07-01,Livros,43.09,4,Sul,Pix,172.36
2602,2025-07-01,Casa e Decoração,168.54,2,Sudeste,Cartão de Crédito,337.08
1632,2025-07-02,Casa e Decoração,85.31,3,Sudeste,Cartão de Crédito,255.93
2350,2025-07-02,Beleza,80.96,2,Sudeste,Pix,161.92
750,2025-07-02,Esporte e Lazer,102.77,1,Sul,Cartão de Crédito,102.77
2447,2025-07-02,Casa e Decoração,92.33,4,Nordeste,Cartão de Crédito,369.32
4696,2025-07-02,Livros,50.86,2,Sudeste,Cartão de Crédito,101.72
2689,2025-07-03,Casa e Decoração,165.02,2,Centro-Oeste,Cartão de Crédito,330.04
4329,2025-07-03,Beleza,69.46,1,Sudeste,Pix,69.46
4657,2025-07-03,Livros,35.83,1,Norte,Boleto,35.83
4501,2025-07-03,Casa e Decoração,220.8,2,Norte,Cartão de Crédito,441.6
1006,2025-07-03,Esporte e Lazer,209.84,2,Sul,Cartão de Crédito,419.68
397,2025-07-03,Casa e Decoração,527.53,1,Nordeste,Pix,527.53
3405,2025-07-03,Eletrônicos,1631.14,1,Nordeste,Cartão de Crédito,1631.14
2075,2025-07-03,Moda,103.02,1,Sudeste,Pix,103.02
2463,2025-07-04,Moda,85.71,1,Nordeste,Cartão de Crédito,85.71
1744,2025-07-04,Esporte e Lazer,283.44,3,Sudeste,Cartão de Crédito,850.32
3868,2025-07-04,Casa e Decoração,331.83,1,Nordeste,Boleto,331.83
2560,2025-07-04,Casa e Decoração,182.38,2,Sul,Cartão de Crédito,364.76
777,2025-07-04,Casa e Decoração,180.69,1,Sul,Cartão de Crédito,180.69
4272,2025-07-04,Eletrônicos,1230.92,3,Sul,Cartão de Débito,3692.76
3608,2025-07-04,Eletrônicos,685.54,1,Centro-Oeste,Cartão de Crédito,685.54
3280,2025-07-05,Moda,56.83,1,Sudeste,Cartão de Crédito,56.83
2010,2025-07-05,Beleza,115.94,2,Sudeste,Cartão de Crédito,231.88
3391,2025-07-05,Moda,181.2,4,Centro-Oeste,Cartão de Crédito,724.8
191,2025-07-06,Beleza,76.44,1,Nordeste,Pix,76.44
145,2025-07-06,Moda,202.29,2,Sul,Pix,404.58
286,2025-07-06,Casa e Decoração,348.6,1,Sul,Pix,348.6
4370,2025-07-06,Beleza,147.36,1,Centro-Oeste,Cartão de Crédito,147.36
2269,2025-07-06,Beleza,47.55,2,Nordeste,Cartão de Crédito,95.1
191,2025-07-06,Beleza,76.44,1,Nordeste,Pix,76.44
4170,2025-07-07,Esporte e Lazer,94.16,2,Sudeste,Cartão de Crédito,188.32
11,2025-07-07,Livros,47.34,1,Sudeste,Cartão de Crédito,47.34
1443,2025-07-07,Moda,180.4,1,Centro-Oeste,Pix,180.4
17,2025-07-07,Beleza,50.4,4,Sudeste,Pix,201.6
2924,2025-07-07,Eletrônicos,754.89,4,Norte,Pix,3019.56
3506,2025-07-07,Moda,213.96,2,Sul,Pix,427.92
4484,2025-07-07,Livros,36.43,4,Sudeste,Cartão de Crédito,145.72
3247,2025-07-07,Esporte e Lazer,176.82,1,Centro-Oeste,Pix,176.82
1657,2025-07-07,Casa e Decoração,613.09,3,Nordeste,Cartão de Crédito,1839.27
453,2025-07-07,Eletrônicos,1492.6,1,Sul,Pix,1492.6
1453,2025-07-08,Livros,86.0,2,Sudeste,Pix,172.0
2063,2025-07-09,Livros,28.19,3,Centro-Oeste,Cartão de Crédito,84.57
1308,2025-07-09,Esporte e Lazer,331.22,1,Nordeste,Cartão de Crédito,331.22
2242,2025-07-09,Esporte e Lazer,293.57,1,Norte,Boleto,293.57
2381,2025-07-09,Esporte e Lazer,267.42,1,Nordeste,Cartão de Débito,267.42
2107,2025-07-09,Livros,38.73,1,Sul,Cartão de Crédito,38.73
921,2025-07-09,Moda,361.2,2,Sudeste,Cartão de Crédito,722.4
1204,2025-07-10,Livros,34.72,1,Sul,Pix,34.72
1858,2025-07-10,Eletrônicos,566.98,1,Nordeste,Cartão de Crédito,566.98
1464,2025-07-10,Casa e Decoração,66.39,2,Sudeste,Pix,132.78
2844,2025-07-10,Eletrônicos,1299.62,1,Nordeste,Cartão de Crédito,1299.62
1531,2025-07-10,Eletrônicos,619.08,3,Norte,Pix,1857.24
1681,2025-07-11,Livros,41.14,1,Nordeste,Cartão de Crédito,41.14
13,2025-07-11,Moda,285.26,1,Nordeste,Cartão de Débito,285.26
3389,2025-07-11,Beleza,138.0,2,Nordeste,Cartão de Crédito,276.0
912,2025-07-11,Beleza,61.47,1,Norte,Cartão de Crédito,61.47
3719,2025-07-11,Eletrônicos,1130.73,2,Sudeste,Pix,2261.46
1571,2025-07-11,Beleza,104.88,3,Sudeste,Cartão de Crédito,314.64
708,2025-07-12,Livros,102.61,1,Sudeste,Cartão de Crédito,102.61
4708,2025-07-12,Beleza,94.83,1,Sul,Pix,94.83
1412,2025-07-12,Livros,47.83,1,Centro-Oeste,Pix,47.83
2239,2025-07-12,Moda,77.04,2,Sudeste,Cartão de Crédito,154.08
1621,2025-07-12,Livros,26.77,1,Sul,Cartão de Crédito,26.77
1245,2025-07-12,Eletrônicos,1248.38,2,Sudeste,Pix,2496.76
3716,2025-07-12,Livros,45.61,1,Sul,Pix,45.61
3203,2025-07-13,Casa e Decoração,213.9,1,Norte,Boleto,213.9
25,2025-07-13,Esporte e Lazer,240.64,1,Sudeste,Cartão de Crédito,240.64
1893,2025-07-13,Eletrônicos,1760.62,1,Nordeste,Pix,1760.62
765,2025-07-14,Beleza,155.95,1,Sul,Pix,155.95
2820,2025-07-14,Moda,114.07,2,Sudeste,Cartão de Crédito,228.14
1805,2025-07-14,Moda,51.85,2,Sul,Pix,103.7
2675,2025-07-14,Moda,52.48,1,Sudeste,Pix,52.48
3457,2025-07-14,Beleza,23.87,3,Centro-Oeste,Pix,71.61
622,2025-07-14,Esporte e Lazer,361.45,1,Sudeste,Boleto,361.45
1100,2025-07-14,Moda,94.02,1,Sudeste,Cartão de Crédito,94.02
4626,2025-07-14,Eletrônicos,296.88,3,Sudeste,Cartão de Crédito,890.64
4633,2025-07-15,Casa e Decoração,128.04,4,Sudeste,Cartão de Crédito,512.16
661,2025-07-15,Esporte e Lazer,438.03,3,Sudeste,Cartão de Crédito,1314.09
2273,2025-07-15,Livros,83.9,3,Nordeste,Cartão de Débito,251.7
1479,2025-07-15,Esporte e Lazer,131.45,1,Nordeste,Pix,131.45
900,2025-07-15,Casa e Decoração,96.46,2,Sul,Cartão de Crédito,192.92
4526,2025-07-15,Beleza,21.16,1,Sudeste,Cartão de Crédito,21.16
1613,2025-07-16,Beleza,140.59,1,Sul,Cartão de Crédito,140.59
865,2025-07-16,Eletrônicos,2019.62,1,Sudeste,Cartão de Crédito,2019.62
4589,2025-07-16,Esporte e Lazer,453.13,2,Sul,Cartão de Crédito,906.26
1205,2025-07-16,Livros,49.32,2,Sudeste,Pix,98.64
3597,2025-07-16,Livros,44.86,1,Sul,Pix,44.86
172,2025-07-16,Esporte e Lazer,365.39,2,Nordeste,Cartão de Crédito,730.78
3507,2025-07-16,Livros,23.87,1,Sul,Cartão de Crédito,23.87
4061,2025-07-16,Eletrônicos,193.26,2,Nordeste,Pix,386.52
1415,2025-07-17,Eletrônicos,1864.63,1,Sudeste,Cartão de Crédito,1864.63
844,2025-07-17,Eletrônicos,481.77,2,Nordeste,Boleto,963.54
998,2025-07-17,Moda,196.01,1,Sudeste,Cartão de Crédito,196.01
4744,2025-07-17,Livros,56.62,4,Sudeste,Pix,226.48
1797,2025-07-17,Eletrônicos,1190.65,1,Nordeste,Pix,1190.65
549,2025-07-17,Moda,117.64,4,Nordeste,Pix,470.56
4294,2025-07-17,Moda,188.71,1,Sudeste,Cartão de Crédito,188.71
947,2025-07-18,Casa e Decoração,410.03,1,Nordeste,Cartão de Crédito,410.03
3970,2025-07-18,Moda,369.81,2,Sul,Cartão de Crédito,739.62
4917,2025-07-18,Moda,190.48,1,Centro-Oeste,Cartão de Crédito,190.48
3181,2025-07-18,Eletrônicos,2249.0,1,Sul,Cartão de Crédito,2249.0
3839,2025-07-19,Esporte e Lazer,257.0,1,Sudeste,Cartão de Crédito,257.0
154,2025-07-19,Moda,81.82,3,Sudeste,Cartão de Crédito,245.46
634,2025-07-19,Moda,92.21,1,Sudeste,Pix,92.21
336,2025-07-19,Casa e Decoração,498.17,1,Nordeste,Cartão de Crédito,498.17
1324,2025-07-19,Moda,52.28,4,Sudeste,Pix,209.12
4789,2025-07-19,Casa e Decoração,620.15,2,Sudeste,Pix,1240.3
4450,2025-07-19,Casa e Decoração,234.69,2,Nordeste,Cartão de Crédito,469.38
3676,2025-07-20,Eletrônicos,392.09,1,Sudeste,Cartão de Crédito,392.09
3953,2025-07-20,Eletrônicos,925.2,1,Sudeste,Cartão de Crédito,925.2
1693,2025-07-20,Moda,105.99,1,Sul,Cartão de Crédito,105.99
387,2025-07-20,Moda,125.98,1,Sul,Cartão de Crédito,125.98
2293,2025-07-20,Livros,65.03,2,Sul,Pix,130.06
907,2025-07-21,Casa e Decoração,103.93,2,Sudeste,Pix,207.86
4196,2025-07-21,Esporte e Lazer,171.81,2,Sudeste,Pix,343.62
826,2025-07-21,Livros,23.79,1,Sul,Pix,23.79
4603,2025-07-22,Esporte e Lazer,119.14,3,Sudeste,Pix,357.42
3270,2025-07-22,Esporte e Lazer,399.65,2,Sul,Cartão de Crédito,799.3
1447,2025-07-22,Livros,29.93,2,Sudeste,Boleto,59.86
391,2025-07-23,Eletrônicos,1762.37,2,Centro-Oeste,Cartão de Crédito,3524.74
1300,2025-07-23,Esporte e Lazer,118.46,1,Nordeste,Cartão de Crédito,118.46
1654,2025-07-23,Eletrônicos,1329.34,4,Nordeste,Cartão de Crédito,5317.36
1023,2025-07-23,Moda,123.73,1,Sudeste,Cartão de Crédito,123.73
1081,2025-07-24,Beleza,201.49,1,Sudeste,Pix,201.49
4595,2025-07-24,Livros,73.86,1,Centro-Oeste,Cartão de Crédito,73.86
3580,2025-07-24,Esporte e Lazer,351.27,1,Centro-Oeste,Cartão de Crédito,351.27
2839,2025-07-24,Eletrônicos,903.92,1,Sul,Cartão de Crédito,903.92
3332,2025-07-24,Livros,74.46,2,Norte,Pix,148.92
2840,2025-07-24,Esporte e Lazer,165.01,2,Sudeste,Cartão de Crédito,330.02
737,2025-07-24,Livros,97.64,2,Sul,Boleto,195.28
3897,2025-07-25,Beleza,30.89,1,Sudeste,Pix,30.89
3514,2025-07-25,Casa e Decoração,263.25,2,Sudeste,Cartão de Crédito,526.5
3222,2025-07-25,Esporte e Lazer,154.04,1,Nordeste,Pix,154.04
1492,2025-07-25,Esporte e Lazer,414.64,1,Nordeste,Pix,414.64
536,2025-07-25,Beleza,74.26,1,Centro-Oeste,Cartão de Crédito,74.26
1755,2025-07-25,Esporte e Lazer,494.09,1,Sudeste,Cartão de Crédito,494.09
2539,2025-07-26,Casa e Decoração,151.88,4,Sudeste,Cartão de Crédito,607.52
4756,2025-07-26,Eletrônicos,1199.62,4,Sul,Cartão de Crédito,4798.48
1618,2025-07-26,Eletrônicos,1716.54,3,Sudeste,Cartão de Débito,5149.62
3721,2025-07-26,Moda,76.15,2,Nordeste,Pix,152.3
3392,2025-07-26,Casa e Decoração,500.55,2,Norte,Cartão de Crédito,1001.1
2497,2025-07-26,Moda,85.98,1,Sul,Cartão de Débito,85.98
3683,2025-07-26,Esporte e Lazer,464.22,1,Sul,Pix,464.22
3290,2025-07-27,Eletrônicos,493.44,1,Sudeste,Cartão de Crédito,493.44
2067,2025-07-27,Eletrônicos,1308.92,2,Sudeste,Cartão de Crédito,2617.84
911,2025-07-27,Eletrônicos,582.43,2,Sul,Boleto,1164.86
4942,2025-07-27,Casa e Decoração,833.31,4,Nordeste,Cartão de Crédito,3333.24
930,2025-07-27,Beleza,93.87,3,Sul,Pix,281.61
3149,2025-07-27,Casa e Decoração,246.47,2,Sudeste,Cartão de Crédito,492.94
687,2025-07-27,Casa e Decoração,278.5,4,Nordeste,Pix,1114.0
3559,2025-07-28,Eletrônicos,1113.94,1,Sul,Cartão de Crédito,1113.94
4266,2025-07-28,Beleza,79.58,4,Norte,Cartão de Crédito,318.32
3450,2025-07-28,Moda,160.18,1,Sul,Cartão de Crédito,160.18
514,2025-07-28,Beleza,49.38,2,Sul,Cartão de Crédito,98.76
4777,2025-07-28,Esporte e Lazer,398.6,1,Sudeste,Boleto,398.6
425,2025-07-28,Moda,180.92,1,Sul,Cartão de Crédito,180.92
589,2025-07-28,Livros,58.2,1,Sul,Pix,58.2
4642,2025-07-28,Casa e Decoração,164.01,2,Centro-Oeste,Cartão de Crédito,328.02
1327,2025-07-29,Esporte e Lazer,58.4,1,Nordeste,Cartão de Crédito,58.4
512,2025-07-29,Eletrônicos,991.64,1,Sudeste,Cartão de Crédito,991.64
4540,2025-07-29,Esporte e Lazer,89.01,1,Sul,Cartão de Crédito,89.01
791,2025-07-29,Beleza,77.91,1,Sudeste,Pix,77.91
3555,2025-07-30,Moda,253.23,1,Norte,Cartão de Crédito,253.23
4227,2025-07-30,Beleza,39.65,3,Sul,Cartão de Crédito,118.95
4995,2025-07-30,Esporte e Lazer,273.13,2,Nordeste,Pix,546.26
3433,2025-07-30,Beleza,37.72,2,Centro-Oeste,Cartão de Crédito,75.44
3099,2025-07-31,Moda,139.06,4,Nordeste,Cartão de Crédito,556.24
1536,2025-07-31,Esporte e Lazer,178.25,1,Sudeste,Cartão de Crédito,178.25
3119,2025-07-31,Casa e Decoração,431.14,3,Sudeste,Cartão de Crédito,1293.42
2998,2025-07-31,Casa e Decoração,77.67,1,Sul,Boleto,77.67
1491,2025-07-31,Eletrônicos,498.97,1,Sudeste,Cartão de Crédito,498.97
4371,2025-08-01,Eletrônicos,1774.47,3,Sudeste,Cartão de Crédito,5323.41
2369,2025-08-01,Livros,38.78,4,Nordeste,Pix,155.12
3659,2025-08-01,Casa e Decoração,315.49,1,Norte,Pix,315.49
398,2025-08-01,Casa e Decoração,207.17,4,Sudeste,Boleto,828.68
2399,2025-08-01,Livros,35.57,3,Sul,Pix,106.71
3037,2025-08-01,Eletrônicos,609.22,1,Sudeste,Cartão de Crédito,609.22
4827,2025-08-02,Esporte e Lazer,49.06,2,Sudeste,Pix,98.12
2196,2025-08-02,Moda,254.68,2,Sul,Boleto,509.36
3289,2025-08-02,Beleza,102.47,1,Nordeste,Cartão de Crédito,102.47
2507,2025-08-02,Casa e Decoração,266.73,2,Sudeste,Cartão de Crédito,533.46
3005,2025-08-02,Moda,320.7,1,Sudeste,Cartão de Débito,320.7
2692,2025-08-02,Livros,35.41,3,Centro-Oeste,Cartão de Crédito,106.23
835,2025-08-03,Casa e Decoração,329.95,1,Sudeste,Cartão de Crédito,329.95
3164,2025-08-03,Beleza,129.99,3,Sudeste,Cartão de Crédito,389.97
1244,2025-08-03,Livros,63.1,1,Nordeste,Cartão de Crédito,63.1
2586,2025-08-03,Beleza,79.54,1,Sul,Cartão de Crédito,79.54
1921,2025-08-03,Eletrônicos,2176.09,2,Sudeste,Cartão de Crédito,4352.18
2163,2025-08-03,Eletrônicos,1053.58,1,Norte,Cartão de Crédito,1053.58
1215,2025-08-04,Eletrônicos,408.35,2,Nordeste,Cartão de Crédito,816.7
3059,2025-08-04,Moda,124.73,1,Sudeste,Pix,124.73
4836,2025-08-04,Beleza,111.43,1,Norte,Cartão de Crédito,111.43
853,2025-08-04,Esporte e Lazer,376.97,2,Sudeste,Pix,753.94
3934,2025-08-04,Beleza,73.32,2,Centro-Oeste,Cartão de Débito,146.64
104,2025-08-05,Moda,66.19,3,Norte,Cartão de Crédito,198.57
4346,2025-08-05,Casa e Decoração,464.58,1,Norte,Cartão de Crédito,464.58
762,2025-08-06,Beleza,43.23,4,Nordeste,Cartão de Débito,172.92
2927,2025-08-06,Beleza,49.5,1,Sul,Cartão de Crédito,49.5
4448,2025-08-06,Moda,103.59,1,Sudeste,Cartão de Crédito,103.59
4699,2025-08-06,Moda,67.18,2,Sudeste,Boleto,134.36
4046,2025-08-06,Esporte e Lazer,250.42,2,Nordeste,Cartão de Crédito,500.84
4071,2025-08-06,Esporte e Lazer,412.72,2,Sul,Pix,825.44
153,2025-08-06,Eletrônicos,1370.07,4,Sudeste,Cartão de Débito,5480.28
766,2025-08-06,Beleza,38.55,2,Sudeste,Pix,77.1
3515,2025-08-07,Eletrônicos,3047.93,3,Sudeste,Pix,9143.79
3482,2025-08-07,Casa e Decoração,313.91,1,Sudeste,Pix,313.91
412,2025-08-07,Eletrônicos,1945.5,1,Sudeste,Cartão de Débito,1945.5
1580,2025-08-08,Beleza,65.75,1,Nordeste,Cartão de Crédito,65.75
1506,2025-08-08,Esporte e Lazer,93.35,1,Nordeste,Cartão de Crédito,93.35
4820,2025-08-08,Eletrônicos,2874.71,1,Sudeste,Pix,2874.71
1196,2025-08-09,Moda,204.51,4,Sudeste,Cartão de Crédito,818.04
861,2025-08-09,Beleza,151.27,1,Sul,Cartão de Crédito,151.27
1207,2025-08-09,Casa e Decoração,170.16,1,Sudeste,Pix,170.16
2013,2025-08-10,Esporte e Lazer,483.91,3,Sudeste,Cartão de Crédito,1451.73
3281,2025-08-10,Eletrônicos,1118.99,4,Nordeste,Pix,4475.96
1268,2025-08-10,Beleza,23.7,2,Nordeste,Pix,47.4
2123,2025-08-10,Casa e Decoração,330.59,4,Sudeste,Pix,1322.36
1697,2025-08-10,Esporte e Lazer,53.69,2,Sudeste,Cartão de Crédito,107.38
2403,2025-08-10,Eletrônicos,2943.7,2,Nordeste,Cartão de Crédito,5887.4
1582,2025-08-10,Moda,103.99,4,Sudeste,Cartão de Crédito,415.96
4481,2025-08-10,Moda,120.44,2,Nordeste,Pix,240.88
520,2025-08-11,Esporte e Lazer,101.84,1,Sudeste,Cartão de Crédito,101.84
1170,2025-08-11,Casa e Decoração,102.27,2,Sudeste,Cartão de Débito,204.54
2237,2025-08-11,Livros,47.29,1,Nordeste,Boleto,47.29
2784,2025-08-11,Eletrônicos,693.95,1,Sudeste,Cartão de Crédito,693.95
323,2025-08-12,Moda,73.98,1,Sudeste,Pix,73.98
2445,2025-08-12,Casa e Decoração,171.61,1,Nordeste,Pix,171.61
3577,2025-08-12,Eletrônicos,2025.97,1,Sul,Cartão de Crédito,2025.97
2521,2025-08-13,Casa e Decoração,515.85,3,Sul,Boleto,1547.55
4437,2025-08-13,Beleza,177.79,1,Sudeste,Cartão de Débito,177.79
4258,2025-08-13,Beleza,54.17,2,Norte,Cartão de Crédito,108.34
1620,2025-08-14,Casa e Decoração,213.68,2,Centro-Oeste,Cartão de Crédito,427.36
3636,2025-08-14,Esporte e Lazer,468.04,3,Sudeste,Pix,1404.12
353,2025-08-14,Moda,237.29,4,Sudeste,Cartão de Crédito,949.16
132,2025-08-15,Moda,100.15,3,Sudeste,Cartão de Crédito,300.45
4519,2025-08-15,Casa e Decoração,77.42,3,Sudeste,Pix,232.26
971,2025-08-15,Esporte e Lazer,190.16,1,Sudeste,Cartão de Débito,190.16
3151,2025-08-15,Livros,75.48,3,Sul,Cartão de Crédito,226.44
4888,2025-08-16,Casa e Decoração,259.22,2,Norte,Cartão de Crédito,518.44
315,2025-08-16,Casa e Decoração,285.23,1,Centro-Oeste,Cartão de Débito,285.23
4240,2025-08-16,Casa e Decoração,321.16,4,Sudeste,Cartão de Crédito,1284.64
658,2025-08-16,Esporte e Lazer,445.19,1,Sudeste,Cartão de Crédito,445.19
3536,2025-08-16,Casa e Decoração,73.17,1,Nordeste,Cartão de Crédito,73.17
1927,2025-08-16,Beleza,80.65,1,Sudeste,Cartão de Crédito,80.65
1066,2025-08-16,Eletrônicos,185.38,1,Sudeste,Cartão de Crédito,185.38
3936,2025-08-16,Eletrônicos,550.24,4,Sudeste,Pix,2200.96
4965,2025-08-17,Eletrônicos,1728.83,2,Norte,Pix,3457.66
4238,2025-08-18,Moda,149.37,1,Sul,Boleto,149.37
1789,2025-08-18,Livros,61.92,3,Sudeste,Cartão de Crédito,185.76
1690,2025-08-18,Esporte e Lazer,34.03,4,Sul,Cartão de Crédito,136.12
4244,2025-08-18,Eletrônicos,938.96,2,Nordeste,Cartão de Crédito,1877.92
1559,2025-08-18,Esporte e Lazer,235.34,1,Norte,Cartão de Débito,235.34
417,2025-08-19,Casa e Decoração,43.72,2,Sudeste,Pix,87.44
3461,2025-08-19,Casa e Decoração,179.66,2,Sudeste,Cartão de Crédito,359.32
1844,2025-08-20,Beleza,37.21,2,Sudeste,Cartão de Crédito,74.42
4077,2025-08-20,Moda,146.77,2,Sudeste,Boleto,293.54
1494,2025-08-20,Beleza,28.14,4,Norte,Cartão de Crédito,112.56
2902,2025-08-20,Livros,72.17,2,Centro-Oeste,Pix,144.34
4334,2025-08-20,Livros,33.71,2,Nordeste,Pix,67.42
2046,2025-08-20,Casa e Decoração,202.03,2,Centro-Oeste,Cartão de Crédito,404.06
4784,2025-08-20,Esporte e Lazer,150.89,1,Sudeste,Cartão de Crédito,150.89
2066,2025-08-21,Esporte e Lazer,408.48,1,Nordeste,Cartão de Crédito,408.48
1251,2025-08-21,Eletrônicos,1545.31,1,Nordeste,Cartão de Crédito,1545.31
225,2025-08-21,Eletrônicos,1758.6,2,Sudeste,Cartão de Crédito,3517.2
4413,2025-08-23,Livros,78.59,1,Nordeste,Cartão de Crédito,78.59
4562,2025-08-23,Casa e Decoração,214.57,1,Sudeste,Cartão de Débito,214.57
2803,2025-08-23,Casa e Decoração,561.69,3,Sudeste,Boleto,1685.07
248,2025-08-23,Livros,39.37,2,Sudeste,Cartão de Crédito,78.74
216,2025-08-23,Casa e Decoração,131.89,2,Norte,Cartão de Crédito,263.78
4218,2025-08-24,Eletrônicos,264.93,1,Sul,Cartão de Crédito,264.93
2889,2025-08-24,Casa e Decoração,430.07,2,Sudeste,Cartão de Crédito,860.14
540,2025-08-24,Livros,111.33,2,Norte,Pix,222.66
739,2025-08-24,Esporte e Lazer,75.08,1,Sul,Cartão de Crédito,75.08
1477,2025-08-24,Livros,39.23,1,Sudeste,Cartão de Crédito,39.23
3472,2025-08-24,Casa e Decoração,648.44,1,Sul,Cartão de Crédito,648.44
4655,2025-08-24,Beleza,34.69,2,Sudeste,Pix,69.38
3935,2025-08-24,Eletrônicos,1172.83,1,Norte,Cartão de Crédito,1172.83
584,2025-08-24,Esporte e Lazer,233.65,1,Sudeste,Boleto,233.65
2684,2025-08-25,Beleza,118.15,2,Sudeste,Cartão de Crédito,236.3
1671,2025-08-26,Casa e Decoração,687.08,2,Sudeste,Pix,1374.16
832,2025-08-26,Eletrônicos,298.63,3,Sul,Boleto,895.89
312,2025-08-26,Livros,77.56,1,Centro-Oeste,Pix,77.56
1007,2025-08-26,Esporte e Lazer,359.98,2,Nordeste,Cartão de Crédito,719.96
3763,2025-08-26,Livros,82.29,2,Sul,Cartão de Crédito,164.58
4017,2025-08-26,Beleza,26.75,1,Sudeste,Pix,26.75
2934,2025-08-26,Beleza,78.8,1,Nordeste,Cartão de Débito,78.8
2366,2025-08-26,Livros,23.27,1,Sudeste,Pix,23.27
3111,2025-08-27,Casa e Decoração,572.24,2,Sudeste,Pix,1144.48
4936,2025-08-27,Livros,64.39,2,Sudeste,Pix,128.78
3387,2025-08-27,Esporte e Lazer,256.65,1,Centro-Oeste,Cartão de Crédito,256.65
2385,2025-08-27,Moda,137.43,2,Nordeste,Cartão de Crédito,274.86
2852,2025-08-27,Eletrônicos,1949.92,1,Sul,Pix,1949.92
3118,2025-08-27,Esporte e Lazer,397.94,2,Nordeste,Cartão de Crédito,795.88
4222,2025-08-28,Casa e Decoração,293.28,1,Nordeste,Cartão de Crédito,293.28
63,2025-08-28,Beleza,140.74,1,Sudeste,Cartão de Débito,140.74
543,2025-08-28,Esporte e Lazer,395.65,1,Nordeste,Pix,395.65
2514,2025-08-29,Casa e Decoração,72.83,2,Nordeste,Pix,145.66
2667,2025-08-29,Eletrônicos,1025.22,4,Sul,Cartão de Débito,4100.88
4030,2025-08-29,Moda,300.08,2,Nordeste,Cartão de Crédito,600.16
1872,2025-08-29,Livros,28.27,4,Centro-Oeste,Cartão de Débito,113.08
3994,2025-08-29,Esporte e Lazer,349.71,4,Nordeste,Cartão de Crédito,1398.84
1334,2025-08-30,Moda,85.11,1,Sudeste,Pix,85.11
1083,2025-08-30,Eletrônicos,353.12,1,Sul,Cartão de Crédito,353.12
2052,2025-08-30,Moda,180.61,3,Sul,Cartão de Crédito,541.83
698,2025-08-30,Beleza,231.05,2,Nordeste,Cartão de Débito,462.1
30,2025-08-30,Eletrônicos,2884.58,1,Nordeste,Cartão de Crédito,2884.58
3919,2025-08-31,Esporte e Lazer,60.66,1,Sudeste,Boleto,60.66
4026,2025-08-31,Livros,42.2,1,Sudeste,Cartão de Crédito,42.2
746,2025-08-31,Livros,95.97,4,Sudeste,Boleto,383.88
2165,2025-08-31,Esporte e Lazer,485.36,3,Nordeste,Cartão de Crédito,1456.08
1788,2025-09-01,Esporte e Lazer,167.85,1,Centro-Oeste,Pix,167.85
163,2025-09-01,Moda,105.01,1,Nordeste,Cartão de Crédito,105.01
2754,2025-09-01,Beleza,67.98,1,Sudeste,Pix,67.98
3628,2025-09-01,Moda,249.35,2,Sudeste,Cartão de Crédito,498.7
4606,2025-09-01,Esporte e Lazer,35.66,4,Norte,Cartão de Crédito,142.64
3001,2025-09-01,Moda,252.84,2,Sudeste,Cartão de Crédito,505.68
2252,2025-09-01,Eletrônicos,380.4,1,Sudeste,Cartão de Crédito,380.4
752,2025-09-01,Casa e Decoração,305.82,4,Sul,Cartão de Crédito,1223.28
365,2025-09-02,Beleza,21.67,1,Sudeste,Cartão de Crédito,21.67
533,2025-09-02,Casa e Decoração,588.92,2,Sudeste,Pix,1177.84
256,2025-09-02,Moda,112.36,4,Centro-Oeste,Pix,449.44
3246,2025-09-03,Esporte e Lazer,138.04,1,Centro-Oeste,Cartão de Crédito,138.04
3687,2025-09-03,Beleza,136.18,2,Sudeste,Cartão de Crédito,272.36
4636,2025-09-03,Eletrônicos,1175.15,3,Sudeste,Cartão de Crédito,3525.45
423,2025-09-03,Livros,34.36,1,Centro-Oeste,Cartão de Crédito,34.36
2656,2025-09-03,Beleza,161.72,2,Sudeste,Cartão de Crédito,323.44
2413,2025-09-03,Esporte e Lazer,399.13,2,Sudeste,Boleto,798.26
4032,2025-09-03,Livros,53.99,1,Sul,Cartão de Crédito,53.99
3951,2025-09-04,Casa e Decoração,122.01,3,Centro-Oeste,Pix,366.03
3143,2025-09-04,Casa e Decoração,304.57,2,Centro-Oeste,Cartão de Crédito,609.14
3547,2025-09-04,Moda,216.27,3,Nordeste,Cartão de Crédito,648.81
3242,2025-09-04,Casa e Decoração,438.5,1,Nordeste,Cartão de Crédito,438.5
255,2025-09-04,Eletrônicos,451.08,2,Sudeste,Pix,902.16
3573,2025-09-04,Moda,70.21,4,Sul,Cartão de Crédito,280.84
1107,2025-09-04,Casa e Decoração,266.26,4,Sudeste,Cartão de Crédito,1065.04
3910,2025-09-04,Casa e Decoração,257.77,2,Sudeste,Cartão de Crédito,515.54
4282,2025-09-04,Beleza,50.27,1,Norte,Cartão de Crédito,50.27
2547,2025-09-04,Beleza,148.16,3,Nordeste,Cartão de Crédito,444.48
4410,2025-09-04,Beleza,83.77,4,Nordeste,Cartão de Crédito,335.08
4108,2025-09-05,Eletrônicos,2382.17,4,Sudeste,Cartão de Crédito,9528.68
1985,2025-09-05,Casa e Decoração,420.95,2,Sul,Cartão de Crédito,841.9
915,2025-09-05,Beleza,134.38,1,Sudeste,Cartão de Crédito,134.38
2058,2025-09-06,Livros,39.22,2,Sudeste,Cartão de Crédito,78.44
430,2025-09-06,Esporte e Lazer,197.1,1,Nordeste,Cartão de Crédito,197.1
4261,2025-09-06,Beleza,127.83,4,Sudeste,Cartão de Crédito,511.32
3288,2025-09-07,Moda,110.08,4,Sudeste,Cartão de Débito,440.32
2968,2025-09-07,Esporte e Lazer,287.9,2,Sudeste,Pix,575.8
3330,2025-09-07,Livros,48.92,3,Centro-Oeste,Cartão de Crédito,146.76
33,2025-09-07,Moda,83.36,2,Centro-Oeste,Pix,166.72
1247,2025-09-07,Livros,81.23,2,Sudeste,Pix,162.46
874,2025-09-08,Livros,37.13,2,Nordeste,Cartão de Crédito,74.26
3993,2025-09-08,Livros,32.7,2,Nordeste,Pix,65.4
1315,2025-09-08,Eletrônicos,273.13,1,Sudeste,Boleto,273.13
1973,2025-09-08,Esporte e Lazer,100.07,2,Sudeste,Pix,200.14
940,2025-09-09,Eletrônicos,2693.55,1,Centro-Oeste,Cartão de Crédito,2693.55
4485,2025-09-09,Esporte e Lazer,314.97,2,Nordeste,Pix,629.94
2449,2025-09-09,Livros,67.96,3,Nordeste,Pix,203.88
1363,2025-09-09,Esporte e Lazer,261.69,2,Nordeste,Pix,523.38
1745,2025-09-10,Beleza,165.32,4,Sudeste,Cartão de Crédito,661.28
707,2025-09-10,Beleza,181.67,2,Centro-Oeste,Cartão de Crédito,363.34
3503,2025-09-10,Beleza,138.84,2,Nordeste,Cartão de Crédito,277.68
1466,2025-09-10,Casa e Decoração,435.44,2,Sudeste,Pix,870.88
2001,2025-09-10,Casa e Decoração,172.52,1,Nordeste,Cartão de Crédito,172.52
1943,2025-09-11,Esporte e Lazer,378.74,1,Norte,Cartão de Crédito,378.74
4388,2025-09-11,Moda,140.02,2,Nordeste,Cartão de Crédito,280.04
3939,2025-09-11,Eletrônicos,297.1,4,Nordeste,Pix,1188.4
3707,2025-09-11,Esporte e Lazer,153.26,2,Sudeste,Boleto,306.52
919,2025-09-11,Moda,277.09,1,Nordeste,Cartão de Crédito,277.09
4821,2025-09-11,Eletrônicos,2326.2,1,Sudeste,Cartão de Crédito,2326.2
4707,2025-09-11,Moda,56.75,1,Nordeste,Cartão de Crédito,56.75
1727,2025-09-12,Moda,215.35,1,Norte,Boleto,215.35
1401,2025-09-12,Moda,138.71,2,Nordeste,Pix,277.42
3309,2025-09-12,Moda,57.19,1,Norte,Pix,57.19
1029,2025-09-12,Eletrônicos,3165.06,1,Sudeste,Cartão de Crédito,3165.06
4063,2025-09-13,Livros,81.0,1,Sudeste,Pix,81.0
2943,2025-09-13,Moda,58.59,1,Centro-Oeste,Pix,58.59
3321,2025-09-13,Beleza,160.57,1,Nordeste,Pix,160.57
3201,2025-09-13,Esporte e Lazer,503.22,2,Sul,Boleto,1006.44
2857,2025-09-14,Eletrônicos,361.8,1,Sudeste,Cartão de Crédito,361.8
576,2025-09-14,Eletrônicos,458.98,1,Sudeste,Cartão de Débito,458.98
305,2025-09-14,Livros,79.05,1,Nordeste,Pix,79.05
3048,2025-09-14,Beleza,36.11,4,Sudeste,Pix,144.44
1554,2025-09-14,Livros,35.32,1,Sudeste,Cartão de Crédito,35.32
3040,2025-09-14,Eletrônicos,556.12,1,Sudeste,Pix,556.12
2991,2025-09-14,Livros,47.02,2,Nordeste,Cartão de Crédito,94.04
97,2025-09-14,Beleza,163.75,1,Centro-Oeste,Cartão de Débito,163.75
2612,2025-09-15,Beleza,127.68,1,Nordeste,Cartão de Crédito,127.68
466,2025-09-15,Casa e Decoração,151.84,4,Norte,Cartão de Crédito,607.36
371,2025-09-15,Beleza,23.14,2,Sudeste,Pix,46.28
3811,2025-09-15,Moda,91.38,2,Norte,Pix,182.76
799,2025-09-15,Livros,40.63,3,Sudeste,Boleto,121.89
1756,2025-09-15,Casa e Decoração,107.21,1,Nordeste,Cartão de Crédito,107.21
4111,2025-09-16,Livros,27.13,3,Nordeste,Cartão de Crédito,81.39
2153,2025-09-16,Beleza,61.62,3,Nordeste,Pix,184.86
3525,2025-09-16,Livros,23.18,2,Centro-Oeste,Cartão de Crédito,46.36
4027,2025-09-16,Esporte e Lazer,491.27,1,Sudeste,Cartão de Crédito,491.27
1578,2025-09-16,Moda,115.18,2,Nordeste,Cartão de Crédito,230.36
583,2025-09-16,Casa e Decoração,78.96,1,Sul,Pix,78.96
3739,2025-09-17,Moda,170.61,3,Centro-Oeste,Cartão de Crédito,511.83
3126,2025-09-17,Moda,104.84,1,Sudeste,Cartão de Crédito,104.84
2761,2025-09-17,Livros,73.76,2,Nordeste,Pix,147.52
3377,2025-09-17,Eletrônicos,378.32,2,Sul,Cartão de Crédito,756.64
3630,2025-09-18,Esporte e Lazer,229.45,1,Sudeste,Pix,229.45
1307,2025-09-18,Casa e Decoração,343.13,2,Nordeste,Pix,686.26
976,2025-09-19,Beleza,93.93,3,Nordeste,Cartão de Débito,281.79
1262,2025-09-19,Esporte e Lazer,340.0,1,Nordeste,Cartão de Crédito,340.0
2788,2025-09-19,Beleza,20.3,2,Centro-Oeste,Pix,40.6
2184,2025-09-19,Eletrônicos,786.67,1,Sudeste,Pix,786.67
2611,2025-09-19,Eletrônicos,2370.65,1,Sudeste,Cartão de Crédito,2370.65
4036,2025-09-19,Eletrônicos,1727.79,2,Sudeste,Cartão de Crédito,3455.58
2634,2025-09-20,Casa e Decoração,402.77,4,Sudeste,Pix,1611.08
1687,2025-09-20,Eletrônicos,686.99,2,Nordeste,Cartão de Crédito,1373.98
3675,2025-09-20,Casa e Decoração,262.77,2,Sudeste,Pix,525.54
38,2025-09-20,Esporte e Lazer,233.19,1,Nordeste,Cartão de Crédito,233.19
1420,2025-09-20,Casa e Decoração,341.02,1,Sudeste,Cartão de Crédito,341.02
1699,2025-09-20,Eletrônicos,2208.81,1,Nordeste,Cartão de Crédito,2208.81
3419,2025-09-20,Casa e Decoração,594.8,4,Sul,Cartão de Crédito,2379.2
2342,2025-09-21,Beleza,78.48,1,Sudeste,Cartão de Crédito,78.48
4391,2025-09-21,Eletrônicos,693.22,4,Sul,Cartão de Crédito,2772.88
2424,2025-09-21,Livros,43.24,2,Sul,Cartão de Crédito,86.48
3846,2025-09-21,Livros,64.26,3,Nordeste,Cartão de Crédito,192.78
3379,2025-09-21,Esporte e Lazer,331.58,2,Nordeste,Pix,663.16
4729,2025-09-21,Eletrônicos,2300.94,3,Sudeste,Pix,6902.82
4613,2025-09-22,Esporte e Lazer,51.16,1,Sudeste,Cartão de Crédito,51.16
862,2025-09-22,Esporte e Lazer,562.15,4,Sudeste,Cartão de Crédito,2248.6
2787,2025-09-22,Eletrônicos,405.09,1,Norte,Cartão de Crédito,405.09
2721,2025-09-22,Esporte e Lazer,415.49,3,Nordeste,Cartão de Crédito,1246.47
3467,2025-09-22,Livros,41.44,2,Nordeste,Cartão de Crédito,82.88
3088,2025-09-23,Livros,40.32,1,Sudeste,Cartão de Crédito,40.32
4970,2025-09-23,Casa e Decoração,188.87,2,Sudeste,Cartão de Crédito,377.74
1460,2025-09-23,Moda,194.19,1,Nordeste,Cartão de Crédito,194.19
4422,2025-09-23,Livros,91.09,2,Nordeste,Cartão de Crédito,182.18
3651,2025-09-23,Moda,84.43,1,Sul,Cartão de Crédito,84.43
1434,2025-09-23,Esporte e Lazer,257.07,2,Sul,Cartão de Crédito,514.14
3614,2025-09-24,Esporte e Lazer,274.74,3,Sudeste,Cartão de Crédito,824.22
4609,2025-09-24,Beleza,221.82,1,Sul,Pix,221.82
4539,2025-09-24,Beleza,78.74,1,Norte,Pix,78.74
1914,2025-09-24,Eletrônicos,913.3,2,Norte,Cartão de Crédito,1826.6
4695,2025-09-24,Moda,199.5,2,Sudeste,Cartão de Crédito,399.0
4855,2025-09-24,Beleza,145.57,1,Nordeste,Pix,145.57
858,2025-09-24,Livros,28.59,4,Centro-Oeste,Boleto,114.36
4641,2025-09-25,Casa e Decoração,344.45,4,Sudeste,Pix,1377.8
1728,2025-09-25,Moda,80.22,1,Sul,Cartão de Crédito,80.22
807,2025-09-25,Casa e Decoração,328.81,2,Sul,Cartão de Crédito,657.62
2234,2025-09-25,Casa e Decoração,307.41,1,Nordeste,Boleto,307.41
2492,2025-09-25,Eletrônicos,334.45,1,Norte,Cartão de Crédito,334.45
381,2025-09-25,Casa e Decoração,606.09,4,Norte,Cartão de Crédito,2424.36
2846,2025-09-26,Eletrônicos,1643.98,3,Centro-Oeste,Pix,4931.94
1984,2025-09-26,Casa e Decoração,143.96,1,Nordeste,Cartão de Crédito,143.96
4361,2025-09-26,Livros,42.0,2,Sul,Cartão de Crédito,84.0
2730,2025-09-27,Beleza,49.59,1,Norte,Cartão de Crédito,49.59
3793,2025-09-27,Moda,171.33,4,Sudeste,Pix,685.32
1270,2025-09-28,Casa e Decoração,386.63,2,Nordeste,Cartão de Débito,773.26
4669,2025-09-28,Moda,305.11,1,Sul,Cartão de Crédito,305.11
3364,2025-09-28,Eletrônicos,622.24,3,Nordeste,Cartão de Crédito,1866.72
3621,2025-09-28,Eletrônicos,1798.1,2,Sudeste,Cartão de Crédito,3596.2
2116,2025-09-28,Casa e Decoração,525.14,1,Sul,Cartão de Crédito,525.14
4868,2025-09-28,Livros,80.04,1,Nordeste,Pix,80.04
1820,2025-09-28,Eletrônicos,488.84,1,Centro-Oeste,Cartão de Crédito,488.84
1794,2025-09-29,Moda,78.91,4,Nordeste,Cartão de Crédito,315.64
4886,2025-09-29,Livros,97.2,1,Sudeste,Cartão de Débito,97.2
4515,2025-09-29,Beleza,105.74,1,Sul,Cartão de Crédito,105.74
4731,2025-09-29,Beleza,111.08,1,Sudeste,Cartão de Crédito,111.08
1707,2025-09-29,Esporte e Lazer,575.75,4,Sudeste,Cartão de Crédito,2303.0
4226,2025-09-29,Casa e Decoração,713.51,1,Sul,Boleto,713.51
1478,2025-09-29,Moda,86.96,1,Sudeste,Pix,86.96
789,2025-09-30,Eletrônicos,833.32,2,Sudeste,Cartão de Crédito,1666.64
2428,2025-09-30,Beleza,193.57,3,Centro-Oeste,Pix,580.71
2538,2025-09-30,Moda,93.64,2,Nordeste,Boleto,187.28
1575,2025-09-30,Beleza,20.01,3,Sudeste,Cartão de Crédito,60.03
3370,2025-09-30,Moda,118.91,1,Sudeste,Pix,118.91
2765,2025-10-01,Esporte e Lazer,34.3,2,Nordeste,Cartão de Crédito,68.6
3908,2025-10-01,Livros,47.55,2,Sul,Boleto,95.1
3803,2025-10-01,Eletrônicos,1815.99,2,Sul,Pix,3631.98
3409,2025-10-01,Eletrônicos,1971.57,2,Nordeste,Cartão de Crédito,3943.14
1622,2025-10-01,Livros,100.21,1,Sudeste,Cartão de Crédito,100.21
547,2025-10-01,Livros,44.59,1,Sul,Cartão de Crédito,44.59
3563,2025-10-02,Livros,47.66,2,Sudeste,Cartão de Crédito,95.32
4941,2025-10-02,Beleza,108.04,4,Sudeste,Cartão de Crédito,432.16
10,2025-10-02,Beleza,105.09,1,Nordeste,Cartão de Crédito,105.09
4660,2025-10-02,Beleza,143.27,1,Sul,Cartão de Crédito,143.27
1967,2025-10-02,Casa e Decoração,207.81,1,Sudeste,Cartão de Crédito,207.81
2083,2025-10-03,Beleza,132.21,3,Sudeste,Pix,396.63
2038,2025-10-03,Esporte e Lazer,209.43,2,Nordeste,Boleto,418.86
1931,2025-10-03,Livros,32.59,4,Nordeste,Cartão de Crédito,130.36
901,2025-10-03,Livros,64.59,1,Norte,Cartão de Crédito,64.59
2540,2025-10-03,Beleza,108.21,1,Norte,Cartão de Crédito,108.21
2212,2025-10-04,Eletrônicos,1553.47,1,Sudeste,Cartão de Crédito,1553.47
45,2025-10-04,Livros,29.66,4,Nordeste,Pix,118.64
4406,2025-10-04,Casa e Decoração,147.88,1,Sudeste,Cartão de Crédito,147.88
555,2025-10-04,Moda,55.33,3,Norte,Pix,165.99
3900,2025-10-05,Eletrônicos,2789.29,2,Sudeste,Cartão de Crédito,5578.58
2279,2025-10-05,Moda,126.81,2,Nordeste,Cartão de Crédito,253.62
4010,2025-10-05,Esporte e Lazer,227.08,2,Sudeste,Cartão de Crédito,454.16
1167,2025-10-06,Moda,118.32,3,Nordeste,Cartão de Crédito,354.96
2149,2025-10-06,Esporte e Lazer,266.34,1,Sudeste,Cartão de Crédito,266.34
1131,2025-10-06,Livros,50.73,1,Sudeste,Pix,50.73
3323,2025-10-06,Moda,111.43,2,Nordeste,Pix,222.86
749,2025-10-06,Beleza,26.77,1,Sudeste,Cartão de Crédito,26.77
1271,2025-10-06,Esporte e Lazer,159.01,1,Nordeste,Pix,159.01
4015,2025-10-07,Livros,59.97,2,Sul,Cartão de Crédito,119.94
723,2025-10-07,Moda,267.85,1,Centro-Oeste,Cartão de Débito,267.85
1774,2025-10-07,Livros,24.9,1,Sudeste,Pix,24.9
2905,2025-10-07,Eletrônicos,1413.6,2,Norte,Cartão de Crédito,2827.2
1586,2025-10-07,Eletrônicos,509.65,1,Norte,Cartão de Crédito,509.65
3255,2025-10-07,Casa e Decoração,208.47,4,Nordeste,Cartão de Crédito,833.88
1058,2025-10-07,Livros,59.8,1,Sul,Cartão de Crédito,59.8
3788,2025-10-07,Casa e Decoração,309.6,1,Sudeste,Cartão de Crédito,309.6
1930,2025-10-08,Livros,28.62,3,Sudeste,Pix,85.86
293,2025-10-08,Beleza,73.35,4,Sudeste,Cartão de Crédito,293.4
2832,2025-10-08,Eletrônicos,499.62,1,Sudeste,Pix,499.62
2264,2025-10-09,Esporte e Lazer,182.95,2,Sudeste,Pix,365.9
1533,2025-10-09,Casa e Decoração,511.99,1,Centro-Oeste,Cartão de Crédito,511.99
3456,2025-10-09,Beleza,51.0,2,Nordeste,Cartão de Crédito,102.0
1915,2025-10-09,Eletrônicos,502.73,1,Sudeste,Pix,502.73
3497,2025-10-09,Beleza,228.42,4,Sudeste,Cartão de Crédito,913.68
4472,2025-10-09,Eletrônicos,2571.42,2,Sudeste,Pix,5142.84
1795,2025-10-09,Esporte e Lazer,221.31,1,Sul,Cartão de Crédito,221.31
4619,2025-10-09,Beleza,21.38,4,Sudeste,Cartão de Crédito,85.52
4305,2025-10-09,Eletrônicos,2430.82,1,Sudeste,Pix,2430.82
4761,2025-10-09,Casa e Decoração,813.11,1,Sudeste,Cartão de Crédito,813.11
1669,2025-10-09,Casa e Decoração,132.42,2,Sul,Boleto,264.84
3911,2025-10-10,Esporte e Lazer,193.33,2,Sul,Cartão de Crédito,386.66
1351,2025-10-10,Moda,123.2,1,Sudeste,Pix,123.2
1018,2025-10-10,Livros,93.28,1,Nordeste,Boleto,93.28
1439,2025-10-10,Esporte e Lazer,305.42,4,Nordeste,Cartão de Crédito,1221.68
4360,2025-10-11,Livros,37.16,4,Sudeste,Cartão de Crédito,148.64
1913,2025-10-11,Casa e Decoração,56.99,1,Sudeste,Cartão de Crédito,56.99
3382,2025-10-11,Casa e Decoração,354.42,4,Sul,Pix,1417.68
1553,2025-10-11,Moda,251.91,1,Sudeste,Cartão de Crédito,251.91
1772,2025-10-12,Esporte e Lazer,216.35,1,Sudeste,Cartão de Crédito,216.35
1960,2025-10-12,Esporte e Lazer,85.81,1,Nordeste,Pix,85.81
4803,2025-10-12,Beleza,136.41,4,Nordeste,Pix,545.64
594,2025-10-13,Livros,89.8,1,Nordeste,Cartão de Crédito,89.8
1181,2025-10-13,Eletrônicos,1298.57,1,Centro-Oeste,Pix,1298.57
4643,2025-10-13,Esporte e Lazer,156.67,2,Centro-Oeste,Cartão de Crédito,313.34
3524,2025-10-14,Casa e Decoração,158.07,4,Sudeste,Cartão de Crédito,632.28
470,2025-10-14,Beleza,84.35,1,Sudeste,Boleto,84.35
2650,2025-10-14,Beleza,106.27,2,Sudeste,Cartão de Crédito,212.54
1706,2025-10-14,Eletrônicos,801.77,3,Nordeste,Boleto,2405.31
3396,2025-10-14,Moda,250.82,1,Sudeste,Cartão de Crédito,250.82
2897,2025-10-15,Eletrônicos,444.26,2,Nordeste,Boleto,888.52
757,2025-10-15,Livros,106.03,4,Sudeste,Pix,424.12
1302,2025-10-15,Esporte e Lazer,244.69,1,Nordeste,Boleto,244.69
2409,2025-10-15,Beleza,48.4,2,Nordeste,Cartão de Crédito,96.8
3038,2025-10-15,Livros,73.3,1,Sul,Cartão de Crédito,73.3
824,2025-10-15,Moda,81.32,4,Norte,Cartão de Crédito,325.28
133,2025-10-16,Beleza,82.4,1,Centro-Oeste,Cartão de Débito,82.4
1614,2025-10-16,Livros,41.24,1,Nordeste,Pix,41.24
2814,2025-10-16,Casa e Decoração,736.12,2,Nordeste,Pix,1472.24
2200,2025-10-16,Livros,88.34,2,Sul,Cartão de Crédito,176.68
621,2025-10-16,Livros,60.58,1,Sudeste,Pix,60.58
3230,2025-10-16,Livros,22.86,4,Norte,Cartão de Crédito,91.44
3271,2025-10-16,Eletrônicos,540.03,2,Sudeste,Cartão de Crédito,1080.06
3890,2025-10-17,Beleza,124.99,2,Sudeste,Cartão de Crédito,249.98
4426,2025-10-17,Moda,296.69,4,Norte,Cartão de Crédito,1186.76
3663,2025-10-17,Eletrônicos,375.63,1,Nordeste,Cartão de Crédito,375.63
3615,2025-10-17,Eletrônicos,954.34,1,Nordeste,Cartão de Crédito,954.34
2877,2025-10-17,Moda,99.66,1,Nordeste,Cartão de Crédito,99.66
195,2025-10-17,Esporte e Lazer,162.95,2,Sul,Cartão de Débito,325.9
378,2025-10-18,Beleza,187.96,2,Norte,Cartão de Crédito,375.92
952,2025-10-18,Eletrônicos,288.31,2,Sudeste,Cartão de Crédito,576.62
3766,2025-10-18,Beleza,40.89,1,Nordeste,Cartão de Crédito,40.89
3782,2025-10-18,Esporte e Lazer,242.84,2,Sudeste,Cartão de Crédito,485.68
4770,2025-10-18,Esporte e Lazer,61.23,4,Nordeste,Pix,244.92
1382,2025-10-18,Livros,68.59,2,Sul,Cartão de Crédito,137.18
3171,2025-10-19,Livros,27.99,2,Sudeste,Cartão de Crédito,55.98
3470,2025-10-19,Casa e Decoração,204.68,1,Sudeste,Cartão de Crédito,204.68
446,2025-10-19,Beleza,176.91,2,Sudeste,Pix,353.82
3955,2025-10-19,Casa e Decoração,479.19,2,Nordeste,Cartão de Crédito,958.38
4949,2025-10-19,Eletrônicos,1904.61,2,Sudeste,Pix,3809.22
4470,2025-10-19,Esporte e Lazer,324.56,4,Centro-Oeste,Pix,1298.24
2898,2025-10-19,Beleza,110.24,2,Sul,Cartão de Crédito,220.48
3156,2025-10-20,Eletrônicos,2034.84,1,Nordeste,Cartão de Crédito,2034.84
3069,2025-10-20,Moda,49.78,1,Sul,Pix,49.78
4079,2025-10-20,Livros,95.72,3,Sudeste,Cartão de Crédito,287.16
2002,2025-10-20,Esporte e Lazer,92.75,1,Nordeste,Cartão de Crédito,92.75
1446,2025-10-20,Esporte e Lazer,455.38,2,Nordeste,Cartão de Crédito,910.76
2283,2025-10-20,Casa e Decoração,151.34,1,Nordeste,Cartão de Débito,151.34
2774,2025-10-20,Casa e Decoração,393.41,1,Sudeste,Pix,393.41
3129,2025-10-20,Livros,57.63,2,Sudeste,Cartão de Crédito,115.26
823,2025-10-20,Eletrônicos,2325.13,1,Centro-Oeste,Pix,2325.13
1200,2025-10-20,Esporte e Lazer,33.18,1,Sul,Cartão de Crédito,33.18
2657,2025-10-20,Livros,34.97,2,Nordeste,Boleto,69.94
3011,2025-10-20,Eletrônicos,2125.19,1,Centro-Oeste,Boleto,2125.19
447,2025-10-21,Beleza,27.97,4,Centro-Oeste,Pix,111.88
1599,2025-10-21,Eletrônicos,945.84,3,Sul,Cartão de Crédito,2837.52
4387,2025-10-21,Livros,71.77,3,Centro-Oeste,Pix,215.31
776,2025-10-21,Esporte e Lazer,175.55,1,Sul,Cartão de Crédito,175.55
1725,2025-10-21,Livros,24.59,4,Centro-Oeste,Cartão de Crédito,98.36
4692,2025-10-21,Casa e Decoração,155.17,4,Nordeste,Cartão de Débito,620.68
1870,2025-10-21,Livros,26.32,1,Sudeste,Cartão de Débito,26.32
3757,2025-10-21,Livros,33.45,1,Sudeste,Pix,33.45
4630,2025-10-22,Casa e Decoração,183.21,1,Sul,Cartão de Crédito,183.21
325,2025-10-22,Beleza,183.12,4,Centro-Oeste,Pix,732.48
4386,2025-10-22,Beleza,155.3,1,Sul,Cartão de Crédito,155.3
3827,2025-10-22,Eletrônicos,907.48,2,Centro-Oeste,Cartão de Crédito,1814.96
1457,2025-10-22,Casa e Decoração,190.65,1,Nordeste,Cartão de Crédito,190.65
3710,2025-10-22,Beleza,168.56,1,Nordeste,Pix,168.56
729,2025-10-22,Casa e Decoração,35.42,1,Sudeste,Pix,35.42
4151,2025-10-23,Esporte e Lazer,87.72,1,Sudeste,Cartão de Crédito,87.72
3163,2025-10-23,Esporte e Lazer,251.72,1,Nordeste,Cartão de Crédito,251.72
700,2025-10-23,Casa e Decoração,56.11,2,Sul,Pix,112.22
779,2025-10-23,Livros,41.16,3,Nordeste,Pix,123.48
452,2025-10-23,Esporte e Lazer,72.84,2,Sudeste,Cartão de Crédito,145.68
34,2025-10-23,Beleza,196.56,4,Centro-Oeste,Pix,786.24
2086,2025-10-23,Beleza,68.64,1,Sudeste,Pix,68.64
4933,2025-10-23,Livros,65.48,1,Nordeste,Cartão de Crédito,65.48
120,2025-10-23,Eletrônicos,2005.33,2,Sudeste,Cartão de Crédito,4010.66
3582,2025-10-24,Casa e Decoração,427.22,3,Sudeste,Cartão de Crédito,1281.66
66,2025-10-24,Esporte e Lazer,141.65,2,Centro-Oeste,Cartão de Crédito,283.3
3750,2025-10-24,Livros,55.88,2,Sul,Boleto,111.76
3840,2025-10-24,Casa e Decoração,262.24,3,Centro-Oeste,Boleto,786.72
3356,2025-10-24,Beleza,87.74,1,Sul,Cartão de Crédito,87.74
1747,2025-10-24,Casa e Decoração,53.42,1,Sudeste,Cartão de Crédito,53.42
642,2025-10-25,Livros,41.05,2,Sul,Pix,82.1
1150,2025-10-25,Casa e Decoração,235.9,1,Nordeste,Boleto,235.9
1670,2025-10-25,Esporte e Lazer,167.36,2,Norte,Cartão de Crédito,334.72
4195,2025-10-25,Esporte e Lazer,125.98,2,Sudeste,Pix,251.96
2173,2025-10-25,Moda,240.49,4,Sudeste,Pix,961.96
2713,2025-10-25,Esporte e Lazer,299.21,1,Norte,Cartão de Crédito,299.21
1150,2025-10-25,Casa e Decoração,235.9,1,Nordeste,Boleto,235.9
4098,2025-10-25,Livros,22.7,1,Sudeste,Pix,22.7
1361,2025-10-25,Livros,37.66,2,Sudeste,Cartão de Crédito,75.32
44,2025-10-25,Eletrônicos,1050.48,3,Centro-Oeste,Cartão de Crédito,3151.44
3437,2025-10-25,Esporte e Lazer,147.11,1,Nordeste,Cartão de Crédito,147.11
1607,2025-10-25,Eletrônicos,556.56,1,Nordeste,Cartão de Crédito,556.56
572,2025-10-25,Eletrônicos,2080.14,1,Nordeste,Pix,2080.14
748,2025-10-25,Esporte e Lazer,264.14,1,Nordeste,Pix,264.14
814,2025-10-25,Livros,40.72,1,Centro-Oeste,Cartão de Crédito,40.72
4013,2025-10-26,Esporte e Lazer,121.37,3,Sul,Pix,364.11
1286,2025-10-26,Livros,36.33,3,Sudeste,Cartão de Crédito,108.99
2957,2025-10-26,Esporte e Lazer,35.6,1,Sudeste,Cartão de Crédito,35.6
4710,2025-10-26,Eletrônicos,1327.79,1,Norte,Pix,1327.79
316,2025-10-26,Livros,28.03,1,Nordeste,Pix,28.03
1183,2025-10-26,Moda,324.82,1,Nordeste,Cartão de Crédito,324.82
4948,2025-10-27,Casa e Decoração,492.68,1,Sudeste,Boleto,492.68
795,2025-10-27,Moda,354.18,1,Sudeste,Pix,354.18
399,2025-10-27,Livros,57.2,1,Sudeste,Cartão de Débito,57.2
1338,2025-10-27,Casa e Decoração,602.02,2,Sul,Cartão de Crédito,1204.04
22,2025-10-27,Eletrônicos,412.08,1,Nordeste,Cartão de Crédito,412.08
3519,2025-10-27,Beleza,165.59,1,Sudeste,Pix,165.59
3068,2025-10-27,Livros,30.53,1,Sudeste,Boleto,30.53
3768,2025-10-27,Esporte e Lazer,112.73,1,Sul,Cartão de Débito,112.73
1799,2025-10-27,Eletrônicos,938.39,4,Centro-Oeste,Pix,3753.56
168,2025-10-27,Moda,207.46,3,Sudeste,Cartão de Crédito,622.38
2054,2025-10-28,Esporte e Lazer,213.0,2,Sudeste,Cartão de Crédito,426.0
3264,2025-10-28,Esporte e Lazer,194.02,1,Nordeste,Pix,194.02
2281,2025-10-28,Moda,104.45,1,Sul,Cartão de Crédito,104.45
334,2025-10-28,Esporte e Lazer,162.79,1,Centro-Oeste,Cartão de Crédito,162.79
3824,2025-10-29,Beleza,22.35,1,Nordeste,Cartão de Crédito,22.35
1528,2025-10-29,Casa e Decoração,410.45,2,Nordeste,Cartão de Crédito,820.9
2016,2025-10-29,Esporte e Lazer,484.03,1,Sudeste,Cartão de Crédito,484.03
2946,2025-10-30,Beleza,127.73,3,Sudeste,Cartão de Crédito,383.19
1659,2025-10-30,Eletrônicos,2901.5,2,Sudeste,Pix,5803.0
755,2025-10-30,Eletrônicos,2299.41,1,Sul,Cartão de Crédito,2299.41
442,2025-10-30,Moda,95.75,3,Nordeste,Pix,287.25
3477,2025-10-30,Casa e Decoração,675.02,1,Sudeste,Cartão de Crédito,675.02
712,2025-10-31,Eletrônicos,1263.24,4,Centro-Oeste,Cartão de Crédito,5052.96
4858,2025-10-31,Livros,44.77,2,Sudeste,Boleto,89.54
2349,2025-10-31,Casa e Decoração,125.11,1,Sul,Pix,125.11
3738,2025-10-31,Casa e Decoração,686.62,1,Sul,Pix,686.62
4269,2025-10-31,Eletrônicos,3162.68,4,Sudeste,Cartão de Crédito,12650.72
4704,2025-10-31,Eletrônicos,1869.49,4,Sudeste,Cartão de Débito,7477.96
1073,2025-10-31,Esporte e Lazer,338.27,1,Sudeste,Cartão de Crédito,338.27
4164,2025-10-31,Esporte e Lazer,73.8,3,Centro-Oeste,Pix,221.4
3875,2025-10-31,Casa e Decoração,268.91,1,Sul,Pix,268.91
4847,2025-10-31,Beleza,160.69,1,Nordeste,Cartão de Crédito,160.69
1424,2025-10-31,Eletrônicos,704.86,1,Nordeste,Pix,704.86
1038,2025-10-31,Casa e Decoração,245.11,1,Sul,Boleto,245.11
1650,2025-10-31,Moda,53.02,2,Sudeste,Cartão de Crédito,106.04
3884,2025-11-02,Casa e Decoração,46.49,4,Sul,Pix,185.96
3991,2025-11-02,Esporte e Lazer,478.31,1,Nordeste,Cartão de Crédito,478.31
2475,2025-11-02,Beleza,147.93,1,Centro-Oeste,Pix,147.93
3481,2025-11-02,Eletrônicos,1608.15,1,Sudeste,Pix,1608.15
188,2025-11-02,Casa e Decoração,173.95,2,Sul,Cartão de Crédito,347.9
2100,2025-11-02,Esporte e Lazer,392.32,2,Sudeste,Cartão de Crédito,784.64
3999,2025-11-02,Livros,52.62,3,Sudeste,,157.86
4766,2025-11-02,Beleza,231.05,1,Centro-Oeste,Pix,231.05
3929,2025-11-02,Moda,78.68,1,Sudeste,Pix,78.68
2255,2025-11-02,Eletrônicos,1998.4,2,Nordeste,Cartão de Crédito,3996.8
1735,2025-11-03,Moda,45.15,1,Sudeste,Pix,45.15
3826,2025-11-03,Beleza,26.38,1,Sudeste,Cartão de Crédito,26.38
2556,2025-11-03,Eletrônicos,699.54,1,Sudeste,Cartão de Crédito,699.54
3234,2025-11-03,Beleza,21.96,2,Centro-Oeste,Pix,43.92
527,2025-11-03,Moda,199.17,1,Centro-Oeste,Cartão de Crédito,199.17
2327,2025-11-03,Beleza,116.74,3,Nordeste,Cartão de Crédito,350.22
613,2025-11-03,Beleza,32.94,1,Centro-Oeste,Cartão de Crédito,32.94
2099,2025-11-04,Beleza,49.9,4,Sudeste,Pix,199.6
2648,2025-11-04,Casa e Decoração,152.91,1,Sudeste,Cartão de Crédito,152.91
2620,2025-11-04,Beleza,110.97,2,Nordeste,Cartão de Crédito,221.94
1449,2025-11-05,Casa e Decoração,154.92,2,Sudeste,Cartão de Crédito,309.84
1911,2025-11-05,Casa e Decoração,78.5,4,Nordeste,Cartão de Crédito,314.0
4048,2025-11-05,Casa e Decoração,811.52,2,Nordeste,Pix,1623.04
4423,2025-11-05,Eletrônicos,2061.44,1,Sudeste,Cartão de Crédito,2061.44
4220,2025-11-05,Moda,180.01,1,Sudeste,Pix,180.01
4301,2025-11-06,Esporte e Lazer,46.97,3,Nordeste,Boleto,140.91
4296,2025-11-06,Casa e Decoração,44.24,2,Nordeste,Pix,88.48
1691,2025-11-06,Esporte e Lazer,317.65,1,Centro-Oeste,Pix,317.65
1160,2025-11-06,Moda,86.19,2,Sudeste,Cartão de Crédito,172.38
2569,2025-11-06,Moda,92.89,1,Sudeste,Cartão de Débito,92.89
4284,2025-11-06,Livros,37.98,1,Sudeste,Cartão de Crédito,37.98
3053,2025-11-06,Livros,62.93,4,Nordeste,Cartão de Débito,251.72
4639,2025-11-06,Casa e Decoração,288.17,2,Sudeste,Cartão de Crédito,576.34
3977,2025-11-06,Eletrônicos,2409.82,1,Norte,Cartão de Crédito,2409.82
238,2025-11-06,Beleza,193.14,1,Sul,Cartão de Crédito,193.14
4735,2025-11-06,Eletrônicos,755.52,2,Centro-Oeste,Cartão de Crédito,1511.04
502,2025-11-07,Casa e Decoração,229.2,4,Sudeste,Cartão de Crédito,916.8
1749,2025-11-07,Moda,48.61,3,Centro-Oeste,Cartão de Crédito,145.83
1508,2025-11-07,Beleza,35.52,1,Nordeste,Cartão de Crédito,35.52
1651,2025-11-08,Esporte e Lazer,377.14,4,Nordeste,Boleto,1508.56
2454,2025-11-08,Beleza,95.59,1,Sudeste,Pix,95.59
3,2025-11-08,Esporte e Lazer,475.44,1,Norte,Cartão de Crédito,475.44
3107,2025-11-08,Casa e Decoração,557.28,1,Sudeste,Cartão de Crédito,557.28
2776,2025-11-09,Livros,26.22,2,Nordeste,Cartão de Crédito,52.44
3072,2025-11-09,Casa e Decoração,800.95,3,Sudeste,Cartão de Crédito,2402.85
3452,2025-11-09,Beleza,181.83,2,Nordeste,Cartão de Crédito,363.66
2825,2025-11-10,Moda,68.11,2,Sul,Boleto,136.22
3483,2025-11-11,Livros,23.33,4,Sudeste,Boleto,93.32
3925,2025-11-11,Esporte e Lazer,118.51,1,Sudeste,Cartão de Débito,118.51
83,2025-11-11,Moda,166.77,2,Sudeste,Pix,333.54
131,2025-11-11,Livros,65.9,2,Nordeste,Pix,131.8
1923,2025-11-11,Casa e Decoração,453.81,3,Sudeste,Cartão de Crédito,1361.43
1169,2025-11-12,Moda,133.81,4,Sul,Cartão de Crédito,535.24
2169,2025-11-12,Eletrônicos,561.54,2,Nordeste,Cartão de Crédito,1123.08
764,2025-11-12,Moda,59.16,1,Nordeste,Cartão de Débito,59.16
1142,2025-11-12,Livros,79.73,2,Sudeste,Cartão de Crédito,159.46
1846,2025-11-12,Moda,110.22,2,Norte,Pix,220.44
61,2025-11-12,Beleza,198.79,1,Sudeste,Boleto,198.79
4298,2025-11-13,Casa e Decoração,282.61,2,Sul,Cartão de Crédito,565.22
3248,2025-11-13,Esporte e Lazer,313.56,3,Centro-Oeste,Pix,940.68
462,2025-11-13,Beleza,42.63,1,Sul,Cartão de Débito,42.63
3737,2025-11-13,Moda,265.12,4,Nordeste,Cartão de Crédito,1060.48
2150,2025-11-14,Esporte e Lazer,144.94,1,Sudeste,Cartão de Crédito,144.94
4755,2025-11-14,Esporte e Lazer,46.5,3,Sudeste,Cartão de Crédito,139.5
4541,2025-11-14,Eletrônicos,2053.49,1,Sul,Pix,2053.49
3661,2025-11-14,Eletrônicos,1408.75,2,Sudeste,Cartão de Crédito,2817.5
1104,2025-11-15,Esporte e Lazer,351.76,4,Sudeste,Pix,1407.04
3553,2025-11-15,Moda,164.61,2,Sudeste,Cartão de Débito,329.22
3056,2025-11-15,Beleza,42.41,2,Sudeste,Pix,84.82
970,2025-11-15,Livros,33.06,1,Nordeste,Cartão de Crédito,33.06
4782,2025-11-15,Esporte e Lazer,314.56,2,Sudeste,Cartão de Crédito,629.12
3262,2025-11-15,Esporte e Lazer,155.38,3,Sudeste,Cartão de Débito,466.14
457,2025-11-15,Esporte e Lazer,238.27,3,Sudeste,Cartão de Crédito,714.81
1004,2025-11-15,Livros,39.73,1,Nordeste,Cartão de Crédito,39.73
1779,2025-11-15,Beleza,63.82,1,Centro-Oeste,Cartão de Crédito,63.82
4100,2025-11-15,Eletrônicos,1515.24,2,Sul,Pix,3030.48
782,2025-11-16,Casa e Decoração,596.27,4,Sul,,2385.08
1470,2025-11-16,Eletrônicos,2467.67,2,Nordeste,Cartão de Crédito,4935.34
3355,2025-11-16,Moda,185.01,2,Nordeste,Cartão de Crédito,370.02
2630,2025-11-16,Eletrônicos,1544.41,2,Nordeste,Pix,3088.82
15,2025-11-16,Casa e Decoração,128.05,4,Sudeste,Cartão de Crédito,512.2
2151,2025-11-17,Casa e Decoração,270.17,4,Sudeste,Cartão de Débito,1080.68
1178,2025-11-17,Beleza,222.43,1,Sudeste,Cartão de Crédito,222.43
2146,2025-11-17,Beleza,22.66,2,Sudeste,Pix,45.32
1437,2025-11-17,Casa e Decoração,244.97,1,Norte,Pix,244.97
2353,2025-11-17,Eletrônicos,428.58,2,Nordeste,Cartão de Crédito,857.16
241,2025-11-17,Casa e Decoração,500.52,4,Sudeste,Cartão de Débito,2002.08
1485,2025-11-17,Esporte e Lazer,233.62,2,Nordeste,Boleto,467.24
3239,2025-11-18,Livros,71.16,1,Sudeste,Pix,71.16
1332,2025-11-18,Livros,34.18,1,Sul,Cartão de Crédito,34.18
4681,2025-11-18,Livros,23.92,1,Nordeste,Pix,23.92
1041,2025-11-18,Beleza,80.53,2,Centro-Oeste,Cartão de Crédito,161.06
1344,2025-11-18,Moda,204.68,2,Centro-Oeste,Cartão de Débito,409.36
817,2025-11-18,Esporte e Lazer,130.0,3,Nordeste,Cartão de Crédito,390.0
914,2025-11-19,Esporte e Lazer,386.92,1,Sudeste,Pix,386.92
4587,2025-11-19,Livros,88.12,2,Nordeste,Cartão de Crédito,176.24
2663,2025-11-19,Moda,221.81,4,Sudeste,Pix,887.24
1564,2025-11-19,Beleza,143.92,3,Sudeste,Cartão de Crédito,431.76
595,2025-11-19,Beleza,149.64,2,Sul,Pix,299.28
2815,2025-11-19,Livros,40.32,2,Sudeste,Pix,80.64
4404,2025-11-19,Esporte e Lazer,155.79,2,Sudeste,Pix,311.58
2363,2025-11-19,Esporte e Lazer,312.51,1,Sul,Cartão de Crédito,312.51
4109,2025-11-20,Livros,25.44,1,Nordeste,Cartão de Crédito,25.44
1711,2025-11-20,Eletrônicos,522.86,2,Nordeste,Pix,1045.72
143,2025-11-20,Livros,36.25,4,Norte,Cartão de Crédito,145.0
1595,2025-11-20,Eletrônicos,2367.06,2,Centro-Oeste,Pix,4734.12
856,2025-11-20,Moda,131.97,1,Sudeste,Pix,131.97
3487,2025-11-20,Casa e Decoração,206.13,3,Nordeste,Cartão de Crédito,618.39
4143,2025-11-20,Esporte e Lazer,167.78,2,Centro-Oeste,Cartão de Crédito,335.56
1252,2025-11-21,Eletrônicos,871.04,2,Sul,Pix,1742.08
4972,2025-11-21,Casa e Decoração,54.53,1,Sudeste,Cartão de Crédito,54.53
2400,2025-11-21,Casa e Decoração,33.33,4,Sudeste,Cartão de Crédito,133.32
3124,2025-11-21,Esporte e Lazer,374.3,3,Sudeste,Cartão de Débito,1122.9
4358,2025-11-21,Moda,166.17,1,Sudeste,Cartão de Crédito,166.17
1381,2025-11-21,Beleza,91.79,1,Sudeste,Cartão de Crédito,91.79
1291,2025-11-21,Livros,34.25,3,Sudeste,Pix,102.75
2509,2025-11-22,Esporte e Lazer,188.74,2,Sul,Cartão de Crédito,377.48
4869,2025-11-22,Esporte e Lazer,276.63,1,Sudeste,Cartão de Crédito,276.63
2631,2025-11-22,Moda,64.87,1,Sudeste,Cartão de Débito,64.87
4128,2025-11-22,Eletrônicos,2390.85,4,Sudeste,Cartão de Crédito,9563.4
3102,2025-11-22,Moda,63.16,4,Sudeste,Cartão de Crédito,252.64
3459,2025-11-23,Eletrônicos,261.25,4,Nordeste,Cartão de Crédito,1045.0
1760,2025-11-23,Eletrônicos,1801.44,3,Sudeste,Cartão de Crédito,5404.32
1097,2025-11-23,Moda,82.24,1,Nordeste,Pix,82.24
1666,2025-11-23,Eletrônicos,267.03,2,Sudeste,Boleto,534.06
956,2025-11-23,Esporte e Lazer,140.1,2,Nordeste,Cartão de Crédito,280.2
3821,2025-11-23,Beleza,20.54,1,Sudeste,Cartão de Crédito,20.54
2882,2025-11-23,Moda,207.7,2,Sudeste,Cartão de Crédito,415.4
4126,2025-11-24,Beleza,154.03,1,Sudeste,Cartão de Crédito,154.03
3938,2025-11-24,Moda,348.9,1,Sul,Pix,348.9
4399,2025-11-25,Moda,90.83,1,Sudeste,Cartão de Crédito,90.83
838,2025-11-25,Eletrônicos,662.95,2,Sul,Cartão de Débito,1325.9
591,2025-11-25,Moda,196.88,4,Nordeste,Pix,787.52
3244,2025-11-25,Beleza,137.44,1,Sul,Cartão de Crédito,137.44
1530,2025-11-25,Eletrônicos,407.42,2,Sudeste,Cartão de Débito,814.84
4623,2025-11-25,Casa e Decoração,636.96,4,Sudeste,Cartão de Crédito,2547.84
1386,2025-11-25,Esporte e Lazer,161.93,2,Sudeste,Cartão de Crédito,323.86
2370,2025-11-25,Beleza,158.4,4,Nordeste,Cartão de Crédito,633.6
3714,2025-11-25,Beleza,74.54,4,Centro-Oeste,Pix,298.16
1965,2025-11-25,Beleza,115.31,2,Sudeste,Pix,230.62
4736,2025-11-25,Beleza,132.29,2,Sudeste,Pix,264.58
4311,2025-11-26,Beleza,43.62,1,Centro-Oeste,Cartão de Crédito,43.62
1514,2025-11-26,Moda,184.01,1,Nordeste,Pix,184.01
1176,2025-11-26,Livros,37.01,4,Centro-Oeste,Cartão de Crédito,148.04
4851,2025-11-26,Livros,23.22,2,Nordeste,Boleto,46.44
2790,2025-11-26,Casa e Decoração,371.31,1,Sul,Cartão de Crédito,371.31
1260,2025-11-26,Livros,31.02,2,Sul,Pix,62.04
2277,2025-11-26,Moda,61.1,1,Sudeste,Cartão de Crédito,61.1
1269,2025-11-26,Livros,81.49,1,Nordeste,Cartão de Crédito,81.49
1705,2025-11-26,Esporte e Lazer,413.26,1,Nordeste,Pix,413.26
1561,2025-11-26,Beleza,23.81,1,Centro-Oeste,Cartão de Crédito,23.81
2202,2025-11-26,Casa e Decoração,241.25,2,Sudeste,Cartão de Débito,482.5
4901,2025-11-26,Moda,103.34,4,Nordeste,Cartão de Crédito,413.36
472,2025-11-26,Beleza,97.28,4,Sudeste,Pix,389.12
4521,2025-11-26,Eletrônicos,2435.77,2,Sul,Pix,4871.54
3006,2025-11-26,Eletrônicos,435.28,1,Centro-Oeste,Cartão de Débito,435.28
2004,2025-11-26,Casa e Decoração,76.57,1,Nordeste,Pix,76.57
3360,2025-11-26,Beleza,117.77,3,Sudeste,Cartão de Crédito,353.31
3221,2025-11-26,Beleza,163.62,1,Nordeste,Cartão de Crédito,163.62
3197,2025-11-26,Eletrônicos,2806.0,4,Nordeste,Cartão de Débito,11224.0
606,2025-11-27,Moda,238.66,1,Sudeste,Cartão de Crédito,238.66
4647,2025-11-27,Casa e Decoração,66.04,1,Centro-Oeste,Cartão de Débito,66.04
517,2025-11-27,Casa e Decoração,44.15,3,Sudeste,Cartão de Crédito,132.45
4982,2025-11-27,Casa e Decoração,437.55,2,Sul,Cartão de Crédito,875.1
113,2025-11-27,Casa e Decoração,449.46,1,Nordeste,Boleto,449.46
3010,2025-11-27,Livros,49.64,3,Norte,Cartão de Crédito,148.92
3077,2025-11-27,Eletrônicos,436.61,2,Sudeste,Cartão de Crédito,873.22
4663,2025-11-27,Livros,45.41,3,Centro-Oeste,Pix,136.23
1146,2025-11-27,Moda,158.78,4,Sudeste,Cartão de Débito,635.12
2679,2025-11-27,Moda,284.89,1,Sul,Pix,284.89
3304,2025-11-27,Casa e Decoração,287.13,2,Nordeste,Cartão de Crédito,574.26
1227,2025-11-27,Livros,27.43,4,Sul,Cartão de Crédito,109.72
3263,2025-11-27,Esporte e Lazer,79.61,2,Centro-Oeste,Pix,159.22
2600,2025-11-27,Casa e Decoração,794.03,2,Sul,Cartão de Crédito,1588.06
3626,2025-11-27,Esporte e Lazer,280.02,2,Sudeste,Cartão de Crédito,560.04
980,2025-11-27,Beleza,30.6,2,Nordeste,Pix,61.2
4384,2025-11-27,Esporte e Lazer,223.41,2,Nordeste,Cartão de Crédito,446.82
4192,2025-11-27,Moda,139.31,1,Sudeste,Cartão de Crédito,139.31
2331,2025-11-27,Livros,73.17,2,Nordeste,Pix,146.34
4408,2025-11-27,Beleza,55.43,2,Sudeste,Cartão de Crédito,110.86
3322,2025-11-27,Esporte e Lazer,136.66,1,Nordeste,Pix,136.66
3353,2025-11-27,Livros,82.82,3,Nordeste,Cartão de Crédito,248.46
4184,2025-11-27,Moda,240.76,2,Sudeste,Cartão de Crédito,481.52
4434,2025-11-27,Moda,306.37,1,Nordeste,Cartão de Crédito,306.37
2028,2025-11-27,Livros,73.66,1,Nordeste,Cartão de Crédito,73.66
2152,2025-11-27,Livros,36.97,2,Sudeste,Cartão de Crédito,73.94
2786,2025-11-27,Eletrônicos,1204.26,2,Sudeste,Boleto,2408.52
1339,2025-11-27,Beleza,110.1,4,Sudeste,Cartão de Débito,440.4
3785,2025-11-27,Moda,142.77,3,Sul,Pix,428.31
1550,2025-11-27,Livros,66.57,2,Sul,Boleto,133.14
1934,2025-11-27,Livros,35.24,4,Sudeste,Cartão de Crédito,140.96
719,2025-11-27,Beleza,58.19,1,Nordeste,Pix,58.19
1125,2025-11-27,Eletrônicos,1722.67,2,Sul,Pix,3445.34
730,2025-11-27,Casa e Decoração,308.01,1,Sudeste,Cartão de Crédito,308.01
3829,2025-11-27,Casa e Decoração,269.85,2,Nordeste,Cartão de Crédito,539.7
1837,2025-11-27,Moda,126.14,4,Sul,Cartão de Débito,504.56
1907,2025-11-27,Livros,30.1,1,Sul,Cartão de Crédito,30.1
3988,2025-11-27,Moda,372.58,1,Centro-Oeste,Cartão de Crédito,372.58
4532,2025-11-27,Beleza,111.51,4,Nordeste,Cartão de Crédito,446.04
1134,2025-11-27,Livros,72.08,1,Sudeste,Cartão de Crédito,72.08
2609,2025-11-28,Beleza,54.88,3,Sul,Cartão de Crédito,164.64
3700,2025-11-28,Moda,235.47,1,Nordeste,Cartão de Crédito,235.47
885,2025-11-28,Livros,59.3,1,Nordeste,Cartão de Crédito,59.3
2437,2025-11-28,Casa e Decoração,507.51,2,Centro-Oeste,Boleto,1015.02
2610,2025-11-28,Casa e Decoração,178.89,1,Sudeste,Pix,178.89
3237,2025-11-28,Livros,40.54,2,Nordeste,Cartão de Crédito,81.08
1096,2025-11-28,Livros,26.21,1,Sudeste,Cartão de Crédito,26.21
4676,2025-11-28,Livros,40.6,4,Sudeste,Pix,162.4
3877,2025-11-28,Moda,112.97,1,Centro-Oeste,Pix,112.97
475,2025-11-28,Eletrônicos,1820.17,1,Sul,Cartão de Crédito,1820.17
1737,2025-11-28,Esporte e Lazer,35.85,1,Sudeste,Cartão de Débito,35.85
4209,2025-11-28,Moda,248.78,1,Sudeste,Pix,248.78
2623,2025-11-28,Beleza,25.15,2,Sul,Pix,50.3
3744,2025-11-28,Eletrônicos,482.85,2,Nordeste,Pix,965.7
1782,2025-11-28,Beleza,22.24,4,Sudeste,,88.96
577,2025-11-28,Eletrônicos,243.46,3,Nordeste,Pix,730.38
4679,2025-11-28,Beleza,59.05,4,Sudeste,Cartão de Crédito,236.2
189,2025-11-28,Livros,54.6,1,Norte,Cartão de Crédito,54.6
2633,2025-11-28,Casa e Decoração,653.65,1,Sudeste,Cartão de Crédito,653.65
3128,2025-11-28,Esporte e Lazer,455.1,3,Centro-Oeste,Cartão de Crédito,1365.3
3958,2025-11-28,Livros,90.62,1,Nordeste,Cartão de Crédito,90.62
1544,2025-11-28,Livros,79.3,3,Sul,Cartão de Crédito,237.9
3516,2025-11-28,Livros,33.25,2,Norte,Pix,66.5
4607,2025-11-28,Esporte e Lazer,193.89,1,Nordeste,Pix,193.89
2108,2025-11-28,Beleza,49.44,2,Sul,Cartão de Crédito,98.88
4105,2025-11-28,Moda,304.38,4,Sudeste,Cartão de Crédito,1217.52
2762,2025-11-28,Eletrônicos,648.25,2,Sudeste,Cartão de Crédito,1296.5
3114,2025-11-28,Livros,109.95,1,Norte,Cartão de Débito,109.95
790,2025-11-28,Casa e Decoração,558.6,1,Sul,Cartão de Crédito,558.6
4987,2025-11-28,Esporte e Lazer,305.63,4,Sudeste,Cartão de Crédito,1222.52
2076,2025-11-28,Livros,40.41,4,Sul,Pix,161.64
3504,2025-11-28,Livros,52.59,1,Sudeste,Pix,52.59
2070,2025-11-28,Livros,56.53,1,Sul,Pix,56.53
2752,2025-11-28,Moda,237.96,1,Sul,Pix,237.96
3588,2025-11-28,Beleza,45.0,1,Centro-Oeste,Cartão de Crédito,45.0
1368,2025-11-28,Beleza,130.28,2,Sudeste,Cartão de Crédito,260.56
4558,2025-11-28,Eletrônicos,367.02,1,Norte,Pix,367.02
717,2025-11-28,Casa e Decoração,468.82,1,Centro-Oeste,Cartão de Crédito,468.82
4057,2025-11-28,Livros,26.38,2,Sul,Cartão de Crédito,52.76
384,2025-11-28,Esporte e Lazer,244.96,4,Sudeste,Cartão de Débito,979.84
1542,2025-11-28,Livros,45.76,2,Sudeste,Cartão de Crédito,91.52
2289,2025-11-28,Beleza,167.33,1,Sul,Pix,167.33
4955,2025-11-29,Livros,38.27,1,Sul,Cartão de Crédito,38.27
3984,2025-11-29,Moda,120.36,4,Nordeste,Pix,481.44
2706,2025-11-29,Livros,62.36,1,Sudeste,Cartão de Crédito,62.36
3303,2025-11-29,Beleza,70.79,2,Sudeste,Cartão de Crédito,141.58
509,2025-11-29,Esporte e Lazer,61.64,2,Sul,Pix,123.28
3616,2025-11-29,Esporte e Lazer,65.38,2,Nordeste,Pix,130.76
1588,2025-11-29,Moda,264.76,2,Norte,Cartão de Crédito,529.52
2640,2025-11-29,Beleza,54.19,1,Norte,Pix,54.19
1584,2025-11-29,Livros,92.38,2,Nordeste,Cartão de Crédito,184.76
199,2025-11-29,Beleza,106.89,3,Sul,Cartão de Crédito,320.67
4072,2025-11-29,Livros,34.76,1,Sudeste,Cartão de Crédito,34.76
1751,2025-11-29,Casa e Decoração,212.32,4,Nordeste,Cartão de Crédito,849.28
3662,2025-11-29,Livros,44.41,3,Sudeste,Cartão de Crédito,133.23
2850,2025-11-29,Eletrônicos,697.07,1,Sudeste,Pix,697.07
977,2025-11-29,Casa e Decoração,161.17,2,Sudeste,Pix,322.34
1526,2025-11-29,Livros,72.73,2,Sul,Cartão de Crédito,145.46
4466,2025-11-29,Esporte e Lazer,143.61,3,Nordeste,Pix,430.83
4160,2025-11-29,Moda,278.91,1,Sudeste,Cartão de Crédito,278.91
1117,2025-11-29,Beleza,157.16,1,Nordeste,Cartão de Crédito,157.16
1354,2025-11-29,Eletrônicos,1405.16,2,Nordeste,Pix,2810.32
2072,2025-11-29,Esporte e Lazer,266.49,4,Sul,Cartão de Crédito,1065.96
1378,2025-11-29,Eletrônicos,1124.02,1,Nordeste,Pix,1124.02
4439,2025-11-29,Casa e Decoração,412.11,3,Centro-Oeste,Cartão de Crédito,1236.33
4659,2025-11-29,Moda,225.06,3,Sudeste,Cartão de Crédito,675.18
811,2025-11-29,Esporte e Lazer,260.51,1,Sudeste,Pix,260.51
1864,2025-11-29,Moda,110.48,3,Nordeste,Cartão de Débito,331.44
954,2025-11-29,Livros,89.07,2,Nordeste,Cartão de Crédito,178.14
4508,2025-11-29,Livros,28.38,1,Sudeste,Boleto,28.38
2732,2025-11-29,Moda,329.15,2,Sudeste,Cartão de Crédito,658.3
3430,2025-11-29,Livros,68.4,3,Sul,Cartão de Crédito,205.2
1819,2025-11-29,Esporte e Lazer,388.09,3,Centro-Oeste,Pix,1164.27
3117,2025-11-29,Casa e Decoração,493.71,2,Sudeste,Pix,987.42
4496,2025-11-29,Esporte e Lazer,56.77,1,Sudeste,Cartão de Crédito,56.77
151,2025-11-29,Casa e Decoração,241.54,4,Centro-Oeste,Pix,966.16
3086,2025-11-30,Moda,119.61,2,Sudeste,Cartão de Crédito,239.22
497,2025-11-30,Moda,66.89,1,Nordeste,Cartão de Crédito,66.89
3400,2025-11-30,Livros,43.11,2,Nordeste,Cartão de Crédito,86.22
3358,2025-11-30,Livros,44.33,3,Sudeste,Pix,132.99
235,2025-11-30,Eletrônicos,924.53,2,Sul,Pix,1849.06
3137,2025-11-30,Beleza,55.84,4,Centro-Oeste,Cartão de Crédito,223.36
416,2025-11-30,Esporte e Lazer,280.98,2,Sul,Cartão de Crédito,561.96
3276,2025-11-30,Casa e Decoração,539.35,2,Nordeste,Pix,1078.7
1299,2025-11-30,Esporte e Lazer,68.55,1,Nordeste,Pix,68.55
4772,2025-11-30,Casa e Decoração,521.77,1,Sul,Pix,521.77
3415,2025-11-30,Livros,55.18,1,Nordeste,Cartão de Crédito,55.18
2589,2025-11-30,Moda,152.77,1,Sudeste,Cartão de Crédito,152.77
3300,2025-11-30,Eletrônicos,1872.65,2,Sudeste,Boleto,3745.3
3551,2025-11-30,Livros,30.12,1,Sudeste,Cartão de Crédito,30.12
4831,2025-11-30,Moda,365.91,4,Nordeste,Cartão de Crédito,1463.64
1940,2025-11-30,Esporte e Lazer,49.91,1,Sul,Pix,49.91
2737,2025-11-30,Moda,64.74,1,Nordeste,Boleto,64.74
2361,2025-11-30,Beleza,33.36,1,Sudeste,Cartão de Crédito,33.36
2359,2025-11-30,Moda,281.86,1,Sudeste,Cartão de Crédito,281.86
1900,2025-11-30,Esporte e Lazer,27.84,2,Nordeste,Pix,55.68
90,2025-11-30,Casa e Decoração,220.2,4,Norte,Cartão de Crédito,880.8
3233,2025-11-30,Casa e Decoração,232.52,1,Centro-Oeste,Cartão de Crédito,232.52
3013,2025-11-30,Casa e Decoração,130.46,1,Norte,Boleto,130.46
796,2025-11-30,Esporte e Lazer,350.0,1,Sudeste,Pix,350.0
157,2025-11-30,Esporte e Lazer,157.02,4,Sudeste,Cartão de Crédito,628.08
643,2025-11-30,Casa e Decoração,173.72,1,Norte,Pix,173.72
1935,2025-11-30,Eletrônicos,2652.73,2,Sul,Cartão de Crédito,5305.46
665,2025-11-30,Moda,383.34,2,Centro-Oeste,Cartão de Crédito,766.68
3249,2025-11-30,Livros,89.68,3,Sul,Cartão de Crédito,269.04
1059,2025-11-30,Eletrônicos,1616.77,1,Sudeste,Pix,1616.77
677,2025-11-30,Casa e Decoração,144.85,3,Sudeste,Pix,434.55
2798,2025-11-30,Beleza,112.99,1,Nordeste,Cartão de Crédito,112.99
2828,2025-11-30,Livros,32.59,4,Sul,Cartão de Crédito,130.36
1185,2025-12-01,Casa e Decoração,192.46,1,Sul,Cartão de Crédito,192.46
966,2025-12-01,Esporte e Lazer,58.55,1,Sudeste,Cartão de Crédito,58.55
434,2025-12-01,Casa e Decoração,60.34,1,Sudeste,Pix,60.34
2376,2025-12-01,Beleza,173.8,1,Sudeste,Pix,173.8
4810,2025-12-01,Livros,29.12,3,Sudeste,Cartão de Crédito,87.36
1301,2025-12-01,Beleza,114.78,2,Centro-Oeste,Cartão de Crédito,229.56
4536,2025-12-01,Livros,41.33,4,Nordeste,Boleto,165.32
3480,2025-12-01,Eletrônicos,451.38,4,Nordeste,Pix,1805.52
3882,2025-12-01,Eletrônicos,1906.75,1,Sudeste,Pix,1906.75
3805,2025-12-02,Esporte e Lazer,272.21,2,Sudeste,Pix,544.42
2061,2025-12-02,Esporte e Lazer,255.52,3,Nordeste,Boleto,766.56
4085,2025-12-02,Livros,37.07,2,Sul,Cartão de Crédito,74.14
2990,2025-12-02,Moda,263.51,2,Nordeste,Cartão de Crédito,527.02
2751,2025-12-02,Casa e Decoração,280.07,4,Sudeste,Pix,1120.28
4482,2025-12-03,Livros,51.87,2,Centro-Oeste,Cartão de Crédito,103.74
3399,2025-12-03,Esporte e Lazer,213.58,2,Sudeste,Cartão de Crédito,427.16
3948,2025-12-03,Eletrônicos,1494.97,2,Sul,Pix,2989.94
460,2025-12-03,Esporte e Lazer,281.72,4,Centro-Oeste,Cartão de Crédito,1126.88
2377,2025-12-03,Eletrônicos,3362.93,1,Sudeste,Cartão de Crédito,3362.93
3756,2025-12-03,Moda,150.71,2,Sudeste,Pix,301.42
1214,2025-12-04,Eletrônicos,556.91,4,Norte,Cartão de Crédito,2227.64
4691,2025-12-04,Livros,30.2,1,Sudeste,Cartão de Crédito,30.2
1050,2025-12-04,Esporte e Lazer,137.51,3,Sudeste,Boleto,412.53
3473,2025-12-04,Esporte e Lazer,380.62,4,Nordeste,Cartão de Crédito,1522.48
927,2025-12-04,Moda,65.29,1,Sul,Pix,65.29
4788,2025-12-04,Casa e Decoração,83.32,1,Sudeste,Cartão de Crédito,83.32
1638,2025-12-04,Beleza,114.28,2,Norte,Cartão de Crédito,228.56
4640,2025-12-04,Moda,264.95,1,Sudeste,Cartão de Crédito,264.95
4029,2025-12-04,Livros,82.2,1,Norte,Cartão de Crédito,82.2
1171,2025-12-04,Livros,49.15,1,Sudeste,Cartão de Crédito,49.15
1232,2025-12-04,Moda,219.11,1,Sudeste,Pix,219.11
949,2025-12-05,Casa e Decoração,505.75,1,Sul,Cartão de Débito,505.75
489,2025-12-05,Moda,134.66,4,Sudeste,Cartão de Crédito,538.64
1569,2025-12-05,Eletrônicos,1270.46,1,Sul,Pix,1270.46
4205,2025-12-06,Moda,49.71,2,Sudeste,Cartão de Crédito,99.42
1009,2025-12-07,Moda,128.37,3,Nordeste,Cartão de Crédito,385.11
496,2025-12-07,Esporte e Lazer,103.34,1,Sudeste,Cartão de Crédito,103.34
226,2025-12-07,Esporte e Lazer,127.04,3,Centro-Oeste,Cartão de Crédito,381.12
4877,2025-12-08,Beleza,76.05,2,Sul,Cartão de Crédito,152.1
100,2025-12-08,Beleza,51.68,2,Sul,Pix,103.36
2605,2025-12-08,Moda,275.3,2,Sul,Pix,550.6
3064,2025-12-08,Esporte e Lazer,66.12,1,Nordeste,Cartão de Crédito,66.12
4230,2025-12-08,Casa e Decoração,362.33,1,Norte,Pix,362.33
1633,2025-12-09,Beleza,27.24,2,Sudeste,Pix,54.48
3380,2025-12-09,Eletrônicos,506.7,4,Nordeste,Cartão de Crédito,2026.8
4685,2025-12-09,Livros,31.81,2,Sudeste,Cartão de Crédito,63.62
2053,2025-12-09,Beleza,109.16,2,Norte,Cartão de Débito,218.32
341,2025-12-10,Esporte e Lazer,120.13,4,Centro-Oeste,Cartão de Crédito,480.52
1495,2025-12-10,Livros,71.52,2,Centro-Oeste,Cartão de Crédito,143.04
2251,2025-12-10,Esporte e Lazer,44.98,4,Sul,Cartão de Crédito,179.92
1594,2025-12-10,Beleza,194.51,2,Nordeste,Pix,389.02
3907,2025-12-10,Moda,111.03,2,Sudeste,Pix,222.06
2406,2025-12-10,Casa e Decoração,126.75,4,Sul,Pix,507.0
3799,2025-12-10,Casa e Decoração,490.25,2,Sudeste,Cartão de Crédito,980.5
1704,2025-12-10,Moda,342.12,2,Sul,Boleto,684.24
1766,2025-12-11,Eletrônicos,953.44,1,Nordeste,Cartão de Crédito,953.44
2674,2025-12-11,Moda,53.01,2,Sudeste,Cartão de Crédito,106.02
2368,2025-12-11,Livros,50.28,1,Norte,Boleto,50.28
267,2025-12-11,Moda,265.02,4,Sudeste,Cartão de Crédito,1060.08
2179,2025-12-12,Moda,309.81,4,Sudeste,Cartão de Crédito,1239.24
1345,2025-12-12,Beleza,75.59,2,Centro-Oeste,Pix,151.18
1024,2025-12-13,Moda,219.8,4,Nordeste,Cartão de Crédito,879.2
3157,2025-12-13,Esporte e Lazer,171.69,2,Sudeste,Pix,343.38
673,2025-12-13,Moda,272.82,2,Sudeste,,545.64
2297,2025-12-13,Esporte e Lazer,58.55,1,Sudeste,Cartão de Crédito,58.55
3045,2025-12-14,Esporte e Lazer,29.4,1,Nordeste,Pix,29.4
563,2025-12-14,Eletrônicos,1184.02,1,Sudeste,Cartão de Crédito,1184.02
352,2025-12-14,Casa e Decoração,217.17,4,Sudeste,Cartão de Crédito,868.68
4165,2025-12-14,Beleza,69.81,1,Nordeste,Cartão de Crédito,69.81
3944,2025-12-14,Casa e Decoração,530.88,1,Centro-Oeste,Pix,530.88
3852,2025-12-14,Eletrônicos,2282.82,1,Sudeste,Cartão de Crédito,2282.82
4925,2025-12-15,Esporte e Lazer,176.64,4,Norte,Pix,706.56
2374,2025-12-15,Casa e Decoração,286.32,1,Sudeste,Pix,286.32
4348,2025-12-15,Beleza,61.11,2,Norte,Cartão de Crédito,122.22
516,2025-12-15,Beleza,18.29,2,Nordeste,Pix,36.58
2942,2025-12-16,Livros,27.96,1,Sudeste,Cartão de Crédito,27.96
2989,2025-12-16,Eletrônicos,2388.58,4,Centro-Oeste,Cartão de Crédito,9554.32
4078,2025-12-16,Livros,25.88,2,Sudeste,Cartão de Crédito,51.76
1741,2025-12-17,Livros,28.55,3,Sul,Pix,85.65
1422,2025-12-17,Moda,111.78,1,Norte,Boleto,111.78
4529,2025-12-17,Casa e Decoração,412.43,3,Norte,Cartão de Crédito,1237.29
666,2025-12-17,Beleza,47.73,1,Centro-Oeste,Cartão de Crédito,47.73
2312,2025-12-17,Esporte e Lazer,159.24,2,Norte,Pix,318.48
1826,2025-12-17,Moda,258.14,3,Nordeste,Cartão de Crédito,774.42
3434,2025-12-17,Beleza,61.7,2,Sudeste,Cartão de Crédito,123.4
200,2025-12-17,Beleza,20.19,1,Nordeste,Cartão de Crédito,20.19
3643,2025-12-17,Moda,58.41,4,Sudeste,Boleto,233.64
630,2025-12-17,Moda,77.48,4,Nordeste,Cartão de Crédito,309.92
1060,2025-12-18,Esporte e Lazer,139.89,1,Sudeste,Pix,139.89
4055,2025-12-18,Livros,94.57,2,Centro-Oeste,Cartão de Crédito,189.14
3995,2025-12-18,Livros,36.64,3,Nordeste,Cartão de Crédito,109.92
356,2025-12-18,Livros,24.48,4,Sul,Pix,97.92
3090,2025-12-18,Beleza,34.56,1,Nordeste,Cartão de Crédito,34.56
4697,2025-12-18,Beleza,138.87,4,Sudeste,Pix,555.48
1890,2025-12-18,Casa e Decoração,219.63,4,Sudeste,Cartão de Crédito,878.52
881,2025-12-18,Esporte e Lazer,62.17,3,Nordeste,Pix,186.51
2606,2025-12-18,Livros,53.13,1,Sudeste,Cartão de Débito,53.13
2415,2025-12-18,Moda,100.69,2,Sudeste,Cartão de Crédito,201.38
4453,2025-12-18,Livros,46.96,1,Sudeste,Pix,46.96
1610,2025-12-18,Livros,52.83,4,Sul,Boleto,211.32
2881,2025-12-18,Beleza,80.11,2,Centro-Oeste,Pix,160.22
1086,2025-12-18,Livros,75.91,2,Nordeste,Cartão de Débito,151.82
544,2025-12-18,Moda,88.41,2,Sudeste,Cartão de Crédito,176.82
4651,2025-12-18,Esporte e Lazer,95.91,2,Sudeste,Cartão de Crédito,191.82
3350,2025-12-18,Casa e Decoração,73.93,3,Nordeste,Pix,221.79
1562,2025-12-19,Casa e Decoração,34.45,3,Nordeste,,103.35
2208,2025-12-19,Eletrônicos,2979.64,2,Nordeste,Cartão de Crédito,5959.28
3611,2025-12-19,Beleza,120.46,1,Sudeste,Boleto,120.46
3795,2025-12-19,Casa e Decoração,255.46,1,Sudeste,Cartão de Crédito,255.46
3047,2025-12-19,Beleza,123.56,2,Norte,Cartão de Crédito,247.12
4981,2025-12-19,Livros,37.75,2,Sudeste,Boleto,75.5
2918,2025-12-19,Eletrônicos,1918.76,1,Sul,Cartão de Crédito,1918.76
2395,2025-12-19,Eletrônicos,1511.33,3,Sudeste,Cartão de Crédito,4533.99
2060,2025-12-19,Livros,32.56,1,Sudeste,Cartão de Crédito,32.56
3424,2025-12-19,Casa e Decoração,118.94,3,Sul,Cartão de Crédito,356.82
4569,2025-12-19,Moda,271.4,2,Nordeste,Cartão de Débito,542.8
2660,2025-12-19,Esporte e Lazer,229.89,2,Norte,Cartão de Crédito,459.78
2726,2025-12-19,Eletrônicos,187.25,3,Sudeste,Cartão de Débito,561.75
571,2025-12-19,Beleza,143.32,2,Sul,Cartão de Crédito,286.64
4124,2025-12-19,Esporte e Lazer,372.97,1,Sudeste,Cartão de Crédito,372.97
4392,2025-12-19,Casa e Decoração,149.98,2,Nordeste,Pix,299.96
4654,2025-12-19,Moda,309.04,3,Sudeste,Cartão de Crédito,927.12
1035,2025-12-19,Casa e Decoração,171.98,1,Sul,Cartão de Crédito,171.98
590,2025-12-19,Beleza,171.67,1,Sudeste,Cartão de Crédito,171.67
2789,2025-12-19,Eletrônicos,437.33,2,Nordeste,Cartão de Crédito,874.66
2894,2025-12-19,Eletrônicos,1559.8,2,Sudeste,Cartão de Crédito,3119.6
767,2025-12-19,Moda,58.81,1,Sudeste,Cartão de Crédito,58.81
4557,2025-12-19,Livros,35.18,1,Sul,Pix,35.18
3172,2025-12-19,Moda,121.43,1,Norte,Cartão de Crédito,121.43
4418,2025-12-19,Livros,59.95,2,Sudeste,Cartão de Crédito,119.9
1152,2025-12-19,Beleza,241.6,3,Norte,Pix,724.8
4813,2025-12-19,Livros,65.89,2,Sudeste,Cartão de Crédito,131.78
380,2025-12-19,Beleza,125.9,1,Sudeste,Cartão de Débito,125.9
4252,2025-12-19,Beleza,114.85,4,Sudeste,Cartão de Crédito,459.4
4446,2025-12-19,Beleza,106.89,1,Sudeste,Pix,106.89
4468,2025-12-19,Esporte e Lazer,158.17,4,Nordeste,Cartão de Crédito,632.68
345,2025-12-19,Beleza,33.01,2,Sudeste,Pix,66.02
1037,2025-12-19,Livros,22.62,1,Nordeste,Pix,22.62
4687,2025-12-19,Esporte e Lazer,400.15,1,Sudeste,Pix,400.15
1898,2025-12-20,Beleza,50.17,2,Sudeste,Cartão de Crédito,100.34
2696,2025-12-20,Eletrônicos,1224.66,2,Nordeste,Pix,2449.32
1290,2025-12-20,Esporte e Lazer,467.07,1,Nordeste,Cartão de Crédito,467.07
1903,2025-12-20,Esporte e Lazer,46.85,3,Sudeste,Cartão de Crédito,140.55
458,2025-12-20,Moda,265.81,2,Sudeste,Pix,531.62
1047,2025-12-20,Eletrônicos,886.15,4,Sudeste,Pix,3544.6
2824,2025-12-20,Livros,58.14,1,Sudeste,Pix,58.14
2775,2025-12-20,Moda,48.22,4,Nordeste,Cartão de Crédito,192.88
2876,2025-12-20,Casa e Decoração,393.04,4,Nordeste,Cartão de Crédito,1572.16
2404,2025-12-20,Eletrônicos,841.14,2,Sudeste,Pix,1682.28
3214,2025-12-20,Casa e Decoração,182.1,2,Sudeste,Pix,364.2
505,2025-12-20,Casa e Decoração,552.86,4,Sudeste,Pix,2211.44
4239,2025-12-20,Beleza,40.62,2,Sul,Pix,81.24
3442,2025-12-20,Beleza,40.89,2,Nordeste,Pix,81.78
185,2025-12-20,Beleza,188.61,2,Sul,Pix,377.22
537,2025-12-20,Casa e Decoração,381.84,1,Nordeste,Cartão de Crédito,381.84
4461,2025-12-20,Beleza,161.32,2,Norte,Pix,322.64
4273,2025-12-20,Eletrônicos,397.17,4,Nordeste,Pix,1588.68
1165,2025-12-20,Moda,168.75,1,Sudeste,Cartão de Crédito,168.75
3526,2025-12-20,Beleza,82.12,3,Sul,Cartão de Crédito,246.36
3182,2025-12-20,Casa e Decoração,654.33,1,Sul,Pix,654.33
1017,2025-12-20,Moda,67.82,2,Norte,Cartão de Débito,135.64
3921,2025-12-20,Casa e Decoração,178.55,2,Sul,Cartão de Crédito,357.1
2346,2025-12-20,Eletrônicos,260.56,1,Sul,Cartão de Crédito,260.56
4473,2025-12-20,Eletrônicos,258.49,4,Nordeste,Pix,1033.96
2022,2025-12-20,Beleza,125.14,3,Sul,Cartão de Crédito,375.42
615,2025-12-20,Eletrônicos,207.44,4,Nordeste,Cartão de Crédito,829.76
4816,2025-12-20,Casa e Decoração,75.69,1,Sudeste,Pix,75.69
2807,2025-12-20,Casa e Decoração,792.89,2,Sul,Pix,1585.78
4583,2025-12-20,Moda,166.7,1,Sudeste,Cartão de Crédito,166.7
3026,2025-12-20,Beleza,145.38,1,Sudeste,Pix,145.38
4075,2025-12-20,Beleza,37.79,4,Nordeste,Cartão de Crédito,151.16
4088,2025-12-20,Moda,208.05,2,Sudeste,Cartão de Crédito,416.1
2243,2025-12-20,Esporte e Lazer,148.72,3,Sul,Cartão de Débito,446.16
2853,2025-12-20,Esporte e Lazer,120.95,2,Sul,Cartão de Crédito,241.9
1980,2025-12-20,Eletrônicos,2117.8,2,Sudeste,Cartão de Crédito,4235.6
3227,2025-12-20,Beleza,43.51,1,Sudeste,Boleto,43.51
276,2025-12-20,Beleza,94.83,2,Sudeste,Boleto,189.66
3335,2025-12-20,Eletrônicos,488.3,2,Nordeste,Pix,976.6
680,2025-12-20,Eletrônicos,304.09,1,Nordeste,Cartão de Crédito,304.09
2835,2025-12-20,Livros,37.82,3,Sudeste,Cartão de Crédito,113.46
4913,2025-12-20,Livros,80.53,4,Sudeste,Cartão de Crédito,322.12
3199,2025-12-20,Eletrônicos,467.6,3,Sudeste,Cartão de Débito,1402.8
35,2025-12-20,Casa e Decoração,198.1,3,Norte,Pix,594.3
987,2025-12-20,Beleza,229.23,1,Sul,Cartão de Crédito,229.23
291,2025-12-20,Esporte e Lazer,188.58,4,Sul,Cartão de Crédito,754.32
2930,2025-12-20,Esporte e Lazer,398.19,4,Sul,Cartão de Crédito,1592.76
3708,2025-12-21,Eletrônicos,1154.71,2,Nordeste,Pix,2309.42
4375,2025-12-21,Esporte e Lazer,399.03,1,Sudeste,Cartão de Crédito,399.03
1000,2025-12-21,Beleza,139.88,3,Sudeste,Cartão de Débito,419.64
1827,2025-12-21,Casa e Decoração,696.08,1,Nordeste,Cartão de Crédito,696.08
1159,2025-12-21,Beleza,169.41,4,Sudeste,Pix,677.64
985,2025-12-21,Livros,89.07,1,Sul,Pix,89.07
4332,2025-12-21,Moda,66.22,1,Sudeste,Cartão de Crédito,66.22
2084,2025-12-21,Esporte e Lazer,383.51,1,Centro-Oeste,Cartão de Crédito,383.51
4462,2025-12-21,Esporte e Lazer,26.16,1,Sudeste,Cartão de Crédito,26.16
2965,2025-12-21,Casa e Decoração,105.12,1,Sudeste,Pix,105.12
4047,2025-12-21,Beleza,68.54,2,Nordeste,Cartão de Crédito,137.08
3983,2025-12-21,Moda,139.38,3,Sul,Pix,418.14
1572,2025-12-21,Moda,308.56,3,Sudeste,Cartão de Crédito,925.68
4074,2025-12-21,Esporte e Lazer,259.3,1,Nordeste,Cartão de Crédito,259.3
2209,2025-12-21,Casa e Decoração,117.48,1,Nordeste,,117.48
4783,2025-12-21,Eletrônicos,1263.02,2,Nordeste,Boleto,2526.04
2598,2025-12-21,Beleza,34.14,3,Sudeste,Cartão de Crédito,102.42
1323,2025-12-21,Beleza,61.62,2,Sudeste,Cartão de Crédito,123.24
244,2025-12-21,Beleza,23.55,3,Norte,Pix,70.65
2785,2025-12-21,Eletrônicos,942.01,1,Norte,Cartão de Crédito,942.01
772,2025-12-21,Beleza,75.76,1,Sudeste,Cartão de Crédito,75.76
4741,2025-12-21,Moda,168.35,2,Sudeste,Boleto,336.7
1646,2025-12-21,Livros,87.45,1,Nordeste,Pix,87.45
3850,2025-12-21,Eletrônicos,498.68,1,Nordeste,Cartão de Crédito,498.68
4247,2025-12-21,Esporte e Lazer,383.41,1,Nordeste,Cartão de Crédito,383.41
2673,2025-12-22,Moda,80.45,2,Sudeste,Cartão de Crédito,160.9
1959,2025-12-22,Livros,31.68,2,Nordeste,Boleto,63.36
283,2025-12-22,Livros,82.63,1,Sudeste,Cartão de Débito,82.63
3932,2025-12-22,Esporte e Lazer,31.75,2,Nordeste,Pix,63.5
1951,2025-12-22,Beleza,152.62,1,Norte,Cartão de Crédito,152.62
1076,2025-12-22,Livros,91.25,3,Nordeste,Cartão de Crédito,273.75
3590,2025-12-22,Eletrônicos,580.91,1,Centro-Oeste,Cartão de Crédito,580.91
1016,2025-12-22,Beleza,104.77,4,Norte,Pix,419.08
4350,2025-12-22,Casa e Decoração,348.64,3,Sudeste,Boleto,1045.92
1979,2025-12-22,Livros,46.95,1,Sudeste,Pix,46.95
1808,2025-12-22,Casa e Decoração,509.62,1,Sudeste,Pix,509.62
2468,2025-12-22,Beleza,79.69,1,Sudeste,Cartão de Crédito,79.69
1296,2025-12-22,Livros,62.07,1,Sudeste,Pix,62.07
1964,2025-12-22,Eletrônicos,743.0,1,Nordeste,Boleto,743.0
1292,2025-12-22,Casa e Decoração,153.84,4,Sudeste,Cartão de Crédito,615.36
374,2025-12-22,Esporte e Lazer,320.48,3,Centro-Oeste,Cartão de Crédito,961.44
4321,2025-12-22,Esporte e Lazer,87.75,4,Sudeste,Cartão de Crédito,351.0
1551,2025-12-22,Beleza,23.49,3,Sudeste,Cartão de Débito,70.47
2907,2025-12-22,Esporte e Lazer,33.18,2,Nordeste,Cartão de Crédito,66.36
4255,2025-12-22,Esporte e Lazer,149.89,1,Sul,Pix,149.89
243,2025-12-22,Livros,54.75,4,Sul,Pix,219.0
440,2025-12-22,Beleza,138.91,2,Sudeste,Pix,277.82
4060,2025-12-22,Moda,76.04,2,Centro-Oeste,Cartão de Crédito,152.08
3843,2025-12-22,Moda,147.54,2,Sudeste,Cartão de Crédito,295.08
4798,2025-12-22,Casa e Decoração,473.87,2,Sudeste,Cartão de Crédito,947.74
19,2025-12-22,Eletrônicos,325.78,4,Sul,Cartão de Crédito,1303.12
4201,2025-12-22,Moda,149.94,2,Norte,Cartão de Crédito,299.88
2558,2025-12-23,Beleza,147.43,2,Sul,Pix,294.86
3231,2025-12-23,Beleza,71.52,2,Centro-Oeste,Pix,143.04
1807,2025-12-23,Livros,37.49,1,Sul,Cartão de Crédito,37.49
361,2025-12-23,Moda,338.51,2,Centro-Oeste,Pix,677.02
800,2025-12-23,Casa e Decoração,388.24,2,Nordeste,Pix,776.48
1948,2025-12-23,Esporte e Lazer,29.55,3,Nordeste,Cartão de Crédito,88.65
261,2025-12-23,Moda,121.65,3,Norte,Cartão de Crédito,364.95
4989,2025-12-23,Beleza,103.61,2,Sul,Cartão de Crédito,207.22
4339,2025-12-23,Moda,179.03,4,Centro-Oeste,Cartão de Débito,716.12
2389,2025-12-23,Eletrônicos,1090.55,1,Sul,Boleto,1090.55
177,2025-12-23,Casa e Decoração,273.07,1,Nordeste,Pix,273.07
4224,2025-12-23,Eletrônicos,1790.17,1,Sudeste,Cartão de Crédito,1790.17
1115,2025-12-24,Casa e Decoração,205.15,2,Sudeste,Cartão de Débito,410.3
864,2025-12-24,Esporte e Lazer,185.33,2,Sul,Cartão de Crédito,370.66
1472,2025-12-24,Moda,205.56,1,Sul,Cartão de Crédito,205.56
618,2025-12-24,Beleza,223.38,3,Nordeste,Cartão de Crédito,670.14
3154,2025-12-24,Esporte e Lazer,40.45,2,Sul,Cartão de Crédito,80.9
2320,2025-12-25,Beleza,189.99,4,Sul,Cartão de Crédito,759.96
1516,2025-12-25,Esporte e Lazer,121.75,2,Centro-Oeste,Cartão de Crédito,243.5
166,2025-12-25,Livros,72.29,1,Norte,Cartão de Crédito,72.29
4203,2025-12-25,Moda,144.04,1,Nordeste,Pix,144.04
2455,2025-12-25,Esporte e Lazer,104.28,3,Sul,Cartão de Crédito,312.84
3282,2025-12-25,Eletrônicos,1918.38,1,Sudeste,Pix,1918.38
3445,2025-12-25,Beleza,67.18,1,Sudeste,Pix,67.18
342,2025-12-25,Eletrônicos,2313.25,2,Nordeste,Cartão de Crédito,4626.5
4597,2025-12-26,Moda,136.11,3,Norte,Pix,408.33
1388,2025-12-26,Esporte e Lazer,159.01,3,Nordeste,Cartão de Crédito,477.03
2056,2025-12-26,Eletrônicos,2631.69,1,Sudeste,Cartão de Crédito,2631.69
3236,2025-12-26,Esporte e Lazer,92.19,1,Sudeste,Cartão de Crédito,92.19
953,2025-12-26,Moda,47.38,4,Centro-Oeste,Cartão de Crédito,189.52
382,2025-12-26,Moda,108.05,3,Sudeste,Boleto,324.15
4130,2025-12-26,Esporte e Lazer,32.6,1,Sudeste,Cartão de Crédito,32.6
1355,2025-12-26,Moda,285.59,3,Nordeste,Pix,856.77
272,2025-12-26,Moda,168.0,1,Nordeste,Cartão de Crédito,168.0
2337,2025-12-26,Casa e Decoração,144.06,2,Sul,Cartão de Crédito,288.12
3987,2025-12-27,Esporte e Lazer,33.74,3,Nordeste,Boleto,101.22
4097,2025-12-27,Eletrônicos,1454.78,2,Centro-Oeste,Cartão de Crédito,2909.56
2480,2025-12-27,Eletrônicos,2806.23,1,Sudeste,Cartão de Crédito,2806.23
259,2025-12-27,Eletrônicos,1390.92,3,Sudeste,Pix,4172.76
4198,2025-12-27,Eletrônicos,1308.45,2,Norte,Cartão de Crédito,2616.9
664,2025-12-27,Moda,274.39,1,Sudeste,Cartão de Débito,274.39
482,2025-12-27,Beleza,77.29,3,Centro-Oeste,Cartão de Crédito,231.87
2426,2025-12-27,Livros,48.3,1,Sudeste,Cartão de Crédito,48.3
233,2025-12-27,Eletrônicos,928.46,2,Nordeste,Pix,1856.92
340,2025-12-27,Casa e Decoração,194.83,2,Nordeste,Pix,389.66
531,2025-12-27,Esporte e Lazer,302.14,2,Sudeste,Cartão de Crédito,604.28
4879,2025-12-28,Moda,306.52,2,Sudeste,Pix,613.04
1905,2025-12-28,Eletrônicos,386.59,4,Nordeste,Cartão de Crédito,1546.36
4342,2025-12-28,Casa e Decoração,85.47,1,Sudeste,Boleto,85.47
1034,2025-12-28,Beleza,136.94,2,Sudeste,Boleto,273.88
3712,2025-12-28,Esporte e Lazer,151.97,2,Sudeste,Cartão de Crédito,303.94
3607,2025-12-29,Beleza,157.59,3,Centro-Oeste,Cartão de Crédito,472.77
4194,2025-12-29,Moda,141.79,3,Sudeste,Cartão de Crédito,425.37
2772,2025-12-29,Livros,57.58,1,Sul,Pix,57.58
1048,2025-12-29,Eletrônicos,2714.16,2,Nordeste,Cartão de Débito,5428.32
278,2025-12-29,Casa e Decoração,753.64,1,Nordeste,Cartão de Crédito,753.64
4887,2025-12-30,Beleza,30.73,1,Sudeste,Cartão de Crédito,30.73
192,2025-12-30,Eletrônicos,1110.3,3,Nordeste,Cartão de Crédito,3330.9
2621,2025-12-30,Moda,278.52,2,Nordeste,Cartão de Crédito,557.04
4475,2025-12-30,Moda,213.73,3,Sudeste,Cartão de Crédito,641.19
3816,2025-12-30,Beleza,34.26,1,Centro-Oeste,Pix,34.26
